customerID,gender,SeniorCitizen,Partner,Dependents,tenure,PhoneService,MultipleLines,InternetService,OnlineSecurity,OnlineBackup,DeviceProtection,TechSupport,StreamingTV,StreamingMovies,Contract,PaperlessBilling,PaymentMethod,MonthlyCharges,TotalCharges,Churn
TC-00001,Male,0,Yes,No,42,Yes,No,DSL,Yes,No,Yes,Yes,Yes,Yes,Month-to-month,Yes,Electronic check,111.82,4703.45,No
TC-00002,Female,1,Yes,Yes,68,Yes,Yes,DSL,Yes,No,Yes,Yes,Yes,Yes,Month-to-month,Yes,Mailed check,19.75,1288.43,No
TC-00003,Male,0,No,Yes,62,Yes,No,DSL,No,Yes,Yes,No,No,Yes,Month-to-month,Yes,Credit card (automatic),80.89,5003.71,No
TC-00004,Male,0,Yes,No,69,Yes,No,Fiber optic,No,Yes,Yes,Yes,No,No,Two year,Yes,Mailed check,44.77,3143.36,No
TC-00005,Male,0,Yes,No,64,Yes,Yes,DSL,No,Yes,No,No,Yes,No,Month-to-month,Yes,Credit card (automatic),98.9,6317.93,No
TC-00006,Female,1,Yes,No,66,Yes,Yes,No,No internet service,No internet service,No internet service,No internet service,No internet service,No internet service,Two year,Yes,Electronic check,99.9,6561.19,No
TC-00007,Male,0,Yes,No,53,Yes,No,No,No internet service,No internet service,No internet service,No internet service,No internet service,No internet service,Two year,Yes,Credit card (automatic),22.78,1274.45,Yes
TC-00008,Male,0,No,No,35,No,No phone service,Fiber optic,No,No,Yes,Yes,Yes,No,Month-to-month,No,Electronic check,77.56,2724.49,Yes
TC-00009,Male,0,No,No,70,No,No phone service,No,No internet service,No internet service,No internet service,No internet service,No internet service,No internet service,Month-to-month,Yes,Electronic check,103.09,7191.14,No
TC-00010,Female,0,No,No,14,No,No phone service,DSL,No,No,No,No,No,No,Month-to-month,No,Electronic check,76.74,1031.08,Yes
TC-00011,Male,0,No,No,17,Yes,No,No,No internet service,No internet service,No internet service,No internet service,No internet service,No internet service,Month-to-month,No,Electronic check,60.55,971.91,No
TC-00012,Male,0,No,No,3,Yes,No,No,No internet service,No internet service,No internet service,No internet service,No internet service,No internet service,One year,No,Mailed check,25.68,98.38,Yes
TC-00013,Male,0,No,No,10,Yes,Yes,DSL,Yes,Yes,Yes,No,No,No,Month-to-month,No,Mailed check,91.03,948.65,No
TC-00014,Male,0,No,No,5,Yes,No,No,No internet service,No internet service,No internet service,No internet service,No internet service,No internet service,Month-to-month,No,Electronic check,25.46,127.31,No
TC-00015,Female,0,Yes,No,50,Yes,Yes,DSL,No,No,No,No,No,Yes,Two year,No,Mailed check,77.79,3879.58,No
TC-00016,Male,0,No,No,57,Yes,Yes,DSL,Yes,Yes,No,Yes,Yes,No,One year,Yes,Mailed check,109.76,6285.73,No
TC-00017,Female,0,No,Yes,59,Yes,Yes,Fiber optic,No,Yes,Yes,Yes,No,Yes,Month-to-month,Yes,Credit card (automatic),59.91,3463.79,No
TC-00018,Female,0,No,No,17,Yes,Yes,No,No internet service,No internet service,No internet service,No internet service,No internet service,No internet service,Two year,Yes,Bank transfer (automatic),95.02,1619.13,No
TC-00019,Female,1,No,No,66,Yes,Yes,Fiber optic,Yes,No,Yes,No,No,No,Month-to-month,No,Electronic check,97.98,6467.54,Yes
TC-00020,Male,0,Yes,Yes,16,Yes,No,Fiber optic,No,Yes,No,No,Yes,No,One year,Yes,Electronic check,19.03,325.21,No
TC-00021,Female,1,No,No,33,Yes,Yes,DSL,Yes,Yes,Yes,No,Yes,No,Month-to-month,No,Credit card (automatic),109.49,3637.12,No
TC-00022,Male,0,No,Yes,29,Yes,No,DSL,Yes,No,No,Yes,Yes,Yes,One year,Yes,Mailed check,36.88,1049.12,No
TC-00023,Female,0,Yes,No,18,No,No phone service,No,No internet service,No internet service,No internet service,No internet service,No internet service,No internet service,One year,No,Credit card (automatic),46.27,925.58,No
TC-00024,Female,1,No,Yes,8,Yes,Yes,Fiber optic,No,Yes,Yes,Yes,Yes,Yes,Month-to-month,No,Mailed check,105.08,786.41,Yes
TC-00025,Female,0,No,No,39,Yes,No,DSL,Yes,No,Yes,Yes,Yes,Yes,One year,No,Credit card (automatic),86.66,3355.91,No
TC-00026,Female,0,No,No,43,Yes,No,DSL,No,Yes,No,Yes,Yes,No,Month-to-month,No,Mailed check,55.19,2416.07,No
TC-00027,Female,0,No,Yes,58,Yes,No,DSL,No,No,Yes,No,Yes,No,One year,No,Mailed check,26.79,1522.07,No
TC-00028,Female,0,No,No,24,Yes,No,Fiber optic,Yes,No,No,Yes,No,Yes,Month-to-month,Yes,Credit card (automatic),56.62,1364.45,Yes
TC-00029,Female,0,No,Yes,70,Yes,Yes,Fiber optic,Yes,Yes,No,Yes,Yes,No,Two year,No,Electronic check,114.63,7997.48,No
TC-00030,Female,0,No,No,52,Yes,Yes,Fiber optic,No,No,Yes,No,Yes,Yes,Month-to-month,No,Credit card (automatic),28.46,1460.36,Yes
TC-00031,Male,0,Yes,No,47,Yes,No,DSL,No,Yes,Yes,No,No,No,Month-to-month,Yes,Mailed check,102.61,4757.95,No
TC-00032,Male,0,Yes,Yes,70,Yes,No,DSL,Yes,Yes,No,No,No,No,Two year,Yes,Mailed check,50.53,3575.14,No
TC-00033,Female,0,No,No,52,Yes,No,DSL,Yes,Yes,No,No,Yes,No,Month-to-month,No,Electronic check,83.46,4379.07,No
TC-00034,Female,0,Yes,Yes,48,Yes,No,No,No internet service,No internet service,No internet service,No internet service,No internet service,No internet service,Two year,No,Mailed check,81.15,3934.18,No
TC-00035,Female,0,No,No,42,No,No phone service,Fiber optic,Yes,Yes,No,Yes,No,No,Two year,No,Credit card (automatic),50.56,2102.06,No
TC-00036,Male,0,Yes,No,18,Yes,No,DSL,Yes,No,Yes,No,No,No,Month-to-month,Yes,Bank transfer (automatic),23.43,438.35,No
TC-00037,Female,1,No,No,65,Yes,No,DSL,No,No,Yes,Yes,Yes,No,Month-to-month,No,Electronic check,32.88,2236.96,No
TC-00038,Male,0,Yes,No,33,Yes,No,Fiber optic,No,Yes,No,No,Yes,No,Two year,Yes,Credit card (automatic),74.58,2475.65,No
TC-00039,Male,1,No,No,53,Yes,Yes,Fiber optic,No,No,No,Yes,Yes,Yes,Two year,Yes,Mailed check,112.89,5925.36,Yes
TC-00040,Male,0,Yes,No,0,Yes,Yes,DSL,Yes,Yes,No,No,Yes,No,Month-to-month,Yes,Mailed check,110.58,110.58,No
TC-00041,Male,0,Yes,No,54,Yes,No,Fiber optic,Yes,Yes,Yes,No,No,Yes,One year,Yes,Electronic check,29.35,1539.84,No
TC-00042,Male,0,No,Yes,14,No,No phone service,Fiber optic,Yes,Yes,No,Yes,No,Yes,Two year,No,Credit card (automatic),105.52,1543.32,Yes
TC-00043,Female,0,No,No,14,Yes,No,Fiber optic,Yes,Yes,Yes,Yes,No,Yes,Month-to-month,Yes,Mailed check,41.38,599.04,No
TC-00044,Female,0,Yes,Yes,22,Yes,Yes,No,No internet service,No internet service,No internet service,No internet service,No internet service,No internet service,One year,Yes,Credit card (automatic),108.99,2319.08,No
TC-00045,Female,0,Yes,Yes,65,Yes,No,DSL,No,Yes,Yes,Yes,Yes,No,One year,Yes,Credit card (automatic),93.85,6165.4,No
TC-00046,Female,0,No,No,45,No,No phone service,No,No internet service,No internet service,No internet service,No internet service,No internet service,No internet service,One year,No,Bank transfer (automatic),114.13,5164.18,No
TC-00047,Female,1,Yes,No,8,Yes,No,Fiber optic,No,Yes,No,Yes,No,No,Month-to-month,No,Credit card (automatic),62.17,506.08,Yes
TC-00048,Male,0,No,No,65,Yes,Yes,DSL,Yes,Yes,No,Yes,Yes,Yes,Month-to-month,Yes,Bank transfer (automatic),91.16,6001.26,No
TC-00049,Female,0,Yes,No,65,Yes,Yes,No,No internet service,No internet service,No internet service,No internet service,No internet service,No internet service,Month-to-month,Yes,Electronic check,91.53,5938.0,Yes
TC-00050,Female,0,Yes,No,17,Yes,No,Fiber optic,Yes,Yes,No,Yes,No,Yes,Month-to-month,No,Bank transfer (automatic),67.62,1217.64,No
TC-00051,Male,0,No,No,16,Yes,Yes,No,No internet service,No internet service,No internet service,No internet service,No internet service,No internet service,Month-to-month,No,Credit card (automatic),115.45,1736.72,Yes
TC-00052,Female,0,No,Yes,71,Yes,Yes,DSL,No,No,No,Yes,No,Yes,Month-to-month,Yes,Electronic check,42.37,2971.62,No
TC-00053,Male,0,No,No,33,Yes,Yes,Fiber optic,Yes,No,No,Yes,No,Yes,Month-to-month,Yes,Bank transfer (automatic),116.62,3888.05,Yes
TC-00054,Female,1,Yes,No,68,Yes,Yes,No,No internet service,No internet service,No internet service,No internet service,No internet service,No internet service,Month-to-month,No,Electronic check,99.21,6830.19,No
TC-00055,Male,0,Yes,No,63,Yes,No,DSL,Yes,Yes,Yes,No,Yes,No,Month-to-month,No,Mailed check,79.61,4954.54,No
TC-00056,Female,0,Yes,No,43,Yes,No,Fiber optic,Yes,No,Yes,No,Yes,Yes,Two year,No,Credit card (automatic),25.56,1078.18,No
TC-00057,Female,0,No,No,28,Yes,No,Fiber optic,No,No,No,No,No,Yes,Two year,Yes,Mailed check,43.94,1238.63,No
TC-00058,Male,0,Yes,No,61,Yes,Yes,Fiber optic,Yes,No,Yes,Yes,No,No,Month-to-month,Yes,Electronic check,102.13,6182.96,No
TC-00059,Male,0,Yes,No,15,Yes,No,No,No internet service,No internet service,No internet service,No internet service,No internet service,No internet service,Month-to-month,No,Bank transfer (automatic),90.82,1349.14,No
TC-00060,Male,0,No,No,51,Yes,Yes,Fiber optic,No,No,No,Yes,Yes,No,Two year,Yes,Electronic check,114.27,5906.89,No
TC-00061,Male,0,Yes,No,1,Yes,Yes,DSL,No,Yes,No,Yes,No,Yes,One year,Yes,Mailed check,57.68,6.11,No
TC-00062,Male,0,Yes,Yes,60,Yes,Yes,Fiber optic,No,Yes,No,No,No,Yes,One year,No,Credit card (automatic),107.45,6434.98,No
TC-00063,Male,0,No,Yes,3,Yes,No,Fiber optic,Yes,No,Yes,No,Yes,No,One year,Yes,Electronic check,104.18,326.19,No
TC-00064,Male,0,No,Yes,51,Yes,No,DSL,Yes,No,No,No,Yes,No,Month-to-month,No,Mailed check,114.61,5868.38,No
TC-00065,Male,0,No,No,40,Yes,Yes,Fiber optic,No,Yes,Yes,No,No,No,Two year,Yes,Electronic check,45.25,1766.76,No
TC-00066,Female,0,No,No,51,Yes,Yes,DSL,No,No,No,Yes,Yes,Yes,Two year,Yes,Electronic check,67.45,3431.04,No
TC-00067,Female,0,No,No,30,Yes,No,DSL,Yes,Yes,Yes,Yes,Yes,No,Month-to-month,Yes,Credit card (automatic),26.1,768.51,No
TC-00068,Male,1,No,Yes,25,Yes,Yes,DSL,Yes,No,No,No,Yes,Yes,One year,No,Bank transfer (automatic),77.09,1942.43,No
TC-00069,Female,1,No,No,26,Yes,Yes,Fiber optic,No,No,No,Yes,Yes,No,Month-to-month,No,Mailed check,91.23,2313.17,Yes
TC-00070,Female,0,No,No,50,Yes,No,Fiber optic,No,Yes,No,No,No,Yes,One year,Yes,Electronic check,41.8,2153.57,No
TC-00071,Female,0,No,No,47,Yes,No,Fiber optic,No,No,Yes,Yes,No,No,Month-to-month,Yes,Credit card (automatic),34.97,1656.49,No
TC-00072,Female,0,Yes,No,10,Yes,Yes,Fiber optic,Yes,No,No,No,Yes,Yes,Month-to-month,Yes,Electronic check,81.95,872.86,Yes
TC-00073,Male,0,No,No,7,Yes,No,DSL,Yes,Yes,Yes,Yes,No,Yes,One year,No,Bank transfer (automatic),57.31,372.61,No
TC-00074,Female,1,No,Yes,11,Yes,Yes,Fiber optic,No,No,Yes,Yes,Yes,Yes,Two year,Yes,Credit card (automatic),60.66,606.25,No
TC-00075,Male,0,Yes,Yes,44,Yes,Yes,DSL,No,Yes,Yes,Yes,Yes,No,Month-to-month,Yes,Credit card (automatic),65.11,2817.11,No
TC-00076,Female,1,No,Yes,33,Yes,No,Fiber optic,No,No,Yes,No,Yes,Yes,Two year,No,Electronic check,69.15,2316.98,Yes
TC-00077,Female,1,Yes,No,71,Yes,Yes,DSL,No,Yes,Yes,No,Yes,No,Month-to-month,No,Credit card (automatic),37.55,2644.01,No
TC-00078,Female,0,Yes,Yes,46,Yes,No,Fiber optic,No,No,No,No,Yes,Yes,One year,No,Electronic check,75.77,3404.43,No
TC-00079,Male,0,No,No,20,Yes,No,Fiber optic,No,Yes,No,Yes,Yes,Yes,Two year,Yes,Credit card (automatic),24.91,507.22,No
TC-00080,Female,0,Yes,No,40,Yes,No,DSL,Yes,Yes,Yes,Yes,No,Yes,Month-to-month,No,Electronic check,29.35,1157.96,No
TC-00081,Male,1,No,No,21,Yes,Yes,DSL,Yes,Yes,No,Yes,No,No,Month-to-month,Yes,Credit card (automatic),89.15,1857.38,Yes
TC-00082,Female,0,No,No,20,Yes,No,Fiber optic,Yes,No,No,Yes,Yes,Yes,Month-to-month,No,Bank transfer (automatic),91.14,1737.29,No
TC-00083,Male,1,Yes,Yes,27,Yes,Yes,Fiber optic,Yes,No,Yes,Yes,No,Yes,One year,Yes,Bank transfer (automatic),44.63,1129.56,No
TC-00084,Female,0,Yes,No,66,Yes,Yes,No,No internet service,No internet service,No internet service,No internet service,No internet service,No internet service,Two year,No,Bank transfer (automatic),36.47,2379.62,No
TC-00085,Male,0,Yes,No,70,Yes,No,DSL,No,No,Yes,Yes,No,No,One year,No,Electronic check,23.4,1591.62,No
TC-00086,Male,1,No,Yes,13,No,No phone service,No,No internet service,No internet service,No internet service,No internet service,No internet service,No internet service,Two year,Yes,Electronic check,59.89,750.1,No
TC-00087,Female,0,No,No,51,Yes,No,DSL,No,No,No,No,No,Yes,Month-to-month,Yes,Electronic check,68.9,3555.53,No
TC-00088,Male,0,Yes,No,42,Yes,No,DSL,Yes,Yes,No,No,Yes,Yes,Month-to-month,No,Bank transfer (automatic),107.95,4480.69,No
TC-00089,Female,0,No,No,70,Yes,No,DSL,No,No,Yes,No,No,Yes,Month-to-month,Yes,Credit card (automatic),18.25,1232.21,No
TC-00090,Female,0,No,No,18,Yes,Yes,DSL,No,No,No,Yes,Yes,Yes,One year,Yes,Electronic check,58.59,1028.26,No
TC-00091,Female,0,Yes,No,26,Yes,No,Fiber optic,No,No,Yes,Yes,Yes,No,Month-to-month,Yes,Electronic check,59.93,1510.01,Yes
TC-00092,Female,0,Yes,No,17,Yes,No,DSL,No,No,Yes,No,Yes,Yes,Two year,No,Electronic check,106.66,1802.45,Yes
TC-00093,Female,1,Yes,Yes,12,No,No phone service,Fiber optic,Yes,No,No,Yes,No,No,Month-to-month,Yes,Credit card (automatic),37.6,502.58,Yes
TC-00094,Female,1,Yes,Yes,0,Yes,Yes,DSL,Yes,No,Yes,Yes,Yes,Yes,Month-to-month,Yes,Electronic check,24.62,24.62,Yes
TC-00095,Female,0,Yes,Yes,33,Yes,Yes,Fiber optic,Yes,No,No,Yes,No,No,Month-to-month,No,Mailed check,56.16,1866.19,No
TC-00096,Female,0,Yes,No,12,Yes,No,No,No internet service,No internet service,No internet service,No internet service,No internet service,No internet service,One year,Yes,Credit card (automatic),79.23,834.7,No
TC-00097,Female,0,Yes,No,50,Yes,No,Fiber optic,No,Yes,No,No,No,No,One year,Yes,Bank transfer (automatic),103.81,5194.58,Yes
TC-00098,Female,0,Yes,No,0,No,No phone service,Fiber optic,Yes,Yes,No,Yes,Yes,No,One year,No,Credit card (automatic),44.9,44.9,No
TC-00099,Female,1,Yes,No,27,Yes,Yes,DSL,No,Yes,No,No,Yes,No,Two year,No,Electronic check,43.13,1169.42,No
TC-00100,Male,0,Yes,No,31,No,No phone service,DSL,Yes,No,No,Yes,No,No,Two year,Yes,Electronic check,50.6,1575.01,No
TC-00101,Male,0,No,No,71,Yes,Yes,Fiber optic,No,No,Yes,Yes,Yes,No,Month-to-month,No,Bank transfer (automatic),29.82,2131.5,No
TC-00102,Female,0,No,No,54,Yes,No,No,No internet service,No internet service,No internet service,No internet service,No internet service,No internet service,Month-to-month,Yes,Electronic check,115.72,6327.28,No
TC-00103,Female,0,Yes,Yes,25,Yes,Yes,DSL,No,Yes,No,No,Yes,Yes,Month-to-month,No,Electronic check,72.06,1869.19,No
TC-00104,Female,0,No,No,13,Yes,No,Fiber optic,No,Yes,No,Yes,No,Yes,Month-to-month,Yes,Electronic check,45.22,536.76,No
TC-00105,Female,0,No,No,67,Yes,Yes,No,No internet service,No internet service,No internet service,No internet service,No internet service,No internet service,Two year,No,Mailed check,54.17,3689.52,No
TC-00106,Female,0,No,Yes,62,Yes,No,No,No internet service,No internet service,No internet service,No internet service,No internet service,No internet service,Month-to-month,Yes,Mailed check,104.6,6554.0,Yes
TC-00107,Female,0,No,No,13,Yes,Yes,No,No internet service,No internet service,No internet service,No internet service,No internet service,No internet service,One year,Yes,Bank transfer (automatic),85.37,1024.3,No
TC-00108,Female,0,No,No,26,No,No phone service,Fiber optic,No,Yes,No,No,Yes,Yes,One year,Yes,Bank transfer (automatic),73.32,1907.63,No
TC-00109,Female,0,No,Yes,40,Yes,Yes,DSL,Yes,Yes,No,No,No,Yes,Month-to-month,No,Credit card (automatic),90.48,3645.48,No
TC-00110,Male,0,Yes,Yes,2,Yes,Yes,No,No internet service,No internet service,No internet service,No internet service,No internet service,No internet service,One year,No,Electronic check,93.58,47.14,No
TC-00111,Female,0,Yes,Yes,58,Yes,No,No,No internet service,No internet service,No internet service,No internet service,No internet service,No internet service,Two year,No,Credit card (automatic),37.42,2136.34,No
TC-00112,Male,0,No,No,22,Yes,No,Fiber optic,No,No,No,Yes,Yes,Yes,Month-to-month,No,Electronic check,33.87,709.35,Yes
TC-00113,Female,0,No,No,17,Yes,No,DSL,Yes,No,No,Yes,No,Yes,One year,No,Credit card (automatic),114.67,1917.13,No
TC-00114,Female,0,Yes,No,40,No,No phone service,Fiber optic,Yes,No,No,No,No,No,One year,Yes,Electronic check,36.57,1515.03,No
TC-00115,Male,0,No,No,7,Yes,No,DSL,No,Yes,Yes,Yes,Yes,Yes,Two year,No,Credit card (automatic),64.48,448.53,No
TC-00116,Female,1,No,No,31,Yes,Yes,Fiber optic,Yes,Yes,No,No,No,No,Month-to-month,No,Electronic check,116.28,3625.74,No
TC-00117,Male,1,No,No,40,Yes,Yes,Fiber optic,No,No,No,Yes,No,Yes,Two year,No,Mailed check,59.72,2393.27,No
TC-00118,Female,0,No,No,44,Yes,Yes,Fiber optic,Yes,No,No,No,Yes,No,Month-to-month,Yes,Electronic check,69.48,3180.53,No
TC-00119,Female,1,No,No,8,Yes,No,Fiber optic,Yes,Yes,No,No,No,Yes,One year,Yes,Bank transfer (automatic),97.84,832.54,No
TC-00120,Male,0,Yes,No,47,Yes,Yes,Fiber optic,Yes,No,No,Yes,Yes,Yes,Month-to-month,Yes,Bank transfer (automatic),52.04,2445.0,No
TC-00121,Female,0,Yes,No,23,Yes,Yes,Fiber optic,No,No,Yes,No,No,Yes,Month-to-month,Yes,Credit card (automatic),61.1,1392.1,No
TC-00122,Male,0,No,No,43,Yes,Yes,No,No internet service,No internet service,No internet service,No internet service,No internet service,No internet service,Month-to-month,Yes,Credit card (automatic),51.22,2167.63,No
TC-00123,Female,0,Yes,No,57,Yes,Yes,Fiber optic,Yes,No,No,No,No,No,One year,Yes,Mailed check,46.74,2615.52,No
TC-00124,Male,0,No,Yes,65,Yes,No,Fiber optic,No,No,No,Yes,No,Yes,One year,Yes,Credit card (automatic),65.18,4176.85,No
TC-00125,Male,0,No,Yes,17,Yes,No,Fiber optic,No,No,Yes,Yes,Yes,Yes,Two year,No,Bank transfer (automatic),92.59,1623.13,No
TC-00126,Female,0,No,No,28,Yes,No,Fiber optic,No,No,Yes,No,No,Yes,Month-to-month,Yes,Credit card (automatic),104.73,2887.69,Yes
TC-00127,Female,0,No,Yes,1,Yes,No,No,No internet service,No internet service,No internet service,No internet service,No internet service,No internet service,One year,Yes,Bank transfer (automatic),65.01,97.11,No
TC-00128,Male,0,No,No,67,Yes,No,Fiber optic,No,No,Yes,No,No,No,Month-to-month,No,Bank transfer (automatic),50.1,3331.52,No
TC-00129,Female,1,No,No,38,Yes,Yes,Fiber optic,No,Yes,No,Yes,No,No,Month-to-month,Yes,Mailed check,109.16,4110.53,No
TC-00130,Female,0,No,Yes,40,Yes,No,Fiber optic,No,No,No,No,No,Yes,Month-to-month,Yes,Mailed check,51.59,2047.09,No
TC-00131,Female,0,No,Yes,70,Yes,No,Fiber optic,Yes,Yes,No,Yes,No,No,Month-to-month,No,Electronic check,95.5,6774.6,No
TC-00132,Male,0,No,Yes,21,Yes,No,No,No internet service,No internet service,No internet service,No internet service,No internet service,No internet service,Month-to-month,Yes,Bank transfer (automatic),92.86,2101.94,No
TC-00133,Male,0,Yes,Yes,48,Yes,No,Fiber optic,Yes,Yes,No,Yes,No,Yes,Month-to-month,Yes,Credit card (automatic),22.98,1084.72,No
TC-00134,Male,0,No,No,27,Yes,No,DSL,No,No,Yes,No,No,No,Month-to-month,Yes,Bank transfer (automatic),35.76,942.61,No
TC-00135,Male,0,Yes,No,15,Yes,Yes,Fiber optic,Yes,No,Yes,No,No,No,Two year,Yes,Bank transfer (automatic),75.28,1176.95,No
TC-00136,Male,0,Yes,No,67,Yes,No,No,No internet service,No internet service,No internet service,No internet service,No internet service,No internet service,Month-to-month,No,Electronic check,104.76,7026.55,No
TC-00137,Male,0,No,No,61,Yes,Yes,DSL,Yes,No,Yes,No,Yes,No,Two year,No,Mailed check,77.4,4688.73,No
TC-00138,Male,0,Yes,No,35,Yes,No,Fiber optic,Yes,No,Yes,Yes,Yes,Yes,Month-to-month,Yes,Electronic check,92.27,3253.99,Yes
TC-00139,Male,0,No,No,21,Yes,Yes,DSL,No,No,Yes,No,Yes,No,Two year,No,Electronic check,91.44,1958.62,No
TC-00140,Male,0,No,No,10,Yes,Yes,No,No internet service,No internet service,No internet service,No internet service,No internet service,No internet service,Month-to-month,Yes,Bank transfer (automatic),67.44,662.4,No
TC-00141,Female,0,No,No,41,Yes,No,Fiber optic,No,No,Yes,Yes,No,No,Two year,No,Electronic check,74.08,3026.68,No
TC-00142,Male,0,No,Yes,54,No,No phone service,Fiber optic,Yes,No,Yes,Yes,No,No,Month-to-month,Yes,Bank transfer (automatic),25.13,1442.77,No
TC-00143,Female,0,Yes,Yes,34,Yes,No,DSL,No,Yes,Yes,No,No,Yes,Two year,No,Mailed check,110.77,3725.14,No
TC-00144,Female,1,Yes,Yes,56,Yes,Yes,Fiber optic,No,No,Yes,Yes,Yes,Yes,Month-to-month,Yes,Electronic check,85.43,4757.08,No
TC-00145,Female,1,No,Yes,33,Yes,Yes,DSL,No,No,Yes,No,Yes,Yes,One year,No,Bank transfer (automatic),33.45,1080.72,Yes
TC-00146,Male,1,Yes,No,69,Yes,No,Fiber optic,No,No,No,Yes,No,Yes,Month-to-month,Yes,Credit card (automatic),42.4,3010.55,No
TC-00147,Male,0,Yes,Yes,3,Yes,Yes,Fiber optic,Yes,Yes,Yes,No,No,Yes,One year,No,Electronic check,18.47,18.47,No
TC-00148,Male,0,Yes,No,45,Yes,No,Fiber optic,No,No,No,Yes,No,No,Month-to-month,Yes,Bank transfer (automatic),44.4,2039.12,No
TC-00149,Male,0,No,No,10,Yes,Yes,No,No internet service,No internet service,No internet service,No internet service,No internet service,No internet service,Two year,Yes,Credit card (automatic),49.66,495.13,No
TC-00150,Female,0,Yes,No,60,Yes,No,DSL,Yes,Yes,No,No,Yes,No,Two year,No,Electronic check,86.31,5269.27,No
TC-00151,Male,0,Yes,No,34,Yes,Yes,DSL,Yes,No,Yes,Yes,Yes,Yes,Month-to-month,No,Bank transfer (automatic),65.67,2250.56,No
TC-00152,Male,0,Yes,Yes,68,Yes,No,No,No internet service,No internet service,No internet service,No internet service,No internet service,No internet service,Month-to-month,Yes,Bank transfer (automatic),102.28,6847.47,No
TC-00153,Male,1,No,No,56,Yes,Yes,Fiber optic,No,Yes,No,No,Yes,Yes,One year,Yes,Bank transfer (automatic),26.68,1574.65,No
TC-00154,Male,0,Yes,Yes,10,Yes,Yes,DSL,No,No,Yes,Yes,No,No,Month-to-month,No,Bank transfer (automatic),88.7,875.2,Yes
TC-00155,Male,1,Yes,No,11,Yes,No,DSL,No,No,No,No,No,Yes,Month-to-month,Yes,Mailed check,105.49,1058.36,No
TC-00156,Female,0,No,No,42,Yes,Yes,Fiber optic,Yes,Yes,Yes,No,No,Yes,Month-to-month,Yes,Credit card (automatic),60.13,2505.19,No
TC-00157,Male,0,Yes,No,18,Yes,Yes,DSL,No,No,Yes,Yes,No,No,Month-to-month,No,Credit card (automatic),46.87,845.47,No
TC-00158,Female,0,No,No,67,Yes,No,No,No internet service,No internet service,No internet service,No internet service,No internet service,No internet service,One year,No,Mailed check,62.56,4139.06,No
TC-00159,Male,0,No,No,58,Yes,No,Fiber optic,Yes,No,No,No,No,No,Month-to-month,Yes,Mailed check,96.88,5542.47,Yes
TC-00160,Female,0,No,Yes,1,Yes,No,No,No internet service,No internet service,No internet service,No internet service,No internet service,No internet service,Two year,Yes,Credit card (automatic),109.9,124.73,No
TC-00161,Male,0,No,Yes,7,Yes,Yes,No,No internet service,No internet service,No internet service,No internet service,No internet service,No internet service,Month-to-month,No,Credit card (automatic),24.56,109.73,Yes
TC-00162,Male,0,No,No,21,Yes,Yes,Fiber optic,Yes,Yes,Yes,No,No,No,Month-to-month,Yes,Credit card (automatic),70.85,1436.55,No
TC-00163,Female,0,No,No,20,Yes,No,Fiber optic,No,Yes,No,Yes,No,No,Month-to-month,No,Mailed check,81.97,1707.27,Yes
TC-00164,Female,1,Yes,No,28,Yes,Yes,Fiber optic,No,Yes,Yes,Yes,Yes,No,Month-to-month,Yes,Bank transfer (automatic),19.75,536.47,Yes
TC-00165,Female,0,No,Yes,36,Yes,Yes,No,No internet service,No internet service,No internet service,No internet service,No internet service,No internet service,Month-to-month,Yes,Mailed check,36.12,1239.46,No
TC-00166,Male,1,Yes,No,28,Yes,Yes,Fiber optic,No,Yes,No,Yes,No,No,Month-to-month,Yes,Credit card (automatic),24.26,634.5,No
TC-00167,Female,0,Yes,No,36,Yes,No,DSL,Yes,No,No,No,Yes,Yes,Month-to-month,No,Mailed check,47.04,1712.75,No
TC-00168,Male,0,No,No,20,No,No phone service,Fiber optic,Yes,No,Yes,Yes,No,No,Month-to-month,No,Credit card (automatic),38.54,791.9,No
TC-00169,Male,0,Yes,No,11,Yes,No,Fiber optic,Yes,Yes,Yes,No,No,Yes,One year,Yes,Electronic check,66.68,766.77,No
TC-00170,Female,0,Yes,No,47,Yes,No,DSL,No,Yes,Yes,No,No,No,Month-to-month,Yes,Bank transfer (automatic),83.53,3966.12,Yes
TC-00171,Female,0,Yes,Yes,46,Yes,Yes,Fiber optic,No,No,No,Yes,Yes,No,Month-to-month,No,Credit card (automatic),102.22,4718.8,Yes
TC-00172,Male,0,No,No,14,Yes,No,DSL,No,Yes,No,Yes,No,Yes,Month-to-month,Yes,Electronic check,48.43,708.42,No
TC-00173,Male,0,Yes,Yes,66,Yes,No,No,No internet service,No internet service,No internet service,No internet service,No internet service,No internet service,Month-to-month,No,Credit card (automatic),23.04,1496.86,No
TC-00174,Female,0,Yes,Yes,12,Yes,Yes,DSL,No,No,No,Yes,No,No,Month-to-month,No,Mailed check,18.38,164.67,No
TC-00175,Female,0,No,No,58,Yes,No,Fiber optic,No,Yes,No,No,No,Yes,Month-to-month,Yes,Mailed check,102.46,6010.58,No
TC-00176,Female,0,Yes,No,12,Yes,Yes,Fiber optic,Yes,No,No,Yes,No,Yes,Month-to-month,Yes,Mailed check,105.81,1313.73,Yes
TC-00177,Male,0,Yes,No,71,Yes,Yes,No,No internet service,No internet service,No internet service,No internet service,No internet service,No internet service,Month-to-month,No,Credit card (automatic),28.1,1981.03,No
TC-00178,Male,0,Yes,No,18,Yes,Yes,DSL,Yes,Yes,No,No,Yes,Yes,Two year,Yes,Credit card (automatic),19.02,309.14,No
TC-00179,Male,0,No,No,56,Yes,Yes,Fiber optic,No,No,No,Yes,Yes,No,Month-to-month,Yes,Mailed check,98.03,5603.99,Yes
TC-00180,Male,0,Yes,Yes,31,Yes,Yes,Fiber optic,Yes,Yes,Yes,Yes,Yes,No,Month-to-month,No,Bank transfer (automatic),82.07,2498.95,Yes
TC-00181,Male,0,Yes,No,20,Yes,No,DSL,Yes,No,Yes,No,Yes,Yes,Month-to-month,No,Bank transfer (automatic),73.61,1483.56,No
TC-00182,Male,0,No,Yes,13,Yes,Yes,DSL,Yes,Yes,Yes,No,No,Yes,Two year,Yes,Mailed check,71.32,893.65,No
TC-00183,Female,0,No,No,23,Yes,No,Fiber optic,No,Yes,No,No,No,Yes,Month-to-month,No,Credit card (automatic),95.38,2173.18,Yes
TC-00184,Male,0,No,No,48,No,No phone service,Fiber optic,No,No,Yes,No,Yes,No,Month-to-month,No,Bank transfer (automatic),47.33,2234.33,Yes
TC-00185,Male,0,Yes,No,31,Yes,Yes,Fiber optic,Yes,No,No,No,Yes,No,Month-to-month,Yes,Mailed check,56.91,1656.0,Yes
TC-00186,Male,0,No,No,10,Yes,Yes,DSL,Yes,No,No,Yes,Yes,Yes,Two year,Yes,Mailed check,25.79,277.41,No
TC-00187,Female,1,No,Yes,59,Yes,No,DSL,No,No,Yes,No,Yes,No,Two year,Yes,Electronic check,74.61,4434.83,No
TC-00188,Male,0,No,No,67,Yes,Yes,No,No internet service,No internet service,No internet service,No internet service,No internet service,No internet service,Two year,No,Mailed check,114.08,7610.13,No
TC-00189,Male,0,Yes,Yes,60,Yes,No,Fiber optic,No,Yes,Yes,No,Yes,No,Month-to-month,No,Credit card (automatic),46.39,2913.71,No
TC-00190,Female,0,No,Yes,4,Yes,Yes,Fiber optic,Yes,No,No,Yes,No,No,Month-to-month,Yes,Electronic check,110.92,457.85,No
TC-00191,Male,0,No,Yes,35,Yes,Yes,Fiber optic,No,No,Yes,No,No,No,Month-to-month,Yes,Electronic check,90.92,3190.56,No
TC-00192,Male,0,No,No,63,Yes,Yes,Fiber optic,Yes,No,No,Yes,No,Yes,Month-to-month,Yes,Bank transfer (automatic),41.39,2626.92,No
TC-00193,Male,0,No,No,31,No,No phone service,DSL,No,No,No,No,Yes,Yes,One year,Yes,Electronic check,84.29,2583.34,Yes
TC-00194,Male,0,No,No,70,Yes,Yes,DSL,No,No,Yes,Yes,Yes,Yes,One year,No,Credit card (automatic),54.62,3774.52,No
TC-00195,Male,0,Yes,No,65,Yes,Yes,DSL,Yes,No,Yes,Yes,Yes,No,Month-to-month,Yes,Bank transfer (automatic),30.23,1926.88,No
TC-00196,Female,0,Yes,No,9,Yes,No,No,No internet service,No internet service,No internet service,No internet service,No internet service,No internet service,Two year,No,Bank transfer (automatic),27.27,218.18,No
TC-00197,Female,0,No,No,20,Yes,No,No,No internet service,No internet service,No internet service,No internet service,No internet service,No internet service,Month-to-month,No,Mailed check,19.72,422.43,Yes
TC-00198,Female,1,No,No,39,Yes,No,Fiber optic,No,No,No,No,No,Yes,Two year,Yes,Credit card (automatic),97.78,3794.53,Yes
TC-00199,Male,0,No,No,41,Yes,Yes,DSL,Yes,Yes,Yes,Yes,No,Yes,Month-to-month,No,Credit card (automatic),106.48,4396.62,No
TC-00200,Male,1,Yes,No,71,Yes,No,DSL,No,Yes,Yes,Yes,No,No,Month-to-month,Yes,Electronic check,66.25,4640.67,No
TC-00201,Male,0,Yes,Yes,45,Yes,No,Fiber optic,Yes,Yes,Yes,No,No,No,One year,Yes,Credit card (automatic),69.99,3117.34,No
TC-00202,Female,1,Yes,No,40,Yes,No,Fiber optic,Yes,Yes,Yes,Yes,Yes,No,Two year,No,Bank transfer (automatic),87.16,3450.79,No
TC-00203,Male,1,Yes,No,3,Yes,Yes,Fiber optic,Yes,No,No,Yes,No,No,Month-to-month,No,Bank transfer (automatic),88.09,73.42,No
TC-00204,Male,0,No,Yes,13,Yes,Yes,No,No internet service,No internet service,No internet service,No internet service,No internet service,No internet service,Month-to-month,No,Credit card (automatic),50.41,632.43,Yes
TC-00205,Female,0,No,No,13,Yes,Yes,Fiber optic,Yes,Yes,No,Yes,No,No,Two year,No,Electronic check,33.92,389.08,No
TC-00206,Male,0,No,Yes,52,No,No phone service,DSL,Yes,No,No,Yes,No,Yes,Month-to-month,Yes,Mailed check,61.04,3196.94,No
TC-00207,Female,0,No,Yes,28,Yes,Yes,Fiber optic,No,Yes,Yes,Yes,Yes,No,Month-to-month,Yes,Credit card (automatic),87.7,2492.23,Yes
TC-00208,Female,0,Yes,Yes,22,Yes,Yes,DSL,No,Yes,Yes,Yes,No,Yes,Month-to-month,Yes,Electronic check,98.42,2095.23,Yes
TC-00209,Female,0,No,No,30,Yes,No,DSL,Yes,Yes,Yes,No,No,Yes,One year,Yes,Electronic check,26.92,795.33,No
TC-00210,Male,0,Yes,No,70,Yes,Yes,No,No internet service,No internet service,No internet service,No internet service,No internet service,No internet service,One year,No,Electronic check,76.83,5314.11,No
TC-00211,Male,0,Yes,No,60,No,No phone service,Fiber optic,No,Yes,No,Yes,Yes,No,Month-to-month,Yes,Mailed check,23.41,1420.82,Yes
TC-00212,Male,1,No,Yes,22,Yes,No,DSL,Yes,No,No,Yes,Yes,No,Two year,Yes,Mailed check,100.48,2176.21,No
TC-00213,Male,0,Yes,No,7,Yes,No,DSL,No,No,Yes,No,Yes,No,Month-to-month,Yes,Mailed check,84.68,566.06,No
TC-00214,Male,0,Yes,No,15,Yes,No,Fiber optic,No,No,No,No,No,Yes,Month-to-month,Yes,Electronic check,87.66,1304.06,Yes
TC-00215,Male,0,No,Yes,25,Yes,No,Fiber optic,Yes,No,No,Yes,Yes,No,Month-to-month,No,Mailed check,94.17,2368.55,No
TC-00216,Male,1,Yes,No,28,Yes,No,Fiber optic,Yes,No,No,Yes,No,No,One year,Yes,Electronic check,67.56,1894.44,No
TC-00217,Female,0,Yes,Yes,5,Yes,No,DSL,Yes,Yes,Yes,No,Yes,No,Month-to-month,Yes,Credit card (automatic),47.89,259.11,No
TC-00218,Male,0,No,Yes,36,Yes,No,Fiber optic,Yes,No,No,Yes,Yes,No,Month-to-month,No,Electronic check,96.57,3512.46,Yes
TC-00219,Female,0,Yes,No,32,Yes,No,DSL,No,Yes,Yes,No,No,No,Two year,No,Credit card (automatic),95.74,3057.02,No
TC-00220,Male,0,Yes,No,45,Yes,Yes,Fiber optic,No,No,Yes,Yes,Yes,No,Month-to-month,Yes,Credit card (automatic),31.49,1365.27,No
TC-00221,Male,0,No,Yes,60,Yes,Yes,DSL,Yes,Yes,No,Yes,Yes,Yes,Month-to-month,No,Mailed check,108.28,6416.74,No
TC-00222,Male,1,Yes,Yes,40,Yes,Yes,DSL,Yes,Yes,Yes,No,No,Yes,Month-to-month,No,Mailed check,40.12,1566.66,No
TC-00223,Female,0,No,Yes,17,Yes,Yes,DSL,No,Yes,Yes,No,No,Yes,Month-to-month,Yes,Electronic check,48.65,838.29,No
TC-00224,Female,0,Yes,Yes,15,Yes,Yes,DSL,Yes,Yes,Yes,No,No,No,Month-to-month,Yes,Credit card (automatic),39.59,524.7,No
TC-00225,Female,1,Yes,Yes,50,Yes,No,DSL,No,Yes,Yes,Yes,Yes,Yes,Two year,Yes,Credit card (automatic),114.56,5781.69,Yes
TC-00226,Female,0,No,No,36,Yes,No,No,No internet service,No internet service,No internet service,No internet service,No internet service,No internet service,Two year,Yes,Bank transfer (automatic),47.95,1673.66,No
TC-00227,Male,0,No,No,13,Yes,No,DSL,No,No,Yes,Yes,No,Yes,Two year,Yes,Credit card (automatic),115.14,1491.17,No
TC-00228,Female,1,Yes,No,67,Yes,Yes,Fiber optic,No,No,Yes,Yes,Yes,Yes,Month-to-month,Yes,Mailed check,81.79,5553.75,Yes
TC-00229,Male,0,No,No,29,Yes,Yes,Fiber optic,No,Yes,Yes,Yes,No,No,One year,No,Mailed check,35.66,1025.03,No
TC-00230,Male,0,Yes,No,59,Yes,No,DSL,No,Yes,Yes,Yes,Yes,Yes,Two year,No,Credit card (automatic),73.38,4274.82,No
TC-00231,Female,0,No,Yes,52,Yes,No,Fiber optic,Yes,No,Yes,Yes,No,No,One year,No,Credit card (automatic),106.23,5398.45,No
TC-00232,Female,0,Yes,Yes,35,Yes,Yes,No,No internet service,No internet service,No internet service,No internet service,No internet service,No internet service,Two year,Yes,Electronic check,74.17,2616.26,No
TC-00233,Female,0,Yes,No,29,Yes,Yes,DSL,No,No,No,Yes,No,Yes,Month-to-month,Yes,Bank transfer (automatic),31.26,922.05,No
TC-00234,Female,0,Yes,Yes,63,Yes,No,No,No internet service,No internet service,No internet service,No internet service,No internet service,No internet service,One year,No,Bank transfer (automatic),46.69,2970.27,No
TC-00235,Female,0,Yes,Yes,13,Yes,Yes,No,No internet service,No internet service,No internet service,No internet service,No internet service,No internet service,One year,No,Electronic check,40.48,531.89,No
TC-00236,Female,1,Yes,Yes,22,Yes,Yes,No,No internet service,No internet service,No internet service,No internet service,No internet service,No internet service,Two year,Yes,Electronic check,30.59,646.16,No
TC-00237,Female,0,No,No,47,Yes,No,DSL,Yes,No,Yes,No,Yes,Yes,Two year,Yes,Bank transfer (automatic),50.73,2344.99,No
TC-00238,Female,1,No,No,27,Yes,No,Fiber optic,Yes,No,Yes,Yes,No,No,Month-to-month,No,Bank transfer (automatic),84.11,2273.06,Yes
TC-00239,Male,0,Yes,No,6,Yes,Yes,Fiber optic,Yes,No,No,Yes,No,Yes,Month-to-month,No,Electronic check,56.25,387.0,No
TC-00240,Female,0,Yes,No,41,Yes,No,DSL,Yes,Yes,No,Yes,Yes,No,Month-to-month,Yes,Credit card (automatic),62.38,2409.61,No
TC-00241,Female,0,No,No,9,Yes,No,Fiber optic,No,No,No,Yes,Yes,No,Month-to-month,Yes,Credit card (automatic),50.07,497.56,Yes
TC-00242,Male,0,No,No,67,Yes,Yes,No,No internet service,No internet service,No internet service,No internet service,No internet service,No internet service,Two year,Yes,Mailed check,117.45,7854.63,No
TC-00243,Female,0,No,Yes,43,Yes,Yes,No,No internet service,No internet service,No internet service,No internet service,No internet service,No internet service,Month-to-month,No,Bank transfer (automatic),76.62,3286.3,No
TC-00244,Male,1,No,Yes,12,Yes,No,DSL,Yes,Yes,No,Yes,Yes,Yes,Two year,No,Bank transfer (automatic),101.39,1251.44,No
TC-00245,Male,0,No,Yes,32,Yes,Yes,DSL,Yes,Yes,No,Yes,Yes,Yes,One year,Yes,Bank transfer (automatic),62.13,1979.62,No
TC-00246,Female,0,Yes,Yes,31,Yes,No,DSL,No,No,Yes,No,Yes,No,Two year,Yes,Bank transfer (automatic),34.86,1091.95,No
TC-00247,Male,0,Yes,Yes,47,Yes,No,DSL,No,Yes,No,Yes,No,Yes,Two year,Yes,Electronic check,102.68,4744.27,No
TC-00248,Male,0,No,Yes,4,Yes,Yes,Fiber optic,No,No,No,No,No,Yes,Two year,Yes,Credit card (automatic),94.34,363.49,No
TC-00249,Male,0,No,No,60,Yes,No,No,No internet service,No internet service,No internet service,No internet service,No internet service,No internet service,One year,Yes,Credit card (automatic),50.98,3084.12,No
TC-00250,Male,0,No,No,2,No,No phone service,Fiber optic,No,No,Yes,Yes,Yes,No,Two year,No,Mailed check,78.64,137.7,No
TC-00251,Female,0,No,No,23,Yes,Yes,No,No internet service,No internet service,No internet service,No internet service,No internet service,No internet service,Two year,Yes,Bank transfer (automatic),27.35,612.47,No
TC-00252,Male,0,No,No,33,Yes,Yes,Fiber optic,Yes,No,Yes,Yes,No,Yes,Month-to-month,Yes,Mailed check,20.63,688.99,No
TC-00253,Female,0,No,No,41,Yes,Yes,Fiber optic,No,Yes,Yes,No,Yes,Yes,Month-to-month,Yes,Credit card (automatic),99.58,4104.33,No
TC-00254,Male,0,No,No,19,Yes,No,Fiber optic,Yes,Yes,Yes,No,Yes,Yes,Two year,Yes,Electronic check,112.19,2207.69,Yes
TC-00255,Male,0,No,No,40,Yes,No,No,No internet service,No internet service,No internet service,No internet service,No internet service,No internet service,Month-to-month,No,Credit card (automatic),52.41,2118.38,No
TC-00256,Male,1,No,Yes,19,Yes,No,No,No internet service,No internet service,No internet service,No internet service,No internet service,No internet service,Two year,Yes,Credit card (automatic),77.76,1545.02,No
TC-00257,Male,0,Yes,Yes,5,Yes,Yes,Fiber optic,No,Yes,No,Yes,No,No,One year,Yes,Electronic check,89.73,443.8,Yes
TC-00258,Female,0,No,No,56,Yes,No,No,No internet service,No internet service,No internet service,No internet service,No internet service,No internet service,Month-to-month,No,Electronic check,92.6,5067.17,No
TC-00259,Female,0,No,No,41,Yes,No,Fiber optic,Yes,Yes,No,No,No,No,One year,No,Credit card (automatic),66.11,2689.1,No
TC-00260,Male,0,Yes,Yes,24,Yes,Yes,No,No internet service,No internet service,No internet service,No internet service,No internet service,No internet service,One year,Yes,Credit card (automatic),79.33,1863.42,No
TC-00261,Male,1,Yes,Yes,40,Yes,Yes,Fiber optic,Yes,No,Yes,No,Yes,No,Month-to-month,No,Mailed check,83.71,3345.25,Yes
TC-00262,Female,0,Yes,No,40,Yes,No,DSL,No,No,No,Yes,No,No,One year,Yes,Bank transfer (automatic),28.33,1117.14,No
TC-00263,Male,0,No,Yes,2,No,No phone service,No,No internet service,No internet service,No internet service,No internet service,No internet service,No internet service,Two year,Yes,Electronic check,82.51,178.19,No
TC-00264,Male,0,No,No,42,Yes,Yes,DSL,No,No,No,Yes,Yes,No,Two year,No,Bank transfer (automatic),69.09,2868.26,No
TC-00265,Male,0,No,Yes,45,Yes,Yes,No,No internet service,No internet service,No internet service,No internet service,No internet service,No internet service,One year,Yes,Mailed check,55.85,2524.03,No
TC-00266,Female,0,No,No,56,Yes,Yes,Fiber optic,No,Yes,No,No,Yes,No,Month-to-month,Yes,Electronic check,44.17,2492.01,No
TC-00267,Female,0,Yes,Yes,50,Yes,No,Fiber optic,Yes,Yes,No,No,No,Yes,One year,No,Electronic check,81.79,4091.27,No
TC-00268,Female,0,No,No,4,Yes,No,DSL,Yes,No,No,No,No,No,Month-to-month,Yes,Bank transfer (automatic),34.68,65.56,No
TC-00269,Male,0,No,Yes,14,Yes,Yes,DSL,Yes,Yes,Yes,No,No,No,Two year,No,Electronic check,99.08,1431.81,No
TC-00270,Male,0,Yes,No,38,Yes,Yes,No,No internet service,No internet service,No internet service,No internet service,No internet service,No internet service,Two year,Yes,Credit card (automatic),35.18,1367.83,No
TC-00271,Female,1,No,No,69,Yes,No,DSL,Yes,No,No,No,Yes,No,Month-to-month,No,Mailed check,95.16,6556.47,No
TC-00272,Female,0,No,No,37,Yes,Yes,No,No internet service,No internet service,No internet service,No internet service,No internet service,No internet service,One year,No,Mailed check,99.74,3599.82,No
TC-00273,Female,0,No,No,38,Yes,Yes,Fiber optic,No,No,Yes,No,No,No,Month-to-month,Yes,Electronic check,111.97,4269.96,No
TC-00274,Female,0,No,No,51,Yes,Yes,Fiber optic,Yes,No,No,No,No,No,Month-to-month,Yes,Electronic check,64.33,3254.43,No
TC-00275,Male,1,Yes,No,2,Yes,No,Fiber optic,Yes,Yes,Yes,No,Yes,No,Month-to-month,No,Bank transfer (automatic),24.37,21.26,Yes
TC-00276,Female,0,Yes,No,28,Yes,No,DSL,Yes,Yes,No,Yes,No,Yes,Month-to-month,Yes,Mailed check,85.77,2397.65,No
TC-00277,Male,1,Yes,No,30,Yes,Yes,Fiber optic,No,Yes,No,Yes,No,Yes,One year,Yes,Credit card (automatic),46.26,1460.57,No
TC-00278,Female,0,Yes,No,65,Yes,No,Fiber optic,Yes,Yes,Yes,Yes,Yes,No,Two year,Yes,Credit card (automatic),27.27,1779.9,No
TC-00279,Male,0,No,Yes,44,Yes,Yes,No,No internet service,No internet service,No internet service,No internet service,No internet service,No internet service,Month-to-month,Yes,Bank transfer (automatic),103.58,4551.99,No
TC-00280,Female,0,No,No,21,Yes,No,Fiber optic,Yes,Yes,No,Yes,Yes,Yes,Two year,Yes,Mailed check,31.97,645.3,No
TC-00281,Female,0,No,No,9,Yes,No,DSL,No,Yes,No,No,No,No,Month-to-month,No,Mailed check,68.64,619.32,No
TC-00282,Female,0,Yes,No,20,Yes,Yes,No,No internet service,No internet service,No internet service,No internet service,No internet service,No internet service,Month-to-month,Yes,Credit card (automatic),96.85,1936.94,No
TC-00283,Female,0,Yes,No,16,Yes,Yes,Fiber optic,No,Yes,No,No,No,No,One year,Yes,Mailed check,37.91,636.71,Yes
TC-00284,Male,0,Yes,No,66,Yes,No,Fiber optic,Yes,No,No,Yes,Yes,Yes,One year,No,Mailed check,107.66,7078.99,No
TC-00285,Female,0,No,No,6,Yes,No,No,No internet service,No internet service,No internet service,No internet service,No internet service,No internet service,Month-to-month,No,Mailed check,51.16,266.36,Yes
TC-00286,Male,0,No,No,35,Yes,Yes,Fiber optic,Yes,No,Yes,Yes,No,Yes,Month-to-month,Yes,Credit card (automatic),57.64,1995.26,No
TC-00287,Male,0,Yes,No,66,Yes,Yes,Fiber optic,Yes,Yes,No,Yes,Yes,Yes,One year,Yes,Electronic check,31.15,2051.55,No
TC-00288,Male,0,Yes,No,29,Yes,Yes,Fiber optic,No,Yes,Yes,No,Yes,No,Two year,Yes,Mailed check,82.45,2389.99,No
TC-00289,Male,0,No,No,70,Yes,Yes,DSL,No,No,No,No,No,No,Month-to-month,Yes,Electronic check,67.53,4726.61,No
TC-00290,Female,0,No,No,28,Yes,Yes,Fiber optic,Yes,No,No,No,Yes,Yes,Month-to-month,No,Electronic check,115.42,3182.21,Yes
TC-00291,Male,0,No,No,71,Yes,No,DSL,Yes,Yes,No,No,Yes,No,Month-to-month,No,Bank transfer (automatic),87.83,6231.66,No
TC-00292,Male,1,Yes,No,32,Yes,Yes,Fiber optic,Yes,No,No,Yes,Yes,No,Month-to-month,Yes,Electronic check,93.9,3038.98,No
TC-00293,Male,0,Yes,No,58,No,No phone service,DSL,Yes,Yes,Yes,Yes,Yes,No,Two year,No,Bank transfer (automatic),37.91,2262.39,No
TC-00294,Female,0,Yes,Yes,19,Yes,Yes,DSL,Yes,Yes,Yes,No,Yes,Yes,Month-to-month,No,Mailed check,89.28,1745.54,No
TC-00295,Female,0,Yes,No,28,Yes,No,No,No internet service,No internet service,No internet service,No internet service,No internet service,No internet service,One year,Yes,Credit card (automatic),73.74,2061.68,No
TC-00296,Female,1,No,No,52,Yes,No,Fiber optic,No,No,No,No,No,No,Two year,Yes,Electronic check,58.38,3027.84,No
TC-00297,Female,0,No,Yes,0,Yes,No,Fiber optic,No,Yes,No,Yes,Yes,Yes,Two year,No,Electronic check,96.27,96.27,Yes
TC-00298,Male,0,No,Yes,33,Yes,Yes,Fiber optic,No,Yes,Yes,Yes,Yes,No,Month-to-month,No,Credit card (automatic),115.85,3817.56,Yes
TC-00299,Male,1,Yes,No,43,Yes,Yes,Fiber optic,No,No,No,Yes,Yes,No,Two year,No,Bank transfer (automatic),27.48,1225.0,No
TC-00300,Female,0,No,No,13,Yes,No,Fiber optic,Yes,No,Yes,Yes,No,Yes,Two year,Yes,Bank transfer (automatic),96.89,1258.12,Yes
TC-00301,Male,0,No,No,36,Yes,No,No,No internet service,No internet service,No internet service,No internet service,No internet service,No internet service,One year,Yes,Bank transfer (automatic),109.95,3838.24,No
TC-00302,Male,0,No,No,34,Yes,Yes,DSL,No,Yes,No,No,Yes,No,One year,Yes,Electronic check,49.52,1716.88,Yes
TC-00303,Male,0,No,No,58,Yes,No,Fiber optic,No,No,Yes,Yes,No,Yes,One year,No,Mailed check,54.3,3197.71,No
TC-00304,Female,0,No,No,23,Yes,No,DSL,No,No,No,No,Yes,No,Two year,Yes,Bank transfer (automatic),97.48,2225.64,No
TC-00305,Female,0,Yes,Yes,64,Yes,Yes,Fiber optic,Yes,No,Yes,Yes,No,No,One year,Yes,Bank transfer (automatic),113.36,7197.18,No
TC-00306,Male,0,No,No,5,Yes,No,No,No internet service,No internet service,No internet service,No internet service,No internet service,No internet service,Month-to-month,Yes,Credit card (automatic),111.89,635.53,No
TC-00307,Female,1,No,Yes,67,Yes,Yes,No,No internet service,No internet service,No internet service,No internet service,No internet service,No internet service,Two year,No,Mailed check,23.56,1571.23,No
TC-00308,Female,0,Yes,No,37,Yes,No,Fiber optic,Yes,Yes,No,No,No,Yes,Month-to-month,Yes,Mailed check,105.14,3872.99,No
TC-00309,Female,0,Yes,No,0,Yes,No,DSL,Yes,Yes,Yes,Yes,Yes,Yes,One year,Yes,Mailed check,76.65,76.65,No
TC-00310,Female,0,No,No,40,Yes,Yes,Fiber optic,No,Yes,Yes,No,Yes,Yes,One year,No,Mailed check,60.11,2541.22,No
TC-00311,Female,0,No,No,30,Yes,No,Fiber optic,No,No,No,No,Yes,Yes,One year,No,Mailed check,102.55,3100.71,No
TC-00312,Male,0,No,Yes,35,Yes,Yes,DSL,No,Yes,No,Yes,No,Yes,One year,Yes,Bank transfer (automatic),98.04,3440.31,No
TC-00313,Female,0,No,No,53,Yes,No,Fiber optic,Yes,No,Yes,No,Yes,Yes,Month-to-month,Yes,Credit card (automatic),68.93,3656.78,Yes
TC-00314,Male,0,Yes,Yes,30,Yes,No,Fiber optic,No,Yes,Yes,Yes,No,No,Month-to-month,Yes,Bank transfer (automatic),59.07,1854.81,No
TC-00315,Male,0,No,Yes,28,Yes,Yes,DSL,Yes,Yes,Yes,Yes,Yes,Yes,Month-to-month,Yes,Mailed check,65.25,1853.37,Yes
TC-00316,Female,0,Yes,No,2,Yes,Yes,Fiber optic,Yes,Yes,Yes,No,No,Yes,Two year,No,Credit card (automatic),49.84,142.87,No
TC-00317,Male,0,No,Yes,57,Yes,No,DSL,No,No,Yes,No,Yes,No,One year,Yes,Electronic check,86.05,4920.05,No
TC-00318,Male,0,No,No,60,Yes,Yes,DSL,No,Yes,No,Yes,Yes,Yes,Month-to-month,Yes,Electronic check,107.2,6458.79,No
TC-00319,Male,0,No,No,5,Yes,Yes,Fiber optic,Yes,No,Yes,No,Yes,Yes,Month-to-month,Yes,Mailed check,43.05,201.33,No
TC-00320,Female,0,Yes,Yes,19,Yes,Yes,DSL,Yes,No,Yes,Yes,Yes,Yes,Month-to-month,Yes,Bank transfer (automatic),100.55,1918.92,No
TC-00321,Female,1,No,Yes,60,Yes,Yes,No,No internet service,No internet service,No internet service,No internet service,No internet service,No internet service,Month-to-month,Yes,Credit card (automatic),54.07,3209.89,No
TC-00322,Male,0,No,No,45,Yes,No,Fiber optic,Yes,No,Yes,No,No,No,Two year,Yes,Credit card (automatic),31.18,1377.7,No
TC-00323,Female,0,Yes,No,12,Yes,No,No,No internet service,No internet service,No internet service,No internet service,No internet service,No internet service,Two year,No,Bank transfer (automatic),22.05,289.12,No
TC-00324,Female,0,No,No,22,Yes,Yes,Fiber optic,Yes,Yes,No,Yes,Yes,Yes,Month-to-month,Yes,Mailed check,65.94,1415.5,No
TC-00325,Female,0,Yes,No,30,Yes,No,DSL,No,No,Yes,Yes,No,Yes,Month-to-month,No,Electronic check,74.83,2251.43,No
TC-00326,Female,0,No,No,3,Yes,No,Fiber optic,No,Yes,Yes,Yes,Yes,Yes,Month-to-month,No,Electronic check,18.6,37.42,No
TC-00327,Male,1,Yes,No,65,Yes,No,No,No internet service,No internet service,No internet service,No internet service,No internet service,No internet service,One year,No,Mailed check,83.26,5355.69,No
TC-00328,Male,1,Yes,Yes,15,Yes,No,Fiber optic,No,No,Yes,Yes,Yes,Yes,One year,Yes,Credit card (automatic),69.85,1059.14,No
TC-00329,Female,0,Yes,No,30,Yes,No,Fiber optic,Yes,No,No,No,Yes,No,Two year,Yes,Bank transfer (automatic),117.74,3570.97,No
TC-00330,Female,0,No,No,47,Yes,No,Fiber optic,Yes,No,No,No,Yes,Yes,One year,No,Mailed check,28.45,1271.39,No
TC-00331,Male,0,Yes,No,42,Yes,Yes,DSL,No,No,No,No,Yes,No,Month-to-month,Yes,Credit card (automatic),88.5,3747.45,No
TC-00332,Male,0,Yes,No,3,Yes,No,DSL,No,Yes,Yes,Yes,No,Yes,Two year,No,Bank transfer (automatic),39.7,63.35,No
TC-00333,Female,0,No,No,61,Yes,No,DSL,No,Yes,Yes,Yes,No,Yes,Month-to-month,Yes,Credit card (automatic),38.63,2424.21,No
TC-00334,Male,0,Yes,Yes,47,Yes,Yes,Fiber optic,No,No,Yes,No,No,No,One year,Yes,Credit card (automatic),19.87,962.24,No
TC-00335,Female,0,No,No,27,Yes,Yes,DSL,No,Yes,Yes,Yes,No,Yes,Month-to-month,Yes,Electronic check,18.65,437.79,Yes
TC-00336,Female,0,No,No,15,Yes,No,Fiber optic,Yes,No,No,Yes,Yes,Yes,Month-to-month,No,Mailed check,36.66,592.55,No
TC-00337,Male,0,Yes,No,68,Yes,No,Fiber optic,Yes,Yes,Yes,No,No,No,Month-to-month,Yes,Credit card (automatic),35.55,2386.74,No
TC-00338,Male,1,Yes,Yes,29,Yes,No,Fiber optic,No,No,Yes,Yes,No,Yes,Month-to-month,Yes,Electronic check,18.04,474.89,No
TC-00339,Female,0,No,No,64,Yes,No,DSL,No,No,No,No,Yes,Yes,One year,Yes,Mailed check,89.71,5777.53,No
TC-00340,Female,0,Yes,No,68,Yes,Yes,Fiber optic,No,No,Yes,Yes,No,Yes,Month-to-month,No,Mailed check,68.37,4709.5,No
TC-00341,Male,0,Yes,No,13,Yes,Yes,Fiber optic,No,No,Yes,No,Yes,No,Month-to-month,No,Bank transfer (automatic),57.61,772.75,Yes
TC-00342,Female,1,Yes,Yes,33,Yes,Yes,No,No internet service,No internet service,No internet service,No internet service,No internet service,No internet service,Two year,Yes,Mailed check,28.38,917.96,No
TC-00343,Male,1,Yes,No,55,No,No phone service,Fiber optic,No,Yes,Yes,Yes,No,Yes,Two year,No,Electronic check,51.39,2834.93,No
TC-00344,Female,0,No,Yes,28,Yes,Yes,DSL,No,No,No,Yes,Yes,No,One year,Yes,Electronic check,65.06,1792.57,No
TC-00345,Male,0,No,No,24,Yes,Yes,DSL,No,No,No,No,Yes,No,Month-to-month,Yes,Mailed check,117.8,2818.48,No
TC-00346,Male,0,Yes,No,65,Yes,No,Fiber optic,Yes,Yes,Yes,Yes,No,No,Two year,Yes,Electronic check,69.06,4509.3,No
TC-00347,Male,0,No,Yes,39,Yes,No,Fiber optic,No,No,No,No,Yes,No,One year,No,Credit card (automatic),19.95,706.74,No
TC-00348,Female,0,Yes,No,14,Yes,No,DSL,No,Yes,Yes,No,Yes,Yes,One year,Yes,Credit card (automatic),38.77,565.1,No
TC-00349,Female,0,Yes,No,31,Yes,Yes,Fiber optic,No,No,No,Yes,No,Yes,Two year,No,Bank transfer (automatic),53.45,1586.33,No
TC-00350,Male,0,Yes,No,19,Yes,No,DSL,Yes,No,No,No,No,No,Month-to-month,No,Credit card (automatic),63.59,1144.52,No
TC-00351,Female,0,Yes,No,52,No,No phone service,Fiber optic,No,Yes,No,No,No,No,Month-to-month,Yes,Mailed check,85.43,4475.05,No
TC-00352,Male,0,No,No,66,Yes,Yes,DSL,Yes,Yes,Yes,Yes,No,Yes,Two year,No,Credit card (automatic),77.06,5043.76,No
TC-00353,Male,1,Yes,No,48,Yes,No,No,No internet service,No internet service,No internet service,No internet service,No internet service,No internet service,Two year,No,Bank transfer (automatic),68.93,3259.09,No
TC-00354,Female,0,No,No,66,Yes,No,DSL,Yes,Yes,Yes,No,No,Yes,Two year,No,Electronic check,101.79,6703.36,No
TC-00355,Female,0,Yes,No,0,Yes,No,Fiber optic,Yes,No,Yes,No,No,Yes,Two year,Yes,Mailed check,37.62,37.62,No
TC-00356,Male,0,No,No,38,Yes,No,Fiber optic,No,No,No,Yes,Yes,Yes,Month-to-month,No,Bank transfer (automatic),25.79,991.59,No
TC-00357,Female,0,No,Yes,60,Yes,Yes,DSL,No,Yes,No,No,No,Yes,Two year,Yes,Credit card (automatic),101.82,6117.93,No
TC-00358,Female,0,No,No,54,Yes,No,No,No internet service,No internet service,No internet service,No internet service,No internet service,No internet service,Two year,No,Mailed check,64.22,3418.6,No
TC-00359,Male,0,No,No,68,Yes,Yes,Fiber optic,Yes,No,No,No,No,Yes,Month-to-month,Yes,Mailed check,73.34,4901.57,No
TC-00360,Male,1,Yes,No,1,Yes,Yes,DSL,Yes,No,No,No,No,Yes,One year,Yes,Electronic check,101.74,91.6,No
TC-00361,Female,0,No,No,16,Yes,No,Fiber optic,No,No,No,Yes,Yes,Yes,One year,Yes,Credit card (automatic),112.58,1856.31,Yes
TC-00362,Male,0,Yes,No,28,Yes,Yes,No,No internet service,No internet service,No internet service,No internet service,No internet service,No internet service,Month-to-month,Yes,Credit card (automatic),73.2,2046.31,No
TC-00363,Male,0,No,No,3,Yes,No,No,No internet service,No internet service,No internet service,No internet service,No internet service,No internet service,Month-to-month,Yes,Credit card (automatic),99.23,280.31,Yes
TC-00364,Female,0,No,No,63,No,No phone service,Fiber optic,Yes,No,No,Yes,No,No,Month-to-month,No,Credit card (automatic),72.48,4652.76,No
TC-00365,Male,0,No,No,42,Yes,Yes,Fiber optic,No,Yes,Yes,No,No,No,Month-to-month,Yes,Bank transfer (automatic),21.33,933.49,Yes
TC-00366,Male,0,Yes,Yes,11,Yes,Yes,DSL,No,No,Yes,No,Yes,No,Month-to-month,Yes,Electronic check,113.59,1163.11,Yes
TC-00367,Female,0,No,No,49,Yes,No,No,No internet service,No internet service,No internet service,No internet service,No internet service,No internet service,Month-to-month,Yes,Mailed check,99.78,4875.27,No
TC-00368,Female,0,Yes,No,67,Yes,No,DSL,Yes,Yes,Yes,No,Yes,No,Month-to-month,Yes,Credit card (automatic),93.34,6264.93,No
TC-00369,Male,0,Yes,No,60,Yes,No,DSL,Yes,No,No,Yes,Yes,Yes,Two year,Yes,Electronic check,62.18,3677.42,No
TC-00370,Male,0,Yes,No,50,Yes,No,No,No internet service,No internet service,No internet service,No internet service,No internet service,No internet service,Month-to-month,No,Mailed check,112.25,5597.85,Yes
TC-00371,Female,0,No,Yes,4,Yes,Yes,DSL,Yes,No,Yes,No,No,Yes,Month-to-month,Yes,Credit card (automatic),66.98,268.98,No
TC-00372,Female,0,No,Yes,27,Yes,No,Fiber optic,No,No,No,No,Yes,No,Two year,Yes,Mailed check,90.08,2420.97,No
TC-00373,Female,0,No,No,9,Yes,Yes,Fiber optic,No,Yes,Yes,Yes,No,Yes,Month-to-month,Yes,Credit card (automatic),28.06,192.0,No
TC-00374,Female,0,No,No,51,Yes,No,No,No internet service,No internet service,No internet service,No internet service,No internet service,No internet service,Month-to-month,Yes,Credit card (automatic),39.89,2107.8,No
TC-00375,Male,1,No,No,16,Yes,Yes,Fiber optic,Yes,No,No,No,No,Yes,Month-to-month,No,Mailed check,60.42,980.06,No
TC-00376,Female,0,No,No,64,Yes,Yes,Fiber optic,Yes,No,Yes,No,Yes,No,Month-to-month,No,Credit card (automatic),76.13,4829.36,No
TC-00377,Female,0,No,Yes,20,Yes,Yes,DSL,No,No,Yes,No,No,No,Month-to-month,Yes,Bank transfer (automatic),98.56,2015.0,No
TC-00378,Male,1,Yes,Yes,53,Yes,Yes,DSL,No,No,No,No,No,No,Two year,Yes,Bank transfer (automatic),42.09,2226.72,Yes
TC-00379,Female,0,No,No,48,No,No phone service,No,No internet service,No internet service,No internet service,No internet service,No internet service,No internet service,One year,No,Mailed check,95.44,4630.71,No
TC-00380,Male,0,Yes,No,21,Yes,Yes,Fiber optic,No,No,No,Yes,No,No,Month-to-month,No,Credit card (automatic),107.0,2241.79,Yes
TC-00381,Female,0,Yes,No,68,Yes,No,DSL,No,Yes,No,Yes,Yes,Yes,Month-to-month,Yes,Mailed check,99.85,6715.99,No
TC-00382,Female,0,No,No,63,Yes,Yes,Fiber optic,No,No,No,No,No,Yes,Month-to-month,Yes,Electronic check,80.24,5001.76,No
TC-00383,Female,0,No,No,35,No,No phone service,DSL,No,Yes,No,Yes,Yes,No,Month-to-month,Yes,Electronic check,99.0,3522.05,Yes
TC-00384,Male,0,Yes,Yes,20,Yes,No,Fiber optic,Yes,No,No,Yes,No,No,Month-to-month,No,Electronic check,105.75,2166.64,No
TC-00385,Male,0,Yes,No,55,Yes,No,DSL,No,Yes,No,No,Yes,Yes,Two year,Yes,Credit card (automatic),73.51,3976.58,No
TC-00386,Female,0,No,No,47,No,No phone service,DSL,No,No,Yes,No,Yes,No,Month-to-month,Yes,Mailed check,99.02,4723.59,No
TC-00387,Male,1,Yes,Yes,17,Yes,Yes,Fiber optic,No,Yes,Yes,No,No,Yes,Two year,Yes,Electronic check,60.11,1073.16,Yes
TC-00388,Male,0,Yes,No,14,Yes,Yes,No,No internet service,No internet service,No internet service,No internet service,No internet service,No internet service,Month-to-month,Yes,Credit card (automatic),70.25,951.79,Yes
TC-00389,Male,1,Yes,No,43,Yes,Yes,Fiber optic,Yes,Yes,Yes,No,Yes,Yes,Month-to-month,No,Credit card (automatic),23.26,996.28,No
TC-00390,Male,0,Yes,No,44,Yes,Yes,Fiber optic,Yes,No,No,Yes,No,Yes,Two year,Yes,Electronic check,106.35,4569.26,No
TC-00391,Male,0,No,No,35,Yes,No,DSL,Yes,No,No,No,No,No,One year,No,Bank transfer (automatic),32.04,1086.36,No
TC-00392,Male,0,No,No,39,No,No phone service,Fiber optic,Yes,No,Yes,No,No,No,One year,No,Bank transfer (automatic),45.62,1768.61,No
TC-00393,Female,0,Yes,Yes,50,Yes,No,No,No internet service,No internet service,No internet service,No internet service,No internet service,No internet service,One year,Yes,Bank transfer (automatic),49.75,2502.97,No
TC-00394,Female,0,Yes,Yes,29,Yes,Yes,Fiber optic,Yes,No,Yes,No,No,No,Month-to-month,Yes,Bank transfer (automatic),29.59,852.32,No
TC-00395,Male,0,Yes,Yes,25,Yes,Yes,DSL,No,No,No,No,Yes,No,Two year,Yes,Mailed check,110.18,2761.44,No
TC-00396,Female,0,No,No,30,Yes,No,No,No internet service,No internet service,No internet service,No internet service,No internet service,No internet service,Two year,No,Mailed check,115.0,3401.59,No
TC-00397,Female,1,No,Yes,55,Yes,No,Fiber optic,Yes,Yes,Yes,No,No,Yes,One year,Yes,Electronic check,104.52,5764.79,No
TC-00398,Female,0,Yes,No,60,Yes,Yes,DSL,Yes,Yes,No,Yes,Yes,Yes,One year,Yes,Credit card (automatic),52.64,3242.56,No
TC-00399,Female,0,Yes,Yes,16,Yes,Yes,Fiber optic,No,No,No,No,No,Yes,Month-to-month,No,Bank transfer (automatic),23.52,398.29,Yes
TC-00400,Male,0,Yes,No,23,Yes,No,DSL,Yes,Yes,Yes,Yes,Yes,Yes,Month-to-month,No,Credit card (automatic),36.29,836.37,No
TC-00401,Female,0,No,Yes,3,Yes,Yes,DSL,Yes,Yes,No,No,Yes,No,Month-to-month,No,Credit card (automatic),95.21,248.6,No
TC-00402,Female,0,Yes,No,8,Yes,Yes,No,No internet service,No internet service,No internet service,No internet service,No internet service,No internet service,Month-to-month,No,Mailed check,46.6,354.97,Yes
TC-00403,Male,0,Yes,Yes,1,Yes,Yes,Fiber optic,No,Yes,Yes,Yes,Yes,Yes,One year,No,Credit card (automatic),107.26,41.65,No
TC-00404,Male,0,Yes,No,34,Yes,Yes,Fiber optic,No,No,No,No,No,No,Month-to-month,Yes,Credit card (automatic),101.51,3379.06,No
TC-00405,Female,1,Yes,No,37,Yes,Yes,No,No internet service,No internet service,No internet service,No internet service,No internet service,No internet service,Month-to-month,Yes,Bank transfer (automatic),41.69,1539.03,No
TC-00406,Female,0,Yes,No,44,Yes,Yes,Fiber optic,No,No,Yes,No,No,Yes,Two year,No,Electronic check,87.35,3871.12,No
TC-00407,Female,0,No,Yes,14,Yes,No,Fiber optic,No,Yes,No,No,No,Yes,Month-to-month,Yes,Mailed check,62.23,828.44,Yes
TC-00408,Female,0,No,Yes,41,Yes,Yes,No,No internet service,No internet service,No internet service,No internet service,No internet service,No internet service,One year,No,Bank transfer (automatic),39.49,1678.88,No
TC-00409,Female,0,No,No,2,Yes,No,Fiber optic,No,Yes,No,Yes,Yes,Yes,Month-to-month,No,Electronic check,77.01,125.98,Yes
TC-00410,Female,0,Yes,No,30,Yes,Yes,DSL,Yes,No,No,Yes,No,No,Month-to-month,Yes,Bank transfer (automatic),101.74,3047.7,No
TC-00411,Male,0,No,No,51,Yes,No,No,No internet service,No internet service,No internet service,No internet service,No internet service,No internet service,One year,Yes,Electronic check,110.68,5691.95,No
TC-00412,Female,1,Yes,No,40,Yes,Yes,DSL,Yes,Yes,Yes,Yes,Yes,Yes,Month-to-month,Yes,Bank transfer (automatic),23.87,939.15,No
TC-00413,Female,0,No,No,56,Yes,No,DSL,No,No,Yes,No,Yes,No,Month-to-month,Yes,Bank transfer (automatic),59.87,3384.1,No
TC-00414,Male,0,No,No,41,Yes,No,Fiber optic,Yes,No,No,Yes,No,No,Month-to-month,Yes,Electronic check,78.44,3244.67,No
TC-00415,Male,1,Yes,No,52,Yes,Yes,No,No internet service,No internet service,No internet service,No internet service,No internet service,No internet service,One year,Yes,Bank transfer (automatic),51.8,2659.9,No
TC-00416,Male,0,Yes,No,55,Yes,No,No,No internet service,No internet service,No internet service,No internet service,No internet service,No internet service,One year,No,Electronic check,49.77,2705.0,No
TC-00417,Male,0,Yes,Yes,71,Yes,No,Fiber optic,No,No,No,No,No,No,Month-to-month,Yes,Credit card (automatic),95.19,6819.61,Yes
TC-00418,Female,0,No,No,52,Yes,Yes,DSL,Yes,Yes,Yes,Yes,Yes,No,Two year,No,Credit card (automatic),96.25,5071.0,No
TC-00419,Female,0,Yes,Yes,31,No,No phone service,Fiber optic,No,No,No,No,No,No,Month-to-month,No,Electronic check,90.89,2848.87,Yes
TC-00420,Female,0,No,No,53,Yes,No,Fiber optic,Yes,Yes,Yes,Yes,Yes,No,One year,Yes,Bank transfer (automatic),107.85,5672.66,Yes
TC-00421,Female,0,No,No,36,Yes,Yes,DSL,Yes,Yes,No,Yes,No,Yes,One year,Yes,Credit card (automatic),67.47,2472.34,No
TC-00422,Female,0,No,No,7,Yes,No,Fiber optic,No,No,No,No,No,Yes,Two year,Yes,Electronic check,96.78,663.56,Yes
TC-00423,Female,0,Yes,No,10,Yes,Yes,Fiber optic,Yes,Yes,No,No,Yes,No,Month-to-month,No,Mailed check,19.12,127.77,No
TC-00424,Male,0,Yes,No,53,Yes,No,Fiber optic,No,No,No,Yes,Yes,No,Two year,No,Credit card (automatic),116.74,6155.39,No
TC-00425,Female,0,Yes,No,59,Yes,No,Fiber optic,Yes,No,No,No,Yes,Yes,Month-to-month,No,Electronic check,109.92,6474.09,No
TC-00426,Male,0,No,No,9,Yes,No,DSL,No,No,No,Yes,No,Yes,Month-to-month,No,Electronic check,102.13,973.5,No
TC-00427,Male,0,No,Yes,69,Yes,No,Fiber optic,Yes,Yes,Yes,No,No,No,Month-to-month,Yes,Credit card (automatic),76.78,5257.69,No
TC-00428,Female,0,Yes,Yes,41,Yes,Yes,DSL,Yes,Yes,Yes,No,Yes,No,Month-to-month,Yes,Bank transfer (automatic),72.42,2920.93,No
TC-00429,Male,0,No,No,36,Yes,No,Fiber optic,No,Yes,Yes,No,Yes,No,Month-to-month,No,Mailed check,33.01,1164.22,Yes
TC-00430,Female,0,No,Yes,57,Yes,Yes,Fiber optic,No,No,No,No,No,No,One year,No,Electronic check,23.4,1327.71,No
TC-00431,Male,1,No,No,58,Yes,Yes,DSL,Yes,No,No,No,No,No,Month-to-month,No,Bank transfer (automatic),43.59,2561.87,No
TC-00432,Female,0,Yes,No,23,Yes,No,DSL,Yes,No,Yes,No,Yes,Yes,Month-to-month,No,Bank transfer (automatic),33.1,789.82,Yes
TC-00433,Male,0,No,No,27,Yes,No,DSL,No,No,Yes,No,No,Yes,Month-to-month,Yes,Electronic check,74.08,1887.68,No
TC-00434,Female,0,No,No,36,No,No phone service,Fiber optic,Yes,Yes,Yes,Yes,Yes,No,Two year,Yes,Mailed check,51.25,1827.21,No
TC-00435,Female,0,Yes,No,20,Yes,No,DSL,Yes,Yes,No,No,Yes,No,Month-to-month,Yes,Credit card (automatic),56.79,1142.0,No
TC-00436,Female,0,Yes,No,32,Yes,Yes,DSL,Yes,Yes,No,No,Yes,Yes,Month-to-month,Yes,Mailed check,20.64,616.96,No
TC-00437,Female,1,Yes,No,1,Yes,No,DSL,Yes,Yes,No,Yes,Yes,No,Month-to-month,Yes,Bank transfer (automatic),72.86,33.84,No
TC-00438,Female,0,Yes,Yes,27,No,No phone service,Fiber optic,Yes,Yes,Yes,Yes,Yes,Yes,Two year,Yes,Electronic check,83.62,2288.97,No
TC-00439,Male,0,Yes,No,14,Yes,Yes,Fiber optic,No,Yes,No,No,No,No,One year,Yes,Electronic check,51.44,754.32,No
TC-00440,Male,0,Yes,No,0,Yes,Yes,Fiber optic,Yes,Yes,No,Yes,No,No,Two year,Yes,Mailed check,31.13,31.13,No
TC-00441,Male,1,No,No,27,Yes,No,Fiber optic,No,Yes,Yes,Yes,No,Yes,Two year,Yes,Mailed check,88.37,2406.09,No
TC-00442,Female,0,No,No,49,Yes,No,Fiber optic,Yes,No,Yes,Yes,No,Yes,Two year,Yes,Mailed check,30.9,1537.26,No
TC-00443,Male,1,No,No,34,Yes,No,No,No internet service,No internet service,No internet service,No internet service,No internet service,No internet service,One year,Yes,Electronic check,99.69,3334.62,No
TC-00444,Female,0,No,No,27,Yes,No,DSL,No,Yes,No,No,Yes,Yes,Two year,No,Electronic check,72.6,1906.03,No
TC-00445,Female,0,Yes,No,8,Yes,No,Fiber optic,No,Yes,Yes,No,No,Yes,Month-to-month,No,Bank transfer (automatic),41.74,314.26,Yes
TC-00446,Male,0,No,No,23,No,No phone service,Fiber optic,Yes,Yes,No,No,No,Yes,One year,No,Mailed check,107.87,2446.36,No
TC-00447,Male,0,Yes,Yes,62,Yes,No,Fiber optic,Yes,No,No,No,Yes,No,Month-to-month,Yes,Bank transfer (automatic),32.18,1965.33,No
TC-00448,Female,0,Yes,No,3,Yes,No,Fiber optic,No,Yes,No,Yes,No,No,Month-to-month,No,Bank transfer (automatic),78.12,229.6,No
TC-00449,Male,0,No,No,55,Yes,No,No,No internet service,No internet service,No internet service,No internet service,No internet service,No internet service,Month-to-month,No,Mailed check,79.75,4381.67,No
TC-00450,Female,0,No,Yes,40,Yes,No,No,No internet service,No internet service,No internet service,No internet service,No internet service,No internet service,Month-to-month,Yes,Credit card (automatic),21.73,741.18,No
TC-00451,Female,0,Yes,No,66,Yes,Yes,Fiber optic,No,Yes,Yes,Yes,No,Yes,Month-to-month,No,Electronic check,78.97,5216.8,No
TC-00452,Female,0,Yes,Yes,47,Yes,Yes,Fiber optic,Yes,Yes,Yes,No,Yes,Yes,Month-to-month,Yes,Credit card (automatic),87.42,4096.14,No
TC-00453,Female,0,Yes,No,57,Yes,No,Fiber optic,Yes,Yes,Yes,No,No,Yes,One year,Yes,Electronic check,109.01,6224.85,No
TC-00454,Female,0,Yes,No,38,Yes,No,Fiber optic,Yes,No,Yes,No,No,Yes,Month-to-month,Yes,Electronic check,88.89,3345.77,No
TC-00455,Male,0,No,No,24,No,No phone service,No,No internet service,No internet service,No internet service,No internet service,No internet service,No internet service,One year,No,Electronic check,66.44,1562.79,No
TC-00456,Male,0,Yes,No,59,Yes,No,Fiber optic,No,No,Yes,No,Yes,No,Month-to-month,Yes,Mailed check,103.33,6076.94,No
TC-00457,Female,0,No,Yes,46,Yes,No,DSL,No,No,No,Yes,No,No,Two year,No,Mailed check,53.38,2508.91,No
TC-00458,Female,0,Yes,Yes,60,Yes,Yes,Fiber optic,Yes,No,Yes,No,Yes,No,Month-to-month,Yes,Mailed check,103.55,6192.16,No
TC-00459,Male,0,Yes,No,26,Yes,No,Fiber optic,No,No,No,Yes,Yes,No,Month-to-month,Yes,Electronic check,102.4,2717.94,Yes
TC-00460,Male,0,Yes,No,41,Yes,Yes,No,No internet service,No internet service,No internet service,No internet service,No internet service,No internet service,Month-to-month,Yes,Mailed check,78.37,3262.03,No
TC-00461,Female,0,No,No,51,Yes,No,No,No internet service,No internet service,No internet service,No internet service,No internet service,No internet service,One year,Yes,Bank transfer (automatic),52.46,2658.54,No
TC-00462,Male,0,Yes,No,47,Yes,No,No,No internet service,No internet service,No internet service,No internet service,No internet service,No internet service,Month-to-month,Yes,Credit card (automatic),77.12,3599.09,No
TC-00463,Female,0,No,No,31,Yes,No,Fiber optic,Yes,No,No,No,Yes,Yes,Month-to-month,Yes,Bank transfer (automatic),108.59,3342.48,Yes
TC-00464,Male,0,No,No,23,Yes,No,DSL,No,Yes,Yes,Yes,No,Yes,Two year,Yes,Electronic check,81.65,1870.75,No
TC-00465,Female,0,No,No,2,Yes,No,Fiber optic,Yes,No,No,Yes,No,No,Month-to-month,Yes,Mailed check,102.0,176.06,Yes
TC-00466,Male,0,Yes,Yes,26,Yes,No,DSL,No,Yes,No,Yes,Yes,No,Month-to-month,Yes,Bank transfer (automatic),52.46,1400.75,No
TC-00467,Female,0,No,No,39,Yes,No,No,No internet service,No internet service,No internet service,No internet service,No internet service,No internet service,One year,Yes,Credit card (automatic),47.23,1809.68,No
TC-00468,Male,0,No,No,22,Yes,No,Fiber optic,No,No,Yes,Yes,No,No,Two year,No,Electronic check,43.58,1001.91,No
TC-00469,Male,0,Yes,Yes,6,Yes,Yes,No,No internet service,No internet service,No internet service,No internet service,No internet service,No internet service,Month-to-month,Yes,Electronic check,67.13,356.16,No
TC-00470,Female,0,Yes,No,36,Yes,No,Fiber optic,No,No,Yes,No,No,Yes,Month-to-month,Yes,Bank transfer (automatic),61.2,2119.83,No
TC-00471,Male,0,No,No,6,Yes,No,DSL,No,No,Yes,No,No,No,Two year,Yes,Electronic check,103.42,530.66,No
TC-00472,Female,0,No,No,21,Yes,No,Fiber optic,Yes,No,Yes,Yes,Yes,No,Month-to-month,Yes,Bank transfer (automatic),29.26,587.44,Yes
TC-00473,Male,1,Yes,No,16,Yes,No,DSL,Yes,Yes,No,No,Yes,No,Month-to-month,Yes,Mailed check,73.4,1134.02,Yes
TC-00474,Female,0,No,Yes,18,Yes,No,Fiber optic,Yes,Yes,No,No,No,Yes,One year,Yes,Electronic check,58.34,1007.48,No
TC-00475,Male,0,No,No,38,Yes,Yes,Fiber optic,No,Yes,Yes,No,Yes,Yes,Month-to-month,Yes,Bank transfer (automatic),111.76,4296.03,No
TC-00476,Female,0,No,Yes,35,Yes,No,Fiber optic,No,Yes,Yes,No,No,No,Two year,Yes,Mailed check,96.84,3352.82,No
TC-00477,Male,0,Yes,No,14,Yes,Yes,DSL,No,No,No,No,Yes,No,One year,Yes,Credit card (automatic),61.34,760.48,No
TC-00478,Female,0,No,No,62,Yes,Yes,No,No internet service,No internet service,No internet service,No internet service,No internet service,No internet service,Month-to-month,Yes,Bank transfer (automatic),82.06,5115.96,No
TC-00479,Male,0,Yes,No,28,No,No phone service,Fiber optic,Yes,No,No,No,Yes,No,One year,No,Credit card (automatic),92.56,2658.48,Yes
TC-00480,Female,0,Yes,Yes,59,Yes,Yes,No,No internet service,No internet service,No internet service,No internet service,No internet service,No internet service,Month-to-month,No,Credit card (automatic),25.11,1503.98,No
TC-00481,Female,0,Yes,No,55,Yes,No,DSL,Yes,No,No,No,Yes,No,Two year,No,Electronic check,85.37,4661.84,Yes
TC-00482,Female,1,No,No,39,Yes,Yes,DSL,No,No,Yes,Yes,No,Yes,Month-to-month,Yes,Bank transfer (automatic),31.95,1254.63,No
TC-00483,Male,0,Yes,No,15,No,No phone service,No,No internet service,No internet service,No internet service,No internet service,No internet service,No internet service,One year,Yes,Mailed check,36.89,513.18,No
TC-00484,Female,0,No,No,32,Yes,Yes,DSL,Yes,No,Yes,No,No,Yes,Month-to-month,No,Bank transfer (automatic),64.12,2003.26,No
TC-00485,Male,0,Yes,Yes,15,Yes,No,Fiber optic,Yes,No,No,Yes,Yes,No,Month-to-month,No,Bank transfer (automatic),115.95,1729.37,No
TC-00486,Female,0,No,No,29,No,No phone service,No,No internet service,No internet service,No internet service,No internet service,No internet service,No internet service,Two year,No,Electronic check,113.22,3280.53,No
TC-00487,Male,0,No,No,65,Yes,Yes,Fiber optic,No,Yes,No,No,Yes,Yes,Month-to-month,Yes,Electronic check,108.23,7024.81,No
TC-00488,Female,0,No,No,43,Yes,No,DSL,No,No,Yes,No,Yes,Yes,Month-to-month,Yes,Mailed check,21.43,1005.07,No
TC-00489,Male,0,Yes,No,37,No,No phone service,DSL,No,No,Yes,Yes,Yes,No,Two year,No,Electronic check,103.28,3823.5,No
TC-00490,Male,0,No,No,50,Yes,Yes,Fiber optic,No,No,Yes,No,Yes,Yes,Month-to-month,Yes,Mailed check,95.62,4828.99,No
TC-00491,Female,0,No,No,59,Yes,Yes,Fiber optic,No,No,Yes,No,No,Yes,One year,Yes,Mailed check,67.88,4116.51,No
TC-00492,Male,0,Yes,No,17,Yes,Yes,DSL,Yes,No,No,No,No,Yes,Two year,Yes,Mailed check,50.54,835.5,No
TC-00493,Male,0,Yes,Yes,4,Yes,No,Fiber optic,Yes,Yes,No,Yes,No,Yes,Two year,No,Bank transfer (automatic),93.56,381.67,No
TC-00494,Female,1,No,Yes,39,Yes,Yes,Fiber optic,Yes,Yes,No,No,Yes,No,Month-to-month,Yes,Credit card (automatic),28.7,1160.15,Yes
TC-00495,Male,0,Yes,No,5,Yes,No,No,No internet service,No internet service,No internet service,No internet service,No internet service,No internet service,Month-to-month,No,Credit card (automatic),83.04,421.3,No
TC-00496,Male,0,Yes,Yes,11,Yes,No,DSL,No,No,No,Yes,No,Yes,One year,No,Electronic check,85.19,923.23,No
TC-00497,Male,0,Yes,No,11,Yes,Yes,Fiber optic,No,No,Yes,No,No,Yes,Month-to-month,Yes,Bank transfer (automatic),73.37,924.25,Yes
TC-00498,Female,0,No,No,21,Yes,Yes,No,No internet service,No internet service,No internet service,No internet service,No internet service,No internet service,Two year,Yes,Bank transfer (automatic),105.78,2281.3,Yes
TC-00499,Male,0,Yes,No,48,Yes,No,Fiber optic,No,No,Yes,No,No,Yes,Month-to-month,Yes,Credit card (automatic),50.99,2342.44,No
TC-00500,Female,0,No,No,49,Yes,No,Fiber optic,No,No,Yes,No,Yes,No,Month-to-month,Yes,Credit card (automatic),65.82,3293.05,Yes
TC-00501,Male,1,Yes,No,3,Yes,No,DSL,No,No,Yes,No,Yes,Yes,Two year,Yes,Bank transfer (automatic),93.87,361.63,No
TC-00502,Male,0,Yes,Yes,49,Yes,Yes,DSL,Yes,No,Yes,Yes,No,No,Month-to-month,No,Bank transfer (automatic),89.67,4453.6,No
TC-00503,Male,0,No,No,2,Yes,Yes,Fiber optic,No,No,Yes,Yes,Yes,No,Month-to-month,No,Bank transfer (automatic),74.25,186.03,Yes
TC-00504,Female,0,Yes,Yes,15,Yes,Yes,DSL,Yes,No,Yes,Yes,Yes,Yes,Month-to-month,No,Electronic check,45.21,755.7,No
TC-00505,Male,0,Yes,No,13,Yes,No,No,No internet service,No internet service,No internet service,No internet service,No internet service,No internet service,One year,Yes,Credit card (automatic),47.43,660.72,No
TC-00506,Male,0,Yes,No,63,Yes,Yes,No,No internet service,No internet service,No internet service,No internet service,No internet service,No internet service,Month-to-month,Yes,Electronic check,92.12,5832.5,No
TC-00507,Female,0,Yes,No,40,Yes,No,DSL,Yes,No,No,No,No,Yes,Two year,Yes,Mailed check,18.57,749.51,No
TC-00508,Male,0,No,No,67,Yes,No,Fiber optic,Yes,No,No,No,No,Yes,Month-to-month,No,Credit card (automatic),83.27,5525.51,Yes
TC-00509,Female,0,No,No,58,Yes,No,No,No internet service,No internet service,No internet service,No internet service,No internet service,No internet service,Month-to-month,Yes,Electronic check,42.83,2415.5,No
TC-00510,Female,0,No,No,1,Yes,No,Fiber optic,Yes,No,No,No,No,No,Month-to-month,Yes,Bank transfer (automatic),85.3,123.95,Yes
TC-00511,Male,1,No,No,9,Yes,No,Fiber optic,No,Yes,Yes,Yes,Yes,Yes,Month-to-month,Yes,Credit card (automatic),36.69,367.96,No
TC-00512,Female,0,No,No,25,Yes,Yes,Fiber optic,Yes,Yes,Yes,No,Yes,No,Month-to-month,Yes,Bank transfer (automatic),55.64,1388.86,Yes
TC-00513,Male,0,No,No,3,Yes,No,DSL,No,Yes,No,No,Yes,Yes,Month-to-month,Yes,Credit card (automatic),93.38,237.31,No
TC-00514,Female,0,No,No,27,Yes,Yes,No,No internet service,No internet service,No internet service,No internet service,No internet service,No internet service,Two year,No,Mailed check,93.52,2468.54,No
TC-00515,Female,0,Yes,Yes,1,Yes,No,No,No internet service,No internet service,No internet service,No internet service,No internet service,No internet service,Two year,No,Electronic check,38.97,20.86,No
TC-00516,Male,0,No,Yes,65,Yes,Yes,DSL,No,Yes,No,No,Yes,Yes,Two year,Yes,Electronic check,55.63,3651.04,No
TC-00517,Female,0,No,Yes,15,No,No phone service,DSL,No,No,No,Yes,No,No,Two year,No,Mailed check,68.25,1135.67,Yes
TC-00518,Female,0,No,Yes,56,Yes,No,No,No internet service,No internet service,No internet service,No internet service,No internet service,No internet service,Month-to-month,No,Bank transfer (automatic),76.74,4296.21,No
TC-00519,Female,0,Yes,No,22,Yes,Yes,Fiber optic,Yes,No,No,No,Yes,Yes,Month-to-month,No,Bank transfer (automatic),92.24,2043.67,Yes
TC-00520,Female,0,No,No,22,Yes,Yes,DSL,No,Yes,No,No,No,No,One year,Yes,Credit card (automatic),20.36,504.22,No
TC-00521,Female,1,No,No,20,Yes,No,DSL,No,Yes,No,Yes,Yes,Yes,One year,Yes,Credit card (automatic),29.53,587.41,No
TC-00522,Male,0,No,No,24,Yes,No,DSL,Yes,No,No,Yes,Yes,Yes,Month-to-month,No,Credit card (automatic),33.77,828.92,No
TC-00523,Female,0,Yes,No,57,No,No phone service,No,No internet service,No internet service,No internet service,No internet service,No internet service,No internet service,Two year,No,Credit card (automatic),37.07,2154.09,No
TC-00524,Male,0,No,No,36,Yes,Yes,Fiber optic,No,No,No,No,Yes,No,Month-to-month,No,Bank transfer (automatic),21.03,812.18,Yes
TC-00525,Female,0,Yes,No,48,Yes,Yes,Fiber optic,No,Yes,Yes,Yes,Yes,No,Two year,Yes,Bank transfer (automatic),110.05,5285.11,No
TC-00526,Male,0,Yes,No,14,Yes,Yes,No,No internet service,No internet service,No internet service,No internet service,No internet service,No internet service,Month-to-month,No,Bank transfer (automatic),34.22,455.05,Yes
TC-00527,Male,0,Yes,No,27,Yes,No,Fiber optic,No,Yes,No,No,No,Yes,Month-to-month,No,Electronic check,25.36,694.93,No
TC-00528,Female,0,Yes,No,66,No,No phone service,Fiber optic,No,Yes,No,No,Yes,Yes,Month-to-month,Yes,Mailed check,65.17,4216.35,No
TC-00529,Female,0,No,No,3,Yes,No,No,No internet service,No internet service,No internet service,No internet service,No internet service,No internet service,Month-to-month,Yes,Mailed check,112.12,351.05,No
TC-00530,Female,0,Yes,No,46,Yes,No,DSL,Yes,No,No,Yes,No,No,Two year,No,Electronic check,114.44,5307.58,No
TC-00531,Male,0,Yes,Yes,49,Yes,Yes,No,No internet service,No internet service,No internet service,No internet service,No internet service,No internet service,Two year,No,Electronic check,85.64,4281.27,No
TC-00532,Female,0,No,No,59,Yes,Yes,DSL,No,Yes,Yes,Yes,Yes,Yes,Month-to-month,Yes,Electronic check,35.83,2160.2,No
TC-00533,Male,0,Yes,No,61,Yes,No,Fiber optic,No,No,No,No,Yes,Yes,Two year,Yes,Bank transfer (automatic),18.38,992.88,No
TC-00534,Male,0,Yes,No,66,No,No phone service,DSL,No,No,No,No,No,No,Month-to-month,No,Credit card (automatic),51.5,3468.59,No
TC-00535,Male,0,Yes,No,71,Yes,Yes,No,No internet service,No internet service,No internet service,No internet service,No internet service,No internet service,One year,No,Credit card (automatic),30.55,2242.4,No
TC-00536,Female,0,Yes,No,42,Yes,No,Fiber optic,Yes,Yes,Yes,Yes,Yes,No,Month-to-month,Yes,Credit card (automatic),93.51,3881.39,No
TC-00537,Female,0,Yes,No,57,Yes,No,DSL,No,No,Yes,No,Yes,No,Month-to-month,No,Mailed check,114.91,6529.84,No
TC-00538,Male,0,Yes,No,51,Yes,Yes,DSL,No,No,Yes,No,Yes,Yes,Month-to-month,Yes,Credit card (automatic),26.37,1416.82,No
TC-00539,Male,0,No,No,68,No,No phone service,Fiber optic,Yes,Yes,Yes,Yes,Yes,No,Month-to-month,Yes,Electronic check,57.69,3925.7,No
TC-00540,Female,0,No,No,45,No,No phone service,Fiber optic,Yes,Yes,No,Yes,No,No,Month-to-month,No,Electronic check,108.25,4841.87,Yes
TC-00541,Male,0,No,No,24,Yes,Yes,Fiber optic,Yes,Yes,No,Yes,No,Yes,Month-to-month,No,Mailed check,90.83,2142.35,No
TC-00542,Female,0,No,Yes,24,Yes,Yes,No,No internet service,No internet service,No internet service,No internet service,No internet service,No internet service,Month-to-month,Yes,Electronic check,104.98,2651.25,No
TC-00543,Male,0,Yes,No,34,Yes,No,No,No internet service,No internet service,No internet service,No internet service,No internet service,No internet service,One year,No,Bank transfer (automatic),110.3,3789.57,No
TC-00544,Female,0,Yes,Yes,60,Yes,Yes,Fiber optic,No,No,No,No,No,Yes,Month-to-month,No,Electronic check,59.26,3541.67,Yes
TC-00545,Male,0,Yes,No,14,Yes,Yes,Fiber optic,Yes,Yes,Yes,Yes,Yes,No,Month-to-month,No,Electronic check,87.37,1294.61,No
TC-00546,Female,0,No,No,34,Yes,Yes,DSL,No,No,Yes,No,No,Yes,One year,Yes,Electronic check,88.93,3019.11,No
TC-00547,Male,0,No,Yes,28,Yes,Yes,No,No internet service,No internet service,No internet service,No internet service,No internet service,No internet service,Month-to-month,No,Mailed check,81.08,2330.81,No
TC-00548,Female,1,Yes,No,37,Yes,Yes,DSL,Yes,No,Yes,Yes,No,No,Month-to-month,Yes,Bank transfer (automatic),50.58,1900.52,No
TC-00549,Female,0,Yes,No,68,No,No phone service,Fiber optic,No,No,No,No,No,No,Two year,No,Electronic check,101.22,6866.03,No
TC-00550,Male,0,No,Yes,23,Yes,No,Fiber optic,Yes,No,Yes,Yes,Yes,Yes,Two year,No,Bank transfer (automatic),94.89,2207.39,No
TC-00551,Male,1,No,Yes,18,Yes,No,No,No internet service,No internet service,No internet service,No internet service,No internet service,No internet service,Month-to-month,No,Bank transfer (automatic),62.52,1152.3,No
TC-00552,Female,1,No,No,45,Yes,No,Fiber optic,No,No,Yes,No,Yes,No,One year,Yes,Credit card (automatic),60.1,2744.54,No
TC-00553,Male,0,No,No,48,Yes,No,No,No internet service,No internet service,No internet service,No internet service,No internet service,No internet service,Two year,No,Bank transfer (automatic),19.08,997.26,No
TC-00554,Female,0,Yes,No,43,Yes,Yes,DSL,Yes,No,Yes,Yes,Yes,Yes,Two year,Yes,Bank transfer (automatic),102.34,4511.21,No
TC-00555,Male,0,No,No,25,Yes,No,Fiber optic,No,No,No,No,No,Yes,Two year,Yes,Bank transfer (automatic),46.4,1180.56,Yes
TC-00556,Female,0,No,No,24,Yes,No,DSL,Yes,Yes,No,No,No,No,Two year,No,Mailed check,65.08,1466.52,No
TC-00557,Female,0,Yes,No,34,Yes,No,No,No internet service,No internet service,No internet service,No internet service,No internet service,No internet service,Two year,Yes,Credit card (automatic),59.13,2054.25,No
TC-00558,Female,0,Yes,No,35,Yes,Yes,Fiber optic,No,Yes,No,No,Yes,Yes,Month-to-month,Yes,Mailed check,85.81,2990.31,Yes
TC-00559,Female,0,Yes,No,13,Yes,Yes,Fiber optic,Yes,No,No,No,No,No,One year,No,Bank transfer (automatic),57.01,656.57,No
TC-00560,Female,1,No,No,55,Yes,Yes,DSL,Yes,Yes,Yes,Yes,No,Yes,Two year,No,Mailed check,35.97,2012.88,No
TC-00561,Female,0,No,No,5,Yes,No,Fiber optic,Yes,Yes,Yes,Yes,Yes,No,Month-to-month,Yes,Electronic check,104.86,546.27,Yes
TC-00562,Male,0,No,No,31,Yes,Yes,DSL,Yes,Yes,No,No,Yes,Yes,Month-to-month,Yes,Mailed check,36.35,1086.57,No
TC-00563,Male,0,No,No,25,Yes,Yes,DSL,No,No,No,No,Yes,No,One year,Yes,Mailed check,20.84,461.7,No
TC-00564,Male,0,Yes,No,14,Yes,Yes,DSL,Yes,Yes,Yes,No,No,No,One year,Yes,Mailed check,37.62,596.47,No
TC-00565,Female,0,Yes,Yes,48,Yes,No,DSL,No,No,No,No,Yes,Yes,Two year,No,Mailed check,63.51,3073.79,No
TC-00566,Female,0,No,No,55,Yes,Yes,DSL,Yes,No,No,No,No,Yes,Month-to-month,No,Electronic check,60.32,3278.05,No
TC-00567,Female,0,No,No,36,Yes,No,DSL,No,Yes,No,Yes,No,Yes,Two year,No,Electronic check,97.63,3547.81,No
TC-00568,Female,0,No,No,52,Yes,No,DSL,No,Yes,No,No,Yes,No,Month-to-month,Yes,Credit card (automatic),37.49,1928.47,No
TC-00569,Male,0,Yes,No,57,Yes,Yes,Fiber optic,Yes,No,Yes,Yes,Yes,Yes,Month-to-month,Yes,Mailed check,95.56,5474.16,No
TC-00570,Male,1,No,No,35,Yes,Yes,Fiber optic,Yes,Yes,No,Yes,Yes,No,Month-to-month,No,Mailed check,27.64,983.1,Yes
TC-00571,Female,0,Yes,No,10,Yes,Yes,No,No internet service,No internet service,No internet service,No internet service,No internet service,No internet service,Two year,Yes,Credit card (automatic),65.37,525.48,No
TC-00572,Male,0,No,No,26,Yes,Yes,Fiber optic,Yes,No,No,No,No,Yes,Month-to-month,No,Credit card (automatic),104.53,2723.19,No
TC-00573,Male,0,Yes,Yes,1,Yes,No,DSL,Yes,Yes,No,Yes,No,No,Month-to-month,Yes,Credit card (automatic),59.29,50.96,No
TC-00574,Female,0,Yes,No,21,Yes,No,Fiber optic,No,Yes,Yes,No,No,No,Two year,No,Electronic check,114.33,2363.91,Yes
TC-00575,Male,0,No,No,65,Yes,No,DSL,Yes,Yes,Yes,Yes,No,No,Month-to-month,Yes,Bank transfer (automatic),81.1,5208.3,No
TC-00576,Female,0,Yes,No,16,Yes,No,Fiber optic,No,Yes,Yes,No,Yes,Yes,Month-to-month,No,Bank transfer (automatic),93.67,1487.84,Yes
TC-00577,Male,0,Yes,No,3,Yes,Yes,Fiber optic,No,No,Yes,Yes,Yes,Yes,Month-to-month,Yes,Electronic check,68.99,189.33,Yes
TC-00578,Female,1,No,No,13,Yes,No,Fiber optic,Yes,Yes,No,Yes,Yes,Yes,Two year,Yes,Credit card (automatic),60.98,825.31,No
TC-00579,Female,0,Yes,Yes,6,Yes,No,Fiber optic,Yes,No,Yes,No,Yes,Yes,Two year,Yes,Mailed check,26.47,151.56,No
TC-00580,Female,0,No,No,15,Yes,Yes,No,No internet service,No internet service,No internet service,No internet service,No internet service,No internet service,Month-to-month,No,Mailed check,29.99,454.28,Yes
TC-00581,Female,0,Yes,Yes,65,Yes,No,DSL,No,No,Yes,Yes,No,Yes,Month-to-month,No,Electronic check,75.17,4902.41,No
TC-00582,Male,0,Yes,No,18,No,No phone service,No,No internet service,No internet service,No internet service,No internet service,No internet service,No internet service,Two year,No,Mailed check,79.36,1405.28,No
TC-00583,Female,0,Yes,No,0,Yes,Yes,Fiber optic,No,No,No,Yes,No,Yes,Month-to-month,No,Electronic check,116.48,116.48,No
TC-00584,Female,0,Yes,No,30,Yes,Yes,No,No internet service,No internet service,No internet service,No internet service,No internet service,No internet service,Month-to-month,Yes,Credit card (automatic),103.77,3223.77,No
TC-00585,Female,0,No,No,3,Yes,No,Fiber optic,No,Yes,Yes,No,No,No,Month-to-month,Yes,Bank transfer (automatic),102.45,303.46,No
TC-00586,Male,0,No,No,57,Yes,Yes,Fiber optic,Yes,No,Yes,No,No,Yes,Two year,Yes,Credit card (automatic),46.66,2649.12,No
TC-00587,Female,0,No,Yes,55,Yes,Yes,Fiber optic,Yes,Yes,No,No,No,No,One year,No,Mailed check,59.18,3325.57,No
TC-00588,Male,0,Yes,No,52,Yes,Yes,No,No internet service,No internet service,No internet service,No internet service,No internet service,No internet service,Month-to-month,Yes,Bank transfer (automatic),28.21,1561.28,No
TC-00589,Female,0,Yes,Yes,42,No,No phone service,Fiber optic,Yes,No,No,Yes,No,Yes,One year,No,Mailed check,76.15,3270.59,No
TC-00590,Male,0,No,Yes,48,Yes,No,Fiber optic,No,Yes,No,Yes,Yes,Yes,Two year,No,Electronic check,24.95,1178.08,No
TC-00591,Male,0,No,Yes,59,Yes,Yes,Fiber optic,Yes,No,No,Yes,Yes,Yes,Two year,Yes,Mailed check,62.68,3715.48,No
TC-00592,Female,0,No,No,15,Yes,No,Fiber optic,Yes,Yes,No,No,Yes,Yes,One year,Yes,Mailed check,74.62,1148.53,No
TC-00593,Male,0,No,No,59,Yes,No,No,No internet service,No internet service,No internet service,No internet service,No internet service,No internet service,Two year,Yes,Bank transfer (automatic),40.82,2520.22,No
TC-00594,Female,0,Yes,No,46,Yes,No,DSL,No,No,No,No,No,Yes,Month-to-month,Yes,Bank transfer (automatic),95.54,4415.85,No
TC-00595,Female,0,No,No,14,Yes,No,DSL,Yes,Yes,Yes,Yes,Yes,Yes,One year,No,Mailed check,85.48,1219.95,No
TC-00596,Female,1,Yes,Yes,62,Yes,No,Fiber optic,Yes,No,No,No,Yes,No,Month-to-month,No,Bank transfer (automatic),32.79,1982.32,No
TC-00597,Male,0,No,No,27,Yes,Yes,Fiber optic,Yes,No,No,Yes,Yes,Yes,One year,Yes,Credit card (automatic),116.37,3079.23,No
TC-00598,Male,1,Yes,Yes,19,Yes,No,DSL,Yes,Yes,Yes,No,No,No,Month-to-month,Yes,Credit card (automatic),72.2,1439.52,No
TC-00599,Female,1,No,No,62,Yes,No,Fiber optic,No,Yes,No,No,No,No,Month-to-month,Yes,Electronic check,20.64,1296.97,No
TC-00600,Female,0,No,Yes,32,Yes,No,Fiber optic,Yes,Yes,No,Yes,Yes,Yes,Month-to-month,Yes,Mailed check,53.01,1718.68,Yes
TC-00601,Male,0,Yes,No,35,Yes,No,DSL,No,No,No,No,Yes,Yes,Month-to-month,Yes,Bank transfer (automatic),115.93,4111.23,No
TC-00602,Female,1,Yes,No,12,Yes,Yes,Fiber optic,Yes,Yes,Yes,No,No,No,Two year,Yes,Credit card (automatic),108.23,1341.38,No
TC-00603,Female,0,No,No,61,Yes,Yes,No,No internet service,No internet service,No internet service,No internet service,No internet service,No internet service,Month-to-month,No,Credit card (automatic),33.12,2056.41,No
TC-00604,Female,0,Yes,No,67,Yes,No,Fiber optic,No,Yes,Yes,Yes,No,No,Month-to-month,No,Bank transfer (automatic),103.5,6966.3,No
TC-00605,Male,0,No,No,22,Yes,Yes,Fiber optic,Yes,No,No,No,No,No,Month-to-month,No,Mailed check,79.84,1763.41,Yes
TC-00606,Male,0,Yes,Yes,71,Yes,No,DSL,No,Yes,Yes,Yes,No,No,One year,Yes,Bank transfer (automatic),20.17,1442.53,No
TC-00607,Male,0,No,No,12,Yes,No,No,No internet service,No internet service,No internet service,No internet service,No internet service,No internet service,One year,Yes,Electronic check,93.74,1170.68,No
TC-00608,Female,0,No,No,39,Yes,Yes,No,No internet service,No internet service,No internet service,No internet service,No internet service,No internet service,Month-to-month,Yes,Electronic check,59.28,2265.0,No
TC-00609,Female,0,No,Yes,29,Yes,Yes,Fiber optic,No,Yes,Yes,Yes,No,Yes,Month-to-month,Yes,Credit card (automatic),57.61,1618.17,No
TC-00610,Female,0,No,No,24,Yes,No,DSL,No,Yes,Yes,Yes,Yes,No,Month-to-month,No,Electronic check,56.28,1354.8,Yes
TC-00611,Male,1,No,Yes,25,Yes,No,Fiber optic,No,Yes,Yes,Yes,Yes,No,One year,Yes,Mailed check,77.66,1948.96,No
TC-00612,Female,0,No,No,23,Yes,Yes,Fiber optic,Yes,Yes,Yes,Yes,Yes,Yes,Month-to-month,Yes,Credit card (automatic),89.42,2092.88,Yes
TC-00613,Female,0,No,Yes,38,Yes,No,No,No internet service,No internet service,No internet service,No internet service,No internet service,No internet service,Month-to-month,No,Bank transfer (automatic),82.76,3133.77,No
TC-00614,Female,0,No,No,60,Yes,No,DSL,No,No,No,Yes,No,Yes,One year,No,Electronic check,42.18,2491.9,No
TC-00615,Female,0,Yes,No,48,Yes,Yes,DSL,Yes,Yes,No,No,Yes,Yes,Month-to-month,Yes,Mailed check,88.68,4286.73,No
TC-00616,Male,0,Yes,Yes,40,Yes,Yes,DSL,Yes,Yes,No,Yes,No,No,One year,Yes,Mailed check,31.55,1329.33,No
TC-00617,Male,1,Yes,No,69,Yes,Yes,Fiber optic,No,Yes,Yes,Yes,No,Yes,Two year,Yes,Credit card (automatic),115.13,7962.22,No
TC-00618,Female,0,No,No,19,Yes,No,DSL,Yes,Yes,No,No,Yes,No,Month-to-month,Yes,Bank transfer (automatic),65.36,1169.14,No
TC-00619,Male,0,No,No,43,Yes,No,No,No internet service,No internet service,No internet service,No internet service,No internet service,No internet service,One year,Yes,Bank transfer (automatic),27.13,1180.37,No
TC-00620,Male,0,No,No,15,Yes,Yes,DSL,Yes,Yes,Yes,Yes,Yes,No,One year,Yes,Credit card (automatic),75.66,1038.33,No
TC-00621,Female,0,Yes,No,20,Yes,Yes,Fiber optic,No,No,Yes,No,No,No,Month-to-month,Yes,Credit card (automatic),75.7,1511.95,No
TC-00622,Female,1,Yes,No,14,Yes,No,Fiber optic,No,No,Yes,Yes,No,No,One year,Yes,Credit card (automatic),21.88,205.83,No
TC-00623,Male,0,Yes,Yes,38,No,No phone service,Fiber optic,No,Yes,Yes,Yes,No,Yes,Two year,Yes,Bank transfer (automatic),19.09,703.91,No
TC-00624,Female,0,Yes,Yes,41,Yes,No,No,No internet service,No internet service,No internet service,No internet service,No internet service,No internet service,Two year,Yes,Mailed check,117.61,4847.56,No
TC-00625,Male,0,Yes,No,60,Yes,Yes,Fiber optic,No,No,No,Yes,No,No,Month-to-month,Yes,Bank transfer (automatic),57.01,3406.33,No
TC-00626,Female,1,No,Yes,3,Yes,Yes,DSL,Yes,Yes,Yes,Yes,No,No,Two year,No,Electronic check,42.55,185.09,No
TC-00627,Male,0,Yes,No,23,No,No phone service,DSL,No,Yes,No,Yes,No,No,Two year,No,Bank transfer (automatic),72.77,1684.66,No
TC-00628,Female,0,No,No,2,Yes,No,No,No internet service,No internet service,No internet service,No internet service,No internet service,No internet service,Two year,Yes,Bank transfer (automatic),18.83,18.83,No
TC-00629,Male,0,No,No,0,Yes,No,No,No internet service,No internet service,No internet service,No internet service,No internet service,No internet service,Month-to-month,Yes,Electronic check,19.29,19.29,No
TC-00630,Male,1,No,Yes,12,Yes,No,DSL,No,No,Yes,No,No,No,Month-to-month,No,Credit card (automatic),29.28,385.82,No
TC-00631,Male,0,Yes,No,53,Yes,Yes,Fiber optic,Yes,No,Yes,No,Yes,No,Month-to-month,Yes,Electronic check,98.25,5270.94,No
TC-00632,Female,0,Yes,No,39,Yes,Yes,Fiber optic,No,No,No,No,Yes,Yes,Month-to-month,No,Credit card (automatic),42.82,1705.47,Yes
TC-00633,Male,0,No,Yes,10,Yes,Yes,Fiber optic,No,Yes,Yes,No,No,Yes,Month-to-month,No,Electronic check,68.35,706.99,No
TC-00634,Male,0,Yes,No,41,Yes,Yes,No,No internet service,No internet service,No internet service,No internet service,No internet service,No internet service,Two year,Yes,Electronic check,40.36,1605.11,No
TC-00635,Female,0,Yes,No,3,Yes,Yes,DSL,Yes,Yes,No,Yes,Yes,Yes,One year,No,Credit card (automatic),72.48,258.1,No
TC-00636,Female,0,No,Yes,24,Yes,No,Fiber optic,No,No,No,No,Yes,Yes,Month-to-month,Yes,Electronic check,68.88,1645.8,No
TC-00637,Male,1,No,No,35,Yes,Yes,Fiber optic,No,No,Yes,No,No,No,Month-to-month,Yes,Mailed check,58.07,2072.75,Yes
TC-00638,Male,0,No,Yes,63,Yes,Yes,Fiber optic,Yes,No,Yes,Yes,Yes,No,Month-to-month,No,Electronic check,61.32,3974.67,No
TC-00639,Female,1,No,No,43,Yes,Yes,Fiber optic,No,No,No,Yes,Yes,No,Month-to-month,Yes,Bank transfer (automatic),83.34,3643.96,Yes
TC-00640,Female,0,No,No,39,Yes,No,Fiber optic,No,Yes,Yes,No,No,No,Month-to-month,Yes,Credit card (automatic),102.22,4000.83,Yes
TC-00641,Female,0,Yes,No,44,Yes,No,DSL,No,Yes,No,No,Yes,Yes,Month-to-month,No,Credit card (automatic),49.94,2201.03,No
TC-00642,Female,0,No,No,7,Yes,Yes,Fiber optic,Yes,No,Yes,No,Yes,Yes,Month-to-month,Yes,Credit card (automatic),71.21,477.58,No
TC-00643,Female,0,Yes,No,34,No,No phone service,Fiber optic,Yes,Yes,No,Yes,Yes,Yes,Two year,No,Mailed check,103.42,3400.13,Yes
TC-00644,Male,1,Yes,No,43,Yes,Yes,DSL,No,Yes,Yes,Yes,Yes,Yes,Two year,No,Bank transfer (automatic),34.79,1498.29,No
TC-00645,Female,0,No,No,17,Yes,Yes,DSL,Yes,No,No,No,No,Yes,Two year,Yes,Electronic check,115.96,1945.63,No
TC-00646,Male,0,No,Yes,46,Yes,No,Fiber optic,Yes,No,Yes,No,Yes,No,Month-to-month,Yes,Bank transfer (automatic),93.06,4296.86,Yes
TC-00647,Male,0,Yes,Yes,24,Yes,Yes,DSL,Yes,No,No,Yes,Yes,No,One year,Yes,Credit card (automatic),54.61,1284.83,No
TC-00648,Male,0,No,No,40,Yes,Yes,Fiber optic,No,Yes,No,No,No,No,Two year,No,Bank transfer (automatic),55.52,2231.85,Yes
TC-00649,Female,0,Yes,No,4,Yes,Yes,No,No internet service,No internet service,No internet service,No internet service,No internet service,No internet service,Month-to-month,No,Credit card (automatic),38.53,216.42,No
TC-00650,Male,0,No,Yes,63,Yes,Yes,DSL,Yes,No,No,No,No,No,One year,Yes,Credit card (automatic),44.79,2829.61,No
TC-00651,Male,1,No,Yes,61,Yes,No,Fiber optic,Yes,Yes,Yes,No,Yes,No,Month-to-month,Yes,Mailed check,76.7,4624.39,No
TC-00652,Female,0,Yes,No,71,Yes,Yes,Fiber optic,No,No,No,No,No,No,Month-to-month,No,Credit card (automatic),18.37,1262.73,No
TC-00653,Male,0,Yes,No,2,Yes,Yes,Fiber optic,Yes,Yes,No,Yes,Yes,Yes,Two year,No,Bank transfer (automatic),20.32,75.18,No
TC-00654,Male,0,No,No,36,Yes,Yes,DSL,No,Yes,Yes,Yes,No,Yes,One year,Yes,Mailed check,116.65,4237.05,No
TC-00655,Female,1,No,No,40,Yes,Yes,No,No internet service,No internet service,No internet service,No internet service,No internet service,No internet service,One year,No,Bank transfer (automatic),41.55,1618.42,No
TC-00656,Male,0,No,No,19,No,No phone service,Fiber optic,No,No,Yes,No,Yes,No,Month-to-month,Yes,Bank transfer (automatic),100.96,1916.8,No
TC-00657,Male,0,Yes,No,66,Yes,No,DSL,Yes,No,Yes,Yes,Yes,No,Month-to-month,Yes,Electronic check,79.24,5275.07,No
TC-00658,Male,0,No,No,39,Yes,No,Fiber optic,Yes,No,Yes,No,No,Yes,Two year,Yes,Bank transfer (automatic),62.6,2527.44,No
TC-00659,Female,0,No,Yes,7,No,No phone service,Fiber optic,No,Yes,Yes,No,Yes,No,Month-to-month,Yes,Mailed check,91.22,647.36,Yes
TC-00660,Female,0,No,No,4,Yes,No,No,No internet service,No internet service,No internet service,No internet service,No internet service,No internet service,Two year,Yes,Electronic check,23.0,82.05,No
TC-00661,Female,1,No,No,24,Yes,Yes,No,No internet service,No internet service,No internet service,No internet service,No internet service,No internet service,Two year,Yes,Credit card (automatic),93.61,2228.16,Yes
TC-00662,Male,0,Yes,No,38,Yes,Yes,DSL,No,Yes,No,No,Yes,No,Month-to-month,No,Electronic check,103.7,3947.76,Yes
TC-00663,Male,0,Yes,Yes,36,Yes,Yes,Fiber optic,Yes,No,No,Yes,No,Yes,Month-to-month,No,Electronic check,46.02,1726.17,Yes
TC-00664,Female,0,Yes,No,4,Yes,Yes,No,No internet service,No internet service,No internet service,No internet service,No internet service,No internet service,Month-to-month,Yes,Electronic check,48.16,199.88,No
TC-00665,Male,0,No,Yes,7,Yes,Yes,Fiber optic,Yes,Yes,No,No,Yes,Yes,Month-to-month,Yes,Electronic check,28.3,223.1,No
TC-00666,Male,0,No,Yes,3,Yes,Yes,Fiber optic,No,Yes,Yes,Yes,Yes,Yes,Month-to-month,Yes,Bank transfer (automatic),103.59,239.69,No
TC-00667,Female,0,No,No,40,Yes,No,Fiber optic,Yes,Yes,Yes,Yes,No,No,Month-to-month,Yes,Electronic check,98.79,4031.32,No
TC-00668,Female,0,Yes,No,59,Yes,Yes,Fiber optic,Yes,Yes,Yes,Yes,No,Yes,One year,No,Bank transfer (automatic),60.52,3637.52,No
TC-00669,Male,0,Yes,No,53,Yes,No,Fiber optic,No,No,Yes,Yes,No,Yes,Two year,Yes,Bank transfer (automatic),55.77,2941.0,No
TC-00670,Male,0,Yes,No,21,Yes,No,No,No internet service,No internet service,No internet service,No internet service,No internet service,No internet service,Month-to-month,Yes,Credit card (automatic),60.75,1270.53,No
TC-00671,Male,0,Yes,No,18,Yes,No,DSL,Yes,No,No,No,No,Yes,Month-to-month,Yes,Bank transfer (automatic),60.03,1139.51,Yes
TC-00672,Female,1,No,No,67,Yes,Yes,Fiber optic,Yes,Yes,Yes,No,No,No,Two year,Yes,Mailed check,60.96,4231.58,Yes
TC-00673,Female,0,Yes,No,32,Yes,Yes,No,No internet service,No internet service,No internet service,No internet service,No internet service,No internet service,Month-to-month,No,Credit card (automatic),32.57,958.0,No
TC-00674,Female,0,Yes,Yes,21,Yes,Yes,DSL,No,Yes,Yes,Yes,No,No,Month-to-month,No,Credit card (automatic),19.35,380.8,No
TC-00675,Female,0,No,No,64,Yes,Yes,Fiber optic,Yes,Yes,No,No,Yes,No,Month-to-month,Yes,Bank transfer (automatic),94.24,6011.65,No
TC-00676,Male,0,Yes,No,10,Yes,Yes,Fiber optic,No,Yes,Yes,No,Yes,No,Month-to-month,No,Bank transfer (automatic),52.37,575.75,Yes
TC-00677,Female,0,No,Yes,15,No,No phone service,Fiber optic,No,Yes,No,No,No,Yes,One year,Yes,Electronic check,67.09,1024.07,Yes
TC-00678,Female,0,No,No,67,Yes,No,DSL,No,No,Yes,Yes,Yes,Yes,Month-to-month,Yes,Bank transfer (automatic),48.74,3239.96,No
TC-00679,Female,0,No,No,43,Yes,Yes,DSL,No,Yes,Yes,No,Yes,Yes,Month-to-month,Yes,Electronic check,56.16,2344.07,No
TC-00680,Female,0,No,No,8,Yes,No,Fiber optic,No,No,No,No,No,Yes,Month-to-month,Yes,Mailed check,25.49,254.49,No
TC-00681,Female,0,No,No,71,Yes,No,Fiber optic,No,No,No,Yes,Yes,No,Two year,No,Credit card (automatic),55.03,3897.12,No
TC-00682,Male,0,Yes,No,61,No,No phone service,Fiber optic,No,No,No,Yes,Yes,Yes,Month-to-month,Yes,Credit card (automatic),64.31,3865.02,No
TC-00683,Male,0,Yes,Yes,14,No,No phone service,DSL,No,No,No,No,Yes,Yes,Month-to-month,Yes,Bank transfer (automatic),101.28,1383.81,No
TC-00684,Female,0,No,Yes,5,Yes,Yes,Fiber optic,Yes,Yes,No,Yes,Yes,No,Month-to-month,No,Credit card (automatic),50.22,229.84,No
TC-00685,Male,0,Yes,No,0,Yes,No,No,No internet service,No internet service,No internet service,No internet service,No internet service,No internet service,Two year,Yes,Credit card (automatic),26.85,26.85,Yes
TC-00686,Female,0,No,No,19,Yes,No,Fiber optic,No,Yes,No,Yes,No,Yes,Month-to-month,Yes,Mailed check,93.92,1732.24,No
TC-00687,Female,0,Yes,No,35,Yes,No,Fiber optic,Yes,Yes,Yes,No,No,No,Month-to-month,Yes,Credit card (automatic),55.56,1892.99,Yes
TC-00688,Male,0,Yes,No,1,Yes,No,DSL,No,No,No,No,Yes,No,Two year,No,Electronic check,109.54,228.02,No
TC-00689,Male,0,Yes,No,69,Yes,No,Fiber optic,No,Yes,Yes,No,No,Yes,Two year,Yes,Credit card (automatic),113.9,7875.58,No
TC-00690,Female,1,Yes,No,1,Yes,No,Fiber optic,No,Yes,No,No,Yes,Yes,Month-to-month,Yes,Electronic check,105.19,84.62,No
TC-00691,Female,0,Yes,Yes,2,Yes,No,Fiber optic,No,Yes,No,No,Yes,Yes,One year,Yes,Electronic check,40.66,100.22,No
TC-00692,Female,0,Yes,Yes,6,No,No phone service,Fiber optic,No,Yes,Yes,No,No,No,Month-to-month,Yes,Electronic check,43.38,268.31,No
TC-00693,Male,0,Yes,No,63,Yes,No,Fiber optic,No,No,No,Yes,Yes,Yes,Month-to-month,Yes,Electronic check,97.41,6091.5,No
TC-00694,Female,0,No,No,40,Yes,Yes,DSL,No,Yes,No,No,Yes,Yes,Two year,Yes,Mailed check,62.61,2408.63,No
TC-00695,Female,1,No,No,53,Yes,Yes,DSL,No,Yes,Yes,No,Yes,Yes,Two year,Yes,Mailed check,47.78,2505.8,No
TC-00696,Female,0,No,No,40,Yes,No,Fiber optic,No,No,Yes,No,No,Yes,Month-to-month,No,Credit card (automatic),47.39,1886.47,No
TC-00697,Male,0,Yes,No,4,Yes,No,Fiber optic,Yes,Yes,Yes,Yes,No,Yes,Month-to-month,No,Mailed check,75.75,297.52,No
TC-00698,Female,0,Yes,No,62,Yes,Yes,Fiber optic,Yes,Yes,Yes,Yes,No,Yes,Month-to-month,Yes,Electronic check,107.5,6573.43,Yes
TC-00699,Female,0,No,No,0,Yes,No,Fiber optic,Yes,Yes,Yes,No,No,Yes,One year,No,Mailed check,79.89,79.89,No
TC-00700,Male,0,No,No,24,Yes,Yes,DSL,Yes,Yes,Yes,Yes,Yes,Yes,Month-to-month,No,Bank transfer (automatic),80.03,2040.86,Yes
TC-00701,Female,0,Yes,No,45,Yes,No,No,No internet service,No internet service,No internet service,No internet service,No internet service,No internet service,Two year,Yes,Bank transfer (automatic),92.69,4193.29,No
TC-00702,Female,1,No,No,14,No,No phone service,Fiber optic,No,No,Yes,No,No,No,One year,No,Mailed check,94.03,1317.69,No
TC-00703,Male,0,No,Yes,68,Yes,Yes,Fiber optic,No,Yes,No,Yes,Yes,No,Month-to-month,No,Bank transfer (automatic),108.95,7380.36,No
TC-00704,Female,0,No,No,16,Yes,Yes,Fiber optic,Yes,Yes,Yes,Yes,No,No,One year,No,Credit card (automatic),34.21,576.29,No
TC-00705,Male,1,No,No,20,Yes,Yes,No,No internet service,No internet service,No internet service,No internet service,No internet service,No internet service,Month-to-month,Yes,Bank transfer (automatic),116.46,2323.35,No
TC-00706,Male,0,Yes,No,52,Yes,Yes,No,No internet service,No internet service,No internet service,No internet service,No internet service,No internet service,Month-to-month,Yes,Credit card (automatic),50.88,2708.37,Yes
TC-00707,Female,1,No,No,54,Yes,No,Fiber optic,Yes,Yes,Yes,Yes,Yes,Yes,Month-to-month,Yes,Mailed check,46.16,2538.34,No
TC-00708,Female,1,No,No,9,Yes,Yes,Fiber optic,Yes,Yes,No,No,No,Yes,Month-to-month,Yes,Electronic check,68.98,578.29,Yes
TC-00709,Female,0,No,Yes,56,Yes,Yes,No,No internet service,No internet service,No internet service,No internet service,No internet service,No internet service,Month-to-month,Yes,Mailed check,44.44,2454.25,No
TC-00710,Female,0,No,No,64,Yes,Yes,Fiber optic,No,No,No,Yes,No,No,Month-to-month,Yes,Credit card (automatic),41.29,2691.04,Yes
TC-00711,Male,0,Yes,Yes,36,Yes,No,No,No internet service,No internet service,No internet service,No internet service,No internet service,No internet service,Month-to-month,Yes,Bank transfer (automatic),114.68,4163.21,Yes
TC-00712,Female,1,No,Yes,6,Yes,No,Fiber optic,Yes,No,No,No,No,No,Month-to-month,Yes,Mailed check,28.4,114.74,No
TC-00713,Male,0,No,No,39,Yes,Yes,DSL,No,No,No,Yes,Yes,Yes,Month-to-month,Yes,Mailed check,116.99,4539.75,No
TC-00714,Female,0,No,No,49,Yes,No,No,No internet service,No internet service,No internet service,No internet service,No internet service,No internet service,One year,No,Mailed check,80.25,3924.55,No
TC-00715,Female,1,No,No,0,Yes,Yes,Fiber optic,No,Yes,No,Yes,No,No,Month-to-month,Yes,Credit card (automatic),113.86,113.86,No
TC-00716,Female,1,No,No,19,Yes,No,Fiber optic,Yes,Yes,No,Yes,No,Yes,One year,Yes,Bank transfer (automatic),107.74,2043.47,Yes
TC-00717,Male,0,Yes,No,30,Yes,Yes,No,No internet service,No internet service,No internet service,No internet service,No internet service,No internet service,Two year,Yes,Mailed check,82.84,2530.16,No
TC-00718,Female,0,No,Yes,67,Yes,Yes,No,No internet service,No internet service,No internet service,No internet service,No internet service,No internet service,Month-to-month,No,Electronic check,76.98,5164.95,Yes
TC-00719,Female,1,No,Yes,11,No,No phone service,DSL,No,Yes,No,No,Yes,Yes,Month-to-month,No,Credit card (automatic),117.26,1293.9,No
TC-00720,Female,0,Yes,No,21,Yes,Yes,Fiber optic,Yes,No,Yes,Yes,Yes,No,One year,No,Credit card (automatic),69.52,1422.08,No
TC-00721,Female,1,No,Yes,0,Yes,Yes,Fiber optic,No,No,Yes,Yes,Yes,No,Month-to-month,Yes,Bank transfer (automatic),35.88,35.88,Yes
TC-00722,Male,0,Yes,No,0,Yes,Yes,Fiber optic,No,No,No,No,No,No,Month-to-month,No,Electronic check,117.29,117.29,Yes
TC-00723,Female,0,No,No,2,Yes,No,DSL,No,Yes,No,Yes,No,No,One year,No,Mailed check,50.35,76.71,No
TC-00724,Male,0,Yes,No,20,Yes,No,DSL,Yes,No,Yes,No,No,Yes,Month-to-month,Yes,Bank transfer (automatic),26.74,477.27,No
TC-00725,Male,0,Yes,Yes,12,Yes,Yes,DSL,Yes,Yes,Yes,No,Yes,Yes,Two year,No,Credit card (automatic),89.69,1140.13,No
TC-00726,Male,0,No,No,60,Yes,Yes,DSL,No,Yes,No,Yes,Yes,Yes,Month-to-month,Yes,Electronic check,62.6,3844.99,Yes
TC-00727,Male,0,Yes,No,12,Yes,Yes,DSL,No,Yes,Yes,Yes,No,No,Month-to-month,Yes,Mailed check,56.8,693.83,No
TC-00728,Male,0,No,Yes,32,Yes,No,Fiber optic,No,Yes,Yes,No,No,Yes,One year,No,Credit card (automatic),81.16,2668.85,No
TC-00729,Male,0,Yes,No,5,Yes,Yes,Fiber optic,Yes,Yes,Yes,Yes,Yes,No,One year,No,Mailed check,23.29,127.93,No
TC-00730,Female,0,Yes,No,24,Yes,Yes,DSL,Yes,Yes,No,No,Yes,Yes,Month-to-month,Yes,Bank transfer (automatic),87.82,2038.34,No
TC-00731,Male,0,No,No,22,Yes,Yes,Fiber optic,No,No,No,Yes,No,No,Month-to-month,No,Electronic check,68.34,1518.49,No
TC-00732,Male,0,Yes,No,25,Yes,No,Fiber optic,No,No,No,No,No,Yes,Month-to-month,No,Bank transfer (automatic),67.02,1658.52,No
TC-00733,Male,0,No,Yes,3,Yes,Yes,Fiber optic,Yes,Yes,No,Yes,No,Yes,One year,Yes,Mailed check,108.0,347.79,No
TC-00734,Female,0,Yes,No,34,Yes,No,DSL,Yes,No,No,Yes,Yes,Yes,One year,Yes,Mailed check,101.12,3516.62,No
TC-00735,Female,0,Yes,No,24,Yes,Yes,DSL,Yes,No,Yes,Yes,Yes,No,Month-to-month,No,Credit card (automatic),71.16,1682.5,No
TC-00736,Male,0,No,Yes,19,Yes,Yes,Fiber optic,No,No,No,No,No,No,Two year,No,Electronic check,75.83,1460.15,Yes
TC-00737,Female,0,No,No,0,Yes,Yes,Fiber optic,Yes,No,Yes,No,Yes,Yes,Month-to-month,Yes,Electronic check,98.7,98.7,No
TC-00738,Male,1,Yes,Yes,67,Yes,No,DSL,Yes,No,No,Yes,No,Yes,Month-to-month,No,Mailed check,59.13,4029.42,No
TC-00739,Male,1,No,No,22,Yes,Yes,DSL,No,No,Yes,Yes,No,Yes,Month-to-month,Yes,Mailed check,85.12,1921.93,No
TC-00740,Female,0,No,Yes,21,Yes,Yes,No,No internet service,No internet service,No internet service,No internet service,No internet service,No internet service,Month-to-month,Yes,Mailed check,72.08,1457.93,No
TC-00741,Male,1,Yes,No,61,Yes,Yes,Fiber optic,Yes,Yes,No,Yes,No,Yes,One year,No,Credit card (automatic),67.96,4089.75,No
TC-00742,Female,0,Yes,No,0,Yes,No,No,No internet service,No internet service,No internet service,No internet service,No internet service,No internet service,Month-to-month,Yes,Mailed check,116.47,116.47,Yes
TC-00743,Female,0,No,No,58,Yes,Yes,No,No internet service,No internet service,No internet service,No internet service,No internet service,No internet service,Two year,Yes,Electronic check,19.75,1126.27,No
TC-00744,Male,0,Yes,No,67,Yes,Yes,Fiber optic,No,Yes,No,Yes,No,Yes,Month-to-month,Yes,Electronic check,59.46,3934.63,No
TC-00745,Male,0,No,No,18,Yes,Yes,Fiber optic,No,Yes,Yes,No,Yes,No,Month-to-month,No,Credit card (automatic),111.02,2057.78,No
TC-00746,Female,0,No,No,29,No,No phone service,DSL,No,Yes,Yes,Yes,Yes,No,Month-to-month,Yes,Electronic check,110.81,3195.01,Yes
TC-00747,Male,0,No,No,0,Yes,No,DSL,No,No,Yes,Yes,No,Yes,Month-to-month,Yes,Credit card (automatic),92.77,92.77,Yes
TC-00748,Male,0,No,No,47,Yes,No,No,No internet service,No internet service,No internet service,No internet service,No internet service,No internet service,Month-to-month,No,Bank transfer (automatic),77.19,3605.91,No
TC-00749,Male,0,No,No,18,Yes,No,Fiber optic,No,Yes,Yes,No,Yes,No,Month-to-month,No,Mailed check,87.08,1530.1,Yes
TC-00750,Female,0,No,No,51,Yes,No,DSL,Yes,Yes,Yes,Yes,Yes,Yes,Month-to-month,Yes,Mailed check,43.29,2204.57,No
TC-00751,Female,0,Yes,No,21,Yes,Yes,No,No internet service,No internet service,No internet service,No internet service,No internet service,No internet service,One year,Yes,Electronic check,66.84,1441.55,No
TC-00752,Male,0,No,No,49,Yes,No,DSL,Yes,No,Yes,No,No,No,Month-to-month,Yes,Mailed check,71.61,3523.54,No
TC-00753,Female,0,Yes,Yes,65,Yes,No,Fiber optic,Yes,No,Yes,No,No,Yes,One year,No,Electronic check,24.37,1678.63,No
TC-00754,Female,0,No,No,5,No,No phone service,DSL,No,No,Yes,Yes,Yes,Yes,One year,Yes,Mailed check,104.62,531.68,No
TC-00755,Female,0,Yes,Yes,63,No,No phone service,Fiber optic,Yes,Yes,No,No,Yes,Yes,Month-to-month,Yes,Credit card (automatic),63.67,4002.38,No
TC-00756,Female,1,Yes,No,20,Yes,No,Fiber optic,Yes,No,No,No,Yes,No,Month-to-month,No,Mailed check,107.89,2233.26,Yes
TC-00757,Female,0,Yes,Yes,18,Yes,No,Fiber optic,Yes,No,No,No,Yes,Yes,Month-to-month,No,Credit card (automatic),57.0,1055.76,Yes
TC-00758,Male,0,No,No,36,Yes,Yes,No,No internet service,No internet service,No internet service,No internet service,No internet service,No internet service,Month-to-month,Yes,Mailed check,58.89,2099.36,Yes
TC-00759,Male,0,Yes,No,62,Yes,Yes,Fiber optic,Yes,No,No,Yes,Yes,No,One year,No,Credit card (automatic),42.42,2641.97,No
TC-00760,Male,0,Yes,No,28,Yes,No,DSL,Yes,No,No,No,Yes,No,Month-to-month,Yes,Credit card (automatic),82.43,2318.95,No
TC-00761,Female,0,No,No,59,No,No phone service,No,No internet service,No internet service,No internet service,No internet service,No internet service,No internet service,Month-to-month,No,Bank transfer (automatic),72.85,4287.88,No
TC-00762,Female,0,Yes,No,33,Yes,No,Fiber optic,Yes,No,No,Yes,Yes,Yes,Month-to-month,Yes,Electronic check,109.3,3616.02,Yes
TC-00763,Male,0,Yes,No,0,Yes,No,Fiber optic,No,Yes,Yes,Yes,Yes,No,Month-to-month,No,Mailed check,60.92,60.92,Yes
TC-00764,Female,0,No,No,47,Yes,Yes,DSL,No,Yes,No,Yes,No,No,One year,Yes,Mailed check,82.81,3874.27,No
TC-00765,Male,0,Yes,No,20,Yes,No,DSL,No,No,Yes,Yes,Yes,No,One year,Yes,Electronic check,88.76,1796.76,No
TC-00766,Male,0,Yes,No,33,Yes,Yes,Fiber optic,No,No,Yes,No,Yes,Yes,Month-to-month,No,Credit card (automatic),49.99,1623.26,Yes
TC-00767,Male,0,No,No,25,Yes,Yes,Fiber optic,No,Yes,No,No,No,No,One year,No,Bank transfer (automatic),106.08,2607.42,No
TC-00768,Female,0,Yes,Yes,35,Yes,Yes,DSL,Yes,No,No,Yes,No,Yes,Two year,Yes,Electronic check,56.09,1961.12,No
TC-00769,Female,0,Yes,No,22,Yes,Yes,DSL,No,No,No,Yes,No,Yes,One year,Yes,Mailed check,81.74,1774.64,No
TC-00770,Male,0,Yes,No,46,Yes,No,DSL,No,No,Yes,No,Yes,No,Two year,No,Electronic check,79.58,3594.58,No
TC-00771,Male,0,Yes,No,43,Yes,Yes,DSL,Yes,Yes,Yes,Yes,Yes,No,Month-to-month,Yes,Bank transfer (automatic),60.14,2521.16,No
TC-00772,Male,0,No,No,19,Yes,No,DSL,No,Yes,Yes,No,Yes,Yes,Two year,Yes,Bank transfer (automatic),36.33,710.67,No
TC-00773,Male,0,No,No,26,Yes,No,Fiber optic,Yes,Yes,No,Yes,No,No,Month-to-month,No,Credit card (automatic),77.25,2013.03,No
TC-00774,Female,0,No,No,60,Yes,Yes,No,No internet service,No internet service,No internet service,No internet service,No internet service,No internet service,Two year,No,Mailed check,55.55,3348.7,No
TC-00775,Female,1,No,Yes,36,Yes,Yes,Fiber optic,Yes,Yes,Yes,Yes,Yes,Yes,One year,No,Mailed check,55.91,1997.83,Yes
TC-00776,Male,0,Yes,No,51,Yes,Yes,Fiber optic,Yes,No,Yes,No,No,Yes,Month-to-month,Yes,Credit card (automatic),67.29,3356.12,No
TC-00777,Male,1,No,Yes,61,Yes,No,DSL,No,Yes,No,No,Yes,Yes,Two year,Yes,Credit card (automatic),85.72,5185.21,No
TC-00778,Female,0,No,No,65,Yes,Yes,DSL,Yes,Yes,No,No,No,Yes,Month-to-month,Yes,Electronic check,90.96,5896.3,No
TC-00779,Female,0,Yes,No,23,Yes,No,Fiber optic,No,Yes,Yes,No,No,No,Month-to-month,No,Electronic check,60.71,1418.13,No
TC-00780,Male,0,Yes,Yes,11,Yes,No,Fiber optic,No,Yes,Yes,Yes,Yes,Yes,Month-to-month,No,Electronic check,29.99,242.46,No
TC-00781,Male,0,Yes,No,15,Yes,No,No,No internet service,No internet service,No internet service,No internet service,No internet service,No internet service,One year,Yes,Electronic check,97.17,1341.99,No
TC-00782,Male,0,No,No,35,Yes,No,DSL,No,No,No,No,Yes,No,Month-to-month,No,Credit card (automatic),84.94,3045.35,No
TC-00783,Female,0,Yes,Yes,1,Yes,Yes,Fiber optic,Yes,No,No,No,No,Yes,Two year,No,Bank transfer (automatic),98.07,127.96,No
TC-00784,Female,0,Yes,No,61,Yes,Yes,Fiber optic,Yes,No,Yes,No,Yes,No,Month-to-month,Yes,Bank transfer (automatic),49.59,2981.19,Yes
TC-00785,Female,0,Yes,Yes,63,Yes,Yes,No,No internet service,No internet service,No internet service,No internet service,No internet service,No internet service,Month-to-month,No,Electronic check,108.91,6849.6,No
TC-00786,Male,0,No,No,28,Yes,Yes,Fiber optic,Yes,No,Yes,Yes,No,Yes,Month-to-month,No,Electronic check,44.27,1218.5,No
TC-00787,Male,1,No,No,30,Yes,Yes,No,No internet service,No internet service,No internet service,No internet service,No internet service,No internet service,Two year,Yes,Credit card (automatic),46.98,1423.88,Yes
TC-00788,Female,0,No,No,14,Yes,Yes,Fiber optic,No,Yes,Yes,No,Yes,No,Month-to-month,Yes,Electronic check,71.64,977.59,Yes
TC-00789,Female,0,No,No,54,Yes,No,Fiber optic,Yes,No,Yes,No,No,Yes,Month-to-month,Yes,Mailed check,117.73,6299.99,No
TC-00790,Male,0,No,No,32,Yes,Yes,No,No internet service,No internet service,No internet service,No internet service,No internet service,No internet service,Two year,No,Bank transfer (automatic),38.22,1247.51,No
TC-00791,Female,0,No,Yes,51,Yes,No,Fiber optic,Yes,No,Yes,Yes,Yes,Yes,Month-to-month,No,Electronic check,101.85,5285.07,No
TC-00792,Female,0,No,No,19,Yes,No,No,No internet service,No internet service,No internet service,No internet service,No internet service,No internet service,Month-to-month,Yes,Electronic check,18.24,373.05,No
TC-00793,Male,1,Yes,No,37,Yes,No,DSL,Yes,Yes,No,No,No,Yes,One year,No,Bank transfer (automatic),41.75,1548.5,No
TC-00794,Female,0,Yes,Yes,2,Yes,No,DSL,No,Yes,Yes,Yes,Yes,No,Month-to-month,No,Bank transfer (automatic),52.61,94.51,Yes
TC-00795,Male,0,Yes,No,53,No,No phone service,Fiber optic,Yes,No,No,Yes,No,Yes,Month-to-month,No,Mailed check,82.86,4352.14,Yes
TC-00796,Male,0,No,Yes,65,Yes,Yes,Fiber optic,No,No,Yes,Yes,Yes,No,Month-to-month,Yes,Mailed check,29.38,1889.32,No
TC-00797,Male,0,No,No,17,Yes,No,Fiber optic,No,Yes,Yes,Yes,No,Yes,One year,No,Credit card (automatic),30.87,544.41,Yes
TC-00798,Male,0,Yes,No,6,Yes,No,DSL,Yes,Yes,Yes,No,No,No,One year,Yes,Mailed check,32.64,255.2,No
TC-00799,Male,0,Yes,No,34,Yes,Yes,Fiber optic,No,No,Yes,Yes,Yes,Yes,One year,Yes,Mailed check,84.26,2926.43,Yes
TC-00800,Male,1,No,No,59,Yes,No,DSL,Yes,Yes,Yes,Yes,Yes,No,Month-to-month,Yes,Electronic check,29.46,1746.66,No
TC-00801,Male,0,No,No,23,Yes,Yes,No,No internet service,No internet service,No internet service,No internet service,No internet service,No internet service,Month-to-month,Yes,Electronic check,57.82,1339.2,Yes
TC-00802,Female,1,No,Yes,38,Yes,No,DSL,Yes,Yes,No,Yes,No,Yes,Month-to-month,Yes,Mailed check,33.67,1282.07,No
TC-00803,Male,0,No,No,11,Yes,No,DSL,Yes,No,Yes,No,No,No,One year,Yes,Credit card (automatic),56.21,646.86,No
TC-00804,Male,0,No,No,52,Yes,Yes,DSL,Yes,Yes,Yes,No,Yes,No,Month-to-month,No,Credit card (automatic),89.4,4651.2,No
TC-00805,Female,0,No,No,63,Yes,Yes,No,No internet service,No internet service,No internet service,No internet service,No internet service,No internet service,Month-to-month,No,Bank transfer (automatic),45.77,2886.73,No
TC-00806,Female,0,No,No,3,Yes,Yes,Fiber optic,No,Yes,No,Yes,Yes,No,Month-to-month,No,Mailed check,79.76,196.27,No
TC-00807,Female,1,No,Yes,4,Yes,Yes,Fiber optic,Yes,No,No,Yes,Yes,No,Month-to-month,Yes,Bank transfer (automatic),42.85,127.2,Yes
TC-00808,Male,0,Yes,No,15,Yes,Yes,Fiber optic,No,Yes,Yes,No,Yes,Yes,Month-to-month,Yes,Mailed check,91.76,1341.84,Yes
TC-00809,Female,0,No,Yes,26,Yes,Yes,No,No internet service,No internet service,No internet service,No internet service,No internet service,No internet service,Month-to-month,Yes,Mailed check,95.71,2500.46,No
TC-00810,Male,0,No,Yes,3,Yes,Yes,DSL,Yes,No,No,No,Yes,No,Two year,No,Electronic check,49.04,131.8,No
TC-00811,Male,0,No,No,71,Yes,No,DSL,No,No,No,No,No,Yes,Two year,Yes,Mailed check,20.38,1576.1,No
TC-00812,Male,0,Yes,Yes,47,Yes,Yes,Fiber optic,No,No,Yes,Yes,Yes,No,One year,No,Electronic check,30.91,1472.17,No
TC-00813,Male,0,Yes,Yes,7,Yes,No,Fiber optic,No,Yes,No,Yes,Yes,Yes,One year,Yes,Credit card (automatic),67.1,548.24,No
TC-00814,Female,0,No,No,45,Yes,Yes,DSL,No,Yes,Yes,No,Yes,Yes,Two year,No,Credit card (automatic),56.21,2603.69,No
TC-00815,Female,0,Yes,Yes,43,Yes,Yes,Fiber optic,Yes,No,No,Yes,No,No,Month-to-month,Yes,Mailed check,52.56,2281.31,No
TC-00816,Male,0,Yes,Yes,66,Yes,No,Fiber optic,Yes,No,Yes,No,No,No,Month-to-month,Yes,Credit card (automatic),75.93,5009.34,No
TC-00817,Male,0,Yes,Yes,51,Yes,No,Fiber optic,No,No,Yes,Yes,No,No,Two year,Yes,Mailed check,34.15,1696.7,Yes
TC-00818,Male,0,No,Yes,33,Yes,No,No,No internet service,No internet service,No internet service,No internet service,No internet service,No internet service,One year,Yes,Bank transfer (automatic),63.67,2071.02,No
TC-00819,Female,1,No,No,61,Yes,No,Fiber optic,Yes,No,Yes,No,No,No,Month-to-month,Yes,Credit card (automatic),38.34,2380.76,No
TC-00820,Male,0,No,No,20,Yes,Yes,Fiber optic,No,No,No,No,No,Yes,Month-to-month,No,Mailed check,116.11,2335.68,Yes
TC-00821,Male,0,No,No,23,Yes,Yes,DSL,No,Yes,Yes,Yes,No,No,Month-to-month,Yes,Bank transfer (automatic),22.86,493.66,Yes
TC-00822,Female,0,No,No,43,Yes,Yes,No,No internet service,No internet service,No internet service,No internet service,No internet service,No internet service,Month-to-month,Yes,Bank transfer (automatic),19.58,831.57,No
TC-00823,Female,0,No,Yes,40,Yes,Yes,DSL,Yes,Yes,No,No,Yes,Yes,One year,Yes,Mailed check,74.42,2993.27,No
TC-00824,Male,0,No,Yes,28,Yes,Yes,No,No internet service,No internet service,No internet service,No internet service,No internet service,No internet service,Month-to-month,Yes,Credit card (automatic),24.26,680.52,Yes
TC-00825,Female,0,Yes,Yes,5,Yes,No,Fiber optic,Yes,Yes,No,No,Yes,No,One year,Yes,Credit card (automatic),99.1,483.59,No
TC-00826,Female,0,No,No,55,Yes,Yes,DSL,No,No,No,Yes,No,Yes,Two year,Yes,Mailed check,99.96,5495.06,No
TC-00827,Male,0,No,No,13,Yes,Yes,DSL,Yes,Yes,Yes,No,No,No,Month-to-month,No,Electronic check,61.23,675.21,No
TC-00828,Female,1,No,No,49,Yes,No,No,No internet service,No internet service,No internet service,No internet service,No internet service,No internet service,Month-to-month,Yes,Credit card (automatic),101.84,4991.07,No
TC-00829,Male,0,No,No,51,Yes,No,No,No internet service,No internet service,No internet service,No internet service,No internet service,No internet service,One year,Yes,Credit card (automatic),92.05,4641.64,Yes
TC-00830,Female,0,No,Yes,0,Yes,No,No,No internet service,No internet service,No internet service,No internet service,No internet service,No internet service,Month-to-month,Yes,Credit card (automatic),31.54,31.54,No
TC-00831,Male,0,No,No,11,No,No phone service,Fiber optic,Yes,Yes,No,Yes,No,No,Month-to-month,Yes,Mailed check,103.96,1150.26,Yes
TC-00832,Male,0,No,No,23,Yes,No,DSL,Yes,No,Yes,No,Yes,Yes,Month-to-month,Yes,Mailed check,105.43,2462.31,No
TC-00833,Male,1,No,No,36,Yes,No,Fiber optic,No,Yes,Yes,No,No,Yes,Month-to-month,Yes,Mailed check,50.27,1847.63,No
TC-00834,Female,0,Yes,No,69,No,No phone service,DSL,No,No,Yes,Yes,Yes,Yes,Two year,No,Bank transfer (automatic),95.5,6675.48,No
TC-00835,Male,0,Yes,No,2,Yes,No,Fiber optic,Yes,Yes,No,Yes,No,No,Two year,No,Credit card (automatic),107.74,116.32,No
TC-00836,Female,0,No,No,26,No,No phone service,Fiber optic,Yes,Yes,Yes,Yes,Yes,Yes,Month-to-month,No,Electronic check,92.56,2400.26,Yes
TC-00837,Male,0,No,No,52,Yes,Yes,Fiber optic,No,No,Yes,Yes,Yes,Yes,One year,Yes,Credit card (automatic),27.4,1322.78,No
TC-00838,Male,0,Yes,No,16,Yes,Yes,DSL,Yes,Yes,Yes,Yes,Yes,No,Month-to-month,Yes,Bank transfer (automatic),27.46,463.89,No
TC-00839,Female,0,No,No,14,Yes,No,No,No internet service,No internet service,No internet service,No internet service,No internet service,No internet service,Month-to-month,Yes,Credit card (automatic),116.24,1619.01,Yes
TC-00840,Male,0,No,Yes,38,Yes,No,No,No internet service,No internet service,No internet service,No internet service,No internet service,No internet service,Two year,Yes,Mailed check,72.14,2717.78,No
TC-00841,Male,0,Yes,No,3,Yes,No,Fiber optic,No,Yes,No,No,No,No,Month-to-month,Yes,Credit card (automatic),82.44,260.67,Yes
TC-00842,Female,0,No,No,16,Yes,No,No,No internet service,No internet service,No internet service,No internet service,No internet service,No internet service,One year,No,Electronic check,109.23,1695.04,No
TC-00843,Male,0,No,Yes,10,Yes,No,Fiber optic,Yes,Yes,No,No,No,Yes,Month-to-month,Yes,Credit card (automatic),18.74,279.79,No
TC-00844,Male,0,No,No,11,Yes,No,DSL,No,Yes,No,Yes,No,No,Month-to-month,No,Mailed check,60.67,655.15,No
TC-00845,Male,0,Yes,Yes,31,Yes,Yes,No,No internet service,No internet service,No internet service,No internet service,No internet service,No internet service,Month-to-month,No,Credit card (automatic),74.64,2317.67,No
TC-00846,Male,0,Yes,No,26,Yes,No,DSL,Yes,Yes,No,No,Yes,No,Month-to-month,Yes,Mailed check,18.21,467.03,Yes
TC-00847,Female,0,No,No,43,Yes,No,DSL,No,Yes,No,No,Yes,Yes,Month-to-month,No,Bank transfer (automatic),80.44,3505.04,Yes
TC-00848,Female,0,Yes,No,42,Yes,No,DSL,Yes,Yes,No,No,No,No,Month-to-month,No,Bank transfer (automatic),103.09,4269.67,No
TC-00849,Male,0,Yes,Yes,48,Yes,No,Fiber optic,No,Yes,Yes,No,Yes,No,Month-to-month,No,Bank transfer (automatic),23.49,1168.93,Yes
TC-00850,Female,0,Yes,No,42,Yes,Yes,Fiber optic,No,Yes,No,Yes,Yes,Yes,Two year,Yes,Credit card (automatic),98.42,4107.71,No
TC-00851,Male,0,No,No,2,Yes,No,DSL,No,Yes,Yes,Yes,No,No,Month-to-month,Yes,Credit card (automatic),115.75,206.01,Yes
TC-00852,Female,0,Yes,No,28,Yes,Yes,No,No internet service,No internet service,No internet service,No internet service,No internet service,No internet service,Two year,Yes,Bank transfer (automatic),110.03,3124.81,No
TC-00853,Male,1,Yes,No,34,No,No phone service,No,No internet service,No internet service,No internet service,No internet service,No internet service,No internet service,Month-to-month,Yes,Bank transfer (automatic),71.7,2424.39,No
TC-00854,Male,1,Yes,No,47,Yes,No,DSL,Yes,Yes,Yes,Yes,Yes,Yes,One year,Yes,Mailed check,104.05,4921.04,No
TC-00855,Male,1,No,No,38,Yes,No,Fiber optic,No,No,Yes,No,No,No,Two year,Yes,Mailed check,95.06,3643.9,No
TC-00856,Male,0,Yes,Yes,23,Yes,No,No,No internet service,No internet service,No internet service,No internet service,No internet service,No internet service,One year,No,Electronic check,99.77,2277.25,No
TC-00857,Male,0,Yes,Yes,19,No,No phone service,Fiber optic,Yes,No,No,Yes,No,No,Month-to-month,No,Mailed check,57.81,1110.04,No
TC-00858,Male,0,No,No,14,Yes,No,DSL,No,Yes,Yes,No,Yes,No,Month-to-month,No,Credit card (automatic),65.56,893.65,No
TC-00859,Female,0,Yes,Yes,17,Yes,Yes,DSL,No,No,Yes,Yes,No,Yes,Two year,No,Bank transfer (automatic),41.91,711.49,Yes
TC-00860,Male,0,Yes,No,59,No,No phone service,No,No internet service,No internet service,No internet service,No internet service,No internet service,No internet service,Month-to-month,Yes,Electronic check,23.16,1390.12,No
TC-00861,Female,0,Yes,Yes,40,Yes,No,Fiber optic,Yes,No,Yes,Yes,Yes,Yes,One year,Yes,Bank transfer (automatic),77.72,3060.96,No
TC-00862,Male,0,No,No,68,Yes,Yes,Fiber optic,No,No,Yes,No,No,Yes,Month-to-month,No,Bank transfer (automatic),48.96,3351.29,No
TC-00863,Female,1,No,No,10,Yes,Yes,Fiber optic,No,Yes,No,No,No,Yes,Month-to-month,No,Bank transfer (automatic),68.27,698.58,Yes
TC-00864,Female,0,Yes,No,55,Yes,No,DSL,No,No,Yes,No,Yes,No,Month-to-month,Yes,Credit card (automatic),114.27,6210.4,No
TC-00865,Female,0,Yes,No,17,Yes,No,DSL,Yes,No,No,No,No,No,One year,Yes,Mailed check,24.31,375.97,No
TC-00866,Male,0,Yes,Yes,11,Yes,No,DSL,Yes,Yes,No,Yes,Yes,No,Month-to-month,No,Mailed check,105.35,1124.28,No
TC-00867,Male,1,Yes,No,15,Yes,No,DSL,No,Yes,Yes,Yes,Yes,Yes,One year,No,Mailed check,26.68,377.98,No
TC-00868,Female,0,Yes,No,26,Yes,No,DSL,Yes,Yes,Yes,Yes,No,Yes,One year,Yes,Credit card (automatic),83.36,2119.57,No
TC-00869,Male,0,Yes,No,16,No,No phone service,DSL,Yes,Yes,Yes,Yes,No,No,Month-to-month,Yes,Mailed check,52.33,884.24,Yes
TC-00870,Female,1,No,No,30,Yes,Yes,Fiber optic,Yes,No,Yes,No,Yes,Yes,Month-to-month,Yes,Bank transfer (automatic),28.01,893.33,No
TC-00871,Male,0,Yes,No,34,Yes,No,DSL,Yes,Yes,No,Yes,Yes,Yes,Month-to-month,No,Credit card (automatic),93.69,3146.07,Yes
TC-00872,Female,0,Yes,No,26,No,No phone service,Fiber optic,No,Yes,No,No,Yes,Yes,Month-to-month,No,Electronic check,87.86,2226.65,No
TC-00873,Female,0,Yes,No,31,Yes,No,DSL,Yes,No,No,Yes,Yes,Yes,One year,No,Mailed check,82.03,2542.26,No
TC-00874,Male,0,No,No,16,Yes,Yes,Fiber optic,Yes,No,Yes,No,No,Yes,Month-to-month,Yes,Credit card (automatic),114.49,1898.35,No
TC-00875,Female,0,Yes,No,10,Yes,Yes,Fiber optic,No,No,Yes,Yes,Yes,No,Month-to-month,Yes,Electronic check,20.37,311.41,Yes
TC-00876,Male,0,No,No,0,Yes,Yes,DSL,No,Yes,Yes,No,No,No,Two year,Yes,Bank transfer (automatic),61.47,61.47,No
TC-00877,Female,1,Yes,No,48,Yes,No,Fiber optic,No,Yes,Yes,Yes,No,Yes,Month-to-month,Yes,Bank transfer (automatic),74.27,3451.21,No
TC-00878,Female,1,Yes,Yes,40,Yes,Yes,Fiber optic,No,No,Yes,No,Yes,Yes,One year,Yes,Electronic check,53.77,2076.43,Yes
TC-00879,Male,0,Yes,No,19,Yes,No,Fiber optic,No,No,No,No,Yes,No,Two year,Yes,Bank transfer (automatic),84.95,1524.93,Yes
TC-00880,Male,0,Yes,No,70,Yes,Yes,DSL,Yes,Yes,No,Yes,No,No,One year,No,Credit card (automatic),107.92,7575.24,No
TC-00881,Male,0,Yes,No,36,Yes,No,Fiber optic,Yes,Yes,No,Yes,No,No,Month-to-month,No,Mailed check,87.7,3162.08,Yes
TC-00882,Female,0,Yes,No,15,Yes,No,DSL,Yes,Yes,No,No,Yes,Yes,Month-to-month,Yes,Bank transfer (automatic),74.94,1134.96,No
TC-00883,Male,0,No,No,38,Yes,Yes,Fiber optic,No,No,No,Yes,Yes,Yes,Two year,No,Credit card (automatic),91.78,3543.94,No
TC-00884,Female,0,Yes,No,44,Yes,No,DSL,No,No,Yes,Yes,Yes,No,Month-to-month,Yes,Mailed check,28.96,1355.69,No
TC-00885,Female,0,Yes,No,63,Yes,No,Fiber optic,Yes,No,No,No,No,No,One year,Yes,Credit card (automatic),81.0,5145.15,Yes
TC-00886,Male,0,Yes,No,46,No,No phone service,Fiber optic,No,Yes,No,No,No,Yes,One year,Yes,Bank transfer (automatic),58.72,2737.88,No
TC-00887,Male,1,No,Yes,22,No,No phone service,No,No internet service,No internet service,No internet service,No internet service,No internet service,No internet service,Month-to-month,No,Credit card (automatic),49.88,1023.66,No
TC-00888,Female,0,Yes,Yes,31,Yes,No,No,No internet service,No internet service,No internet service,No internet service,No internet service,No internet service,Two year,Yes,Mailed check,68.71,2104.58,No
TC-00889,Female,0,No,Yes,48,No,No phone service,Fiber optic,Yes,No,Yes,Yes,No,No,Two year,No,Electronic check,98.47,4795.8,No
TC-00890,Male,0,Yes,No,18,No,No phone service,No,No internet service,No internet service,No internet service,No internet service,No internet service,No internet service,Month-to-month,Yes,Bank transfer (automatic),59.26,1039.2,No
TC-00891,Male,0,Yes,No,66,Yes,Yes,Fiber optic,No,No,Yes,Yes,No,No,Month-to-month,Yes,Bank transfer (automatic),88.24,5879.12,Yes
TC-00892,Male,0,No,Yes,38,Yes,No,Fiber optic,Yes,Yes,Yes,Yes,No,No,One year,Yes,Mailed check,76.89,2927.99,No
TC-00893,Male,0,No,No,59,No,No phone service,No,No internet service,No internet service,No internet service,No internet service,No internet service,No internet service,Two year,No,Credit card (automatic),109.62,6506.74,No
TC-00894,Male,0,Yes,No,10,Yes,No,Fiber optic,Yes,Yes,Yes,No,Yes,Yes,Month-to-month,No,Mailed check,62.48,581.21,Yes
TC-00895,Female,0,No,Yes,48,Yes,Yes,Fiber optic,Yes,Yes,Yes,Yes,Yes,Yes,Two year,Yes,Electronic check,99.99,4837.68,No
TC-00896,Female,0,No,No,14,Yes,Yes,DSL,Yes,No,Yes,Yes,No,Yes,One year,Yes,Mailed check,102.2,1398.83,No
TC-00897,Female,0,Yes,No,60,Yes,Yes,Fiber optic,Yes,Yes,No,No,No,Yes,One year,Yes,Electronic check,64.42,3876.73,No
TC-00898,Female,0,Yes,No,42,Yes,Yes,DSL,Yes,No,No,Yes,No,No,Month-to-month,Yes,Bank transfer (automatic),66.86,2806.67,No
TC-00899,Male,1,Yes,No,14,Yes,No,DSL,Yes,No,No,No,Yes,No,One year,No,Mailed check,51.34,778.36,No
TC-00900,Male,0,No,No,4,Yes,Yes,No,No internet service,No internet service,No internet service,No internet service,No internet service,No internet service,Month-to-month,Yes,Mailed check,67.56,311.84,No
TC-00901,Male,1,Yes,No,28,Yes,No,DSL,No,No,No,Yes,No,Yes,One year,No,Bank transfer (automatic),42.93,1113.75,No
TC-00902,Female,0,Yes,No,61,Yes,No,DSL,No,No,Yes,No,No,No,Two year,No,Electronic check,103.83,6293.11,No
TC-00903,Female,1,No,No,59,Yes,No,No,No internet service,No internet service,No internet service,No internet service,No internet service,No internet service,Two year,No,Electronic check,42.99,2504.62,No
TC-00904,Male,0,No,No,68,Yes,Yes,DSL,No,No,No,No,No,Yes,Month-to-month,Yes,Credit card (automatic),43.76,3010.27,Yes
TC-00905,Male,0,Yes,No,21,Yes,Yes,DSL,No,No,No,Yes,Yes,Yes,Month-to-month,Yes,Mailed check,107.57,2234.2,Yes
TC-00906,Female,0,No,No,12,Yes,Yes,Fiber optic,No,Yes,Yes,Yes,Yes,No,Month-to-month,Yes,Credit card (automatic),71.22,800.17,No
TC-00907,Female,0,No,Yes,49,No,No phone service,DSL,Yes,No,Yes,No,Yes,Yes,Month-to-month,Yes,Bank transfer (automatic),28.51,1328.76,No
TC-00908,Male,0,No,No,46,Yes,No,No,No internet service,No internet service,No internet service,No internet service,No internet service,No internet service,Month-to-month,Yes,Mailed check,52.57,2454.59,No
TC-00909,Male,0,Yes,No,28,Yes,Yes,DSL,No,No,No,Yes,Yes,Yes,Month-to-month,Yes,Electronic check,88.54,2375.44,Yes
TC-00910,Female,0,Yes,No,16,Yes,No,No,No internet service,No internet service,No internet service,No internet service,No internet service,No internet service,Month-to-month,Yes,Electronic check,58.58,990.04,No
TC-00911,Male,0,Yes,Yes,19,Yes,Yes,DSL,Yes,No,Yes,No,No,No,Month-to-month,No,Electronic check,60.32,1081.73,No
TC-00912,Male,0,No,Yes,5,Yes,Yes,DSL,No,No,No,Yes,No,No,Month-to-month,No,Bank transfer (automatic),67.87,316.96,No
TC-00913,Male,0,Yes,No,21,Yes,No,DSL,No,No,Yes,No,No,Yes,Month-to-month,No,Bank transfer (automatic),40.25,786.82,Yes
TC-00914,Female,0,Yes,Yes,8,Yes,Yes,DSL,Yes,Yes,Yes,Yes,Yes,Yes,One year,Yes,Credit card (automatic),60.41,437.32,No
TC-00915,Female,0,No,No,31,Yes,Yes,Fiber optic,Yes,Yes,Yes,Yes,Yes,Yes,One year,Yes,Bank transfer (automatic),39.53,1214.26,No
TC-00916,Female,0,No,No,32,No,No phone service,Fiber optic,No,No,Yes,Yes,Yes,No,Month-to-month,Yes,Bank transfer (automatic),53.07,1691.4,Yes
TC-00917,Female,1,Yes,No,69,Yes,Yes,No,No internet service,No internet service,No internet service,No internet service,No internet service,No internet service,One year,No,Credit card (automatic),71.24,4838.24,No
TC-00918,Female,0,No,Yes,48,Yes,No,DSL,Yes,Yes,No,Yes,No,Yes,Two year,No,Mailed check,87.37,4173.49,No
TC-00919,Female,0,Yes,Yes,29,Yes,No,Fiber optic,Yes,No,No,No,No,Yes,Month-to-month,No,Credit card (automatic),81.39,2365.47,No
TC-00920,Female,1,Yes,Yes,15,Yes,Yes,DSL,No,Yes,Yes,No,Yes,Yes,One year,Yes,Electronic check,75.55,1156.65,No
TC-00921,Male,0,Yes,Yes,64,Yes,No,Fiber optic,Yes,No,Yes,No,Yes,Yes,One year,Yes,Electronic check,77.55,4861.08,No
TC-00922,Male,0,No,No,13,No,No phone service,Fiber optic,No,Yes,No,No,No,No,One year,Yes,Mailed check,69.09,874.23,No
TC-00923,Male,0,No,No,55,Yes,Yes,Fiber optic,No,Yes,Yes,No,Yes,No,One year,Yes,Mailed check,79.46,4267.62,No
TC-00924,Male,0,Yes,Yes,36,Yes,Yes,DSL,Yes,Yes,Yes,No,Yes,Yes,One year,No,Mailed check,55.55,1974.39,No
TC-00925,Male,0,Yes,Yes,48,Yes,Yes,Fiber optic,Yes,Yes,Yes,Yes,No,Yes,Two year,No,Mailed check,107.94,5159.6,No
TC-00926,Male,0,Yes,Yes,49,Yes,No,Fiber optic,No,No,No,No,Yes,No,Month-to-month,Yes,Mailed check,77.06,3807.4,Yes
TC-00927,Male,0,Yes,No,35,Yes,No,Fiber optic,Yes,Yes,Yes,Yes,Yes,Yes,One year,No,Bank transfer (automatic),111.66,3956.77,Yes
TC-00928,Female,0,No,No,51,Yes,Yes,DSL,No,Yes,Yes,No,No,Yes,Month-to-month,No,Mailed check,58.46,2930.37,No
TC-00929,Female,0,Yes,No,22,Yes,No,Fiber optic,Yes,No,No,No,Yes,No,One year,Yes,Bank transfer (automatic),57.45,1278.61,No
TC-00930,Male,0,Yes,No,65,Yes,No,No,No internet service,No internet service,No internet service,No internet service,No internet service,No internet service,Two year,Yes,Credit card (automatic),114.5,7475.25,No
TC-00931,Male,0,No,No,70,Yes,Yes,DSL,No,No,No,Yes,Yes,No,Two year,No,Credit card (automatic),90.91,6326.35,No
TC-00932,Female,0,Yes,No,44,Yes,Yes,Fiber optic,No,No,Yes,Yes,No,No,Month-to-month,No,Mailed check,69.87,3112.93,No
TC-00933,Male,0,Yes,Yes,27,Yes,Yes,Fiber optic,No,Yes,No,Yes,Yes,Yes,Month-to-month,No,Mailed check,89.85,2432.75,Yes
TC-00934,Male,0,Yes,No,19,Yes,No,Fiber optic,No,Yes,Yes,No,Yes,No,Two year,No,Credit card (automatic),57.67,1082.06,No
TC-00935,Female,1,Yes,Yes,48,Yes,No,No,No internet service,No internet service,No internet service,No internet service,No internet service,No internet service,Two year,Yes,Bank transfer (automatic),93.88,4513.33,No
TC-00936,Male,1,Yes,No,56,Yes,Yes,No,No internet service,No internet service,No internet service,No internet service,No internet service,No internet service,One year,No,Mailed check,38.96,2102.75,No
TC-00937,Female,0,No,Yes,58,Yes,No,DSL,Yes,No,No,No,Yes,Yes,Two year,Yes,Mailed check,113.09,6566.24,No
TC-00938,Male,0,No,No,25,Yes,Yes,No,No internet service,No internet service,No internet service,No internet service,No internet service,No internet service,Month-to-month,Yes,Mailed check,64.09,1559.96,No
TC-00939,Female,0,No,Yes,18,Yes,Yes,Fiber optic,Yes,No,Yes,No,Yes,No,Two year,No,Credit card (automatic),27.29,492.66,No
TC-00940,Female,0,No,No,12,Yes,Yes,Fiber optic,Yes,No,Yes,No,No,No,Two year,Yes,Mailed check,102.5,1209.71,No
TC-00941,Female,0,Yes,No,61,Yes,No,Fiber optic,Yes,Yes,Yes,No,Yes,No,Month-to-month,Yes,Credit card (automatic),107.44,6568.26,No
TC-00942,Male,0,No,No,13,Yes,No,No,No internet service,No internet service,No internet service,No internet service,No internet service,No internet service,Month-to-month,Yes,Mailed check,91.0,1242.59,Yes
TC-00943,Female,0,No,No,10,Yes,No,Fiber optic,Yes,No,Yes,Yes,No,No,Month-to-month,No,Credit card (automatic),80.97,816.06,Yes
TC-00944,Male,0,No,No,66,Yes,No,No,No internet service,No internet service,No internet service,No internet service,No internet service,No internet service,Month-to-month,Yes,Bank transfer (automatic),110.84,7365.46,Yes
TC-00945,Male,1,No,No,11,No,No phone service,Fiber optic,No,Yes,No,No,Yes,No,Month-to-month,Yes,Mailed check,80.21,831.16,Yes
TC-00946,Male,0,No,No,34,Yes,No,Fiber optic,Yes,Yes,Yes,Yes,No,No,Month-to-month,Yes,Bank transfer (automatic),97.14,3374.44,No
TC-00947,Male,0,No,Yes,38,Yes,Yes,Fiber optic,No,No,No,No,Yes,Yes,Two year,Yes,Credit card (automatic),65.12,2423.92,No
TC-00948,Female,0,No,No,31,Yes,Yes,Fiber optic,Yes,Yes,No,No,Yes,No,Month-to-month,Yes,Credit card (automatic),90.72,2749.65,No
TC-00949,Female,0,No,No,13,Yes,Yes,Fiber optic,Yes,Yes,No,No,No,Yes,Month-to-month,Yes,Mailed check,117.9,1518.96,No
TC-00950,Male,0,Yes,No,64,Yes,Yes,Fiber optic,No,No,No,No,No,Yes,Two year,Yes,Bank transfer (automatic),56.25,3577.78,No
TC-00951,Male,0,No,No,26,Yes,No,Fiber optic,No,No,No,No,Yes,No,Month-to-month,Yes,Credit card (automatic),90.01,2261.16,No
TC-00952,Female,0,Yes,No,59,Yes,Yes,No,No internet service,No internet service,No internet service,No internet service,No internet service,No internet service,Month-to-month,No,Bank transfer (automatic),32.89,1884.12,Yes
TC-00953,Male,0,No,No,42,Yes,Yes,DSL,Yes,Yes,Yes,Yes,No,No,Month-to-month,No,Credit card (automatic),81.51,3243.71,No
TC-00954,Female,0,No,No,64,No,No phone service,DSL,Yes,No,No,Yes,No,No,Month-to-month,No,Bank transfer (automatic),50.29,3151.0,No
TC-00955,Male,0,No,No,54,Yes,No,Fiber optic,No,No,No,No,No,Yes,Month-to-month,No,Credit card (automatic),104.66,5618.65,No
TC-00956,Male,0,Yes,Yes,34,Yes,Yes,Fiber optic,No,No,Yes,Yes,No,No,Month-to-month,No,Credit card (automatic),53.96,1909.13,No
TC-00957,Female,1,Yes,Yes,31,No,No phone service,DSL,Yes,No,No,No,No,No,Month-to-month,Yes,Bank transfer (automatic),62.51,1973.46,No
TC-00958,Male,0,No,No,18,Yes,Yes,Fiber optic,No,No,Yes,Yes,No,No,Two year,No,Electronic check,116.03,2104.71,No
TC-00959,Female,0,Yes,No,38,Yes,Yes,No,No internet service,No internet service,No internet service,No internet service,No internet service,No internet service,Month-to-month,Yes,Electronic check,39.54,1610.78,No
TC-00960,Male,0,No,No,19,Yes,No,Fiber optic,Yes,No,No,Yes,Yes,No,Month-to-month,Yes,Mailed check,74.48,1325.5,No
TC-00961,Male,0,Yes,Yes,27,Yes,No,No,No internet service,No internet service,No internet service,No internet service,No internet service,No internet service,One year,No,Mailed check,104.38,2814.88,No
TC-00962,Male,0,Yes,No,2,Yes,Yes,No,No internet service,No internet service,No internet service,No internet service,No internet service,No internet service,Two year,No,Electronic check,49.48,200.73,Yes
TC-00963,Female,0,Yes,No,31,Yes,Yes,DSL,Yes,No,Yes,No,Yes,Yes,Month-to-month,Yes,Credit card (automatic),19.53,580.06,No
TC-00964,Male,0,No,No,57,Yes,No,No,No internet service,No internet service,No internet service,No internet service,No internet service,No internet service,Month-to-month,No,Credit card (automatic),107.63,6093.52,No
TC-00965,Male,0,Yes,No,53,Yes,No,Fiber optic,Yes,Yes,No,No,Yes,Yes,Month-to-month,Yes,Electronic check,79.96,4278.75,No
TC-00966,Male,0,Yes,No,41,Yes,No,No,No internet service,No internet service,No internet service,No internet service,No internet service,No internet service,One year,No,Bank transfer (automatic),41.04,1654.8,No
TC-00967,Male,0,No,Yes,14,Yes,No,DSL,Yes,No,Yes,No,No,No,Month-to-month,No,Bank transfer (automatic),45.63,701.79,No
TC-00968,Female,0,Yes,No,61,Yes,Yes,DSL,Yes,Yes,Yes,No,No,Yes,Month-to-month,No,Credit card (automatic),97.96,6017.13,No
TC-00969,Female,0,No,No,30,Yes,No,DSL,No,No,Yes,No,No,No,Two year,Yes,Bank transfer (automatic),82.21,2456.78,Yes
TC-00970,Male,0,No,No,60,Yes,Yes,DSL,Yes,No,Yes,Yes,No,No,Two year,No,Bank transfer (automatic),91.26,5524.63,No
TC-00971,Female,0,Yes,Yes,25,Yes,No,DSL,No,No,No,No,No,No,Month-to-month,Yes,Mailed check,75.72,1881.22,Yes
TC-00972,Male,0,No,No,68,Yes,Yes,DSL,Yes,No,Yes,Yes,Yes,No,Month-to-month,Yes,Bank transfer (automatic),97.0,6602.64,No
TC-00973,Male,0,Yes,Yes,56,Yes,No,Fiber optic,No,No,No,Yes,No,No,One year,Yes,Mailed check,100.11,5635.42,Yes
TC-00974,Male,0,Yes,No,19,Yes,Yes,Fiber optic,No,Yes,Yes,No,Yes,No,Month-to-month,Yes,Electronic check,56.69,1057.63,No
TC-00975,Female,0,No,Yes,65,Yes,No,DSL,Yes,Yes,Yes,No,No,Yes,Month-to-month,Yes,Electronic check,108.1,7102.01,Yes
TC-00976,Female,0,Yes,Yes,20,Yes,No,Fiber optic,Yes,Yes,Yes,No,No,No,Month-to-month,Yes,Credit card (automatic),68.52,1373.9,No
TC-00977,Female,0,Yes,Yes,59,No,No phone service,DSL,No,Yes,Yes,No,Yes,No,Month-to-month,Yes,Bank transfer (automatic),34.02,2021.66,No
TC-00978,Female,1,No,Yes,62,Yes,Yes,DSL,Yes,Yes,No,Yes,No,No,Month-to-month,Yes,Credit card (automatic),39.85,2404.88,No
TC-00979,Female,0,No,Yes,50,Yes,No,Fiber optic,No,Yes,No,Yes,Yes,Yes,One year,Yes,Bank transfer (automatic),91.38,4536.77,No
TC-00980,Female,0,Yes,No,38,Yes,Yes,DSL,No,No,No,No,Yes,No,Month-to-month,Yes,Credit card (automatic),55.73,2125.88,No
TC-00981,Female,0,No,Yes,10,Yes,Yes,Fiber optic,Yes,No,Yes,No,Yes,Yes,Two year,No,Credit card (automatic),44.24,485.84,No
TC-00982,Female,0,No,No,56,Yes,No,DSL,No,Yes,No,Yes,Yes,No,One year,No,Mailed check,78.48,4465.53,No
TC-00983,Female,0,No,Yes,2,Yes,No,No,No internet service,No internet service,No internet service,No internet service,No internet service,No internet service,Month-to-month,Yes,Mailed check,96.23,139.43,No
TC-00984,Male,1,No,No,36,Yes,No,No,No internet service,No internet service,No internet service,No internet service,No internet service,No internet service,Month-to-month,No,Bank transfer (automatic),28.92,999.79,Yes
TC-00985,Female,0,Yes,No,24,Yes,Yes,DSL,No,No,No,Yes,No,Yes,Two year,No,Electronic check,62.91,1448.35,No
TC-00986,Female,0,Yes,Yes,20,Yes,No,Fiber optic,No,No,Yes,Yes,No,Yes,Month-to-month,Yes,Credit card (automatic),95.15,1927.68,No
TC-00987,Female,0,No,No,41,Yes,No,DSL,No,Yes,Yes,Yes,Yes,Yes,One year,No,Credit card (automatic),108.36,4513.43,No
TC-00988,Female,0,Yes,Yes,0,Yes,Yes,DSL,Yes,Yes,Yes,Yes,No,Yes,Month-to-month,No,Bank transfer (automatic),19.36,19.36,No
TC-00989,Female,0,No,No,22,Yes,Yes,DSL,Yes,No,Yes,Yes,No,No,Month-to-month,Yes,Electronic check,83.61,1842.34,No
TC-00990,Female,0,No,No,23,Yes,No,No,No internet service,No internet service,No internet service,No internet service,No internet service,No internet service,Two year,No,Electronic check,77.74,1794.65,No
TC-00991,Female,0,Yes,Yes,46,No,No phone service,DSL,Yes,Yes,Yes,No,Yes,No,Month-to-month,Yes,Credit card (automatic),69.77,3185.97,No
TC-00992,Female,0,Yes,No,6,Yes,Yes,Fiber optic,No,No,Yes,No,Yes,No,Month-to-month,Yes,Bank transfer (automatic),34.02,143.05,No
TC-00993,Female,0,Yes,Yes,37,Yes,No,No,No internet service,No internet service,No internet service,No internet service,No internet service,No internet service,Month-to-month,Yes,Bank transfer (automatic),92.18,3463.66,No
TC-00994,Female,0,Yes,No,46,Yes,Yes,Fiber optic,No,No,No,No,Yes,No,Month-to-month,No,Credit card (automatic),57.28,2642.59,Yes
TC-00995,Female,0,No,No,34,Yes,Yes,No,No internet service,No internet service,No internet service,No internet service,No internet service,No internet service,One year,No,Electronic check,41.46,1382.23,No
TC-00996,Male,0,No,No,61,Yes,Yes,No,No internet service,No internet service,No internet service,No internet service,No internet service,No internet service,Month-to-month,Yes,Mailed check,103.0,6433.26,No
TC-00997,Male,0,Yes,No,2,Yes,No,Fiber optic,No,Yes,Yes,Yes,Yes,No,Month-to-month,No,Mailed check,48.7,97.26,Yes
TC-00998,Female,0,No,Yes,19,Yes,Yes,Fiber optic,No,No,Yes,No,Yes,No,Month-to-month,Yes,Mailed check,37.84,633.36,Yes
TC-00999,Female,0,Yes,Yes,43,Yes,No,Fiber optic,Yes,No,No,Yes,Yes,No,Month-to-month,Yes,Credit card (automatic),49.2,2148.34,Yes
TC-01000,Male,0,Yes,Yes,31,No,No phone service,No,No internet service,No internet service,No internet service,No internet service,No internet service,No internet service,Two year,No,Electronic check,36.11,1027.33,No
TC-01001,Female,0,Yes,No,25,Yes,Yes,Fiber optic,No,No,No,No,Yes,No,Month-to-month,Yes,Electronic check,95.73,2416.55,Yes
TC-01002,Male,0,No,Yes,47,Yes,No,DSL,No,Yes,Yes,Yes,No,Yes,Month-to-month,No,Mailed check,36.21,1723.84,No
TC-01003,Male,0,No,No,4,Yes,No,No,No internet service,No internet service,No internet service,No internet service,No internet service,No internet service,Two year,No,Bank transfer (automatic),89.67,427.67,No
TC-01004,Male,0,Yes,No,58,Yes,No,No,No internet service,No internet service,No internet service,No internet service,No internet service,No internet service,One year,Yes,Bank transfer (automatic),34.25,1936.38,No
TC-01005,Male,0,Yes,Yes,60,Yes,Yes,Fiber optic,Yes,No,Yes,No,No,No,Month-to-month,No,Credit card (automatic),40.63,2423.12,Yes
TC-01006,Male,0,Yes,No,48,Yes,No,Fiber optic,Yes,Yes,No,Yes,No,No,Month-to-month,Yes,Bank transfer (automatic),52.25,2504.55,No
TC-01007,Female,0,Yes,No,29,Yes,No,Fiber optic,No,No,No,No,Yes,No,Month-to-month,No,Electronic check,113.01,3320.58,Yes
TC-01008,Male,0,No,No,16,Yes,No,DSL,Yes,Yes,Yes,No,Yes,No,Month-to-month,Yes,Electronic check,109.38,1771.79,No
TC-01009,Female,0,No,No,69,Yes,No,Fiber optic,No,No,No,Yes,Yes,No,One year,Yes,Credit card (automatic),26.51,1855.13,No
TC-01010,Female,0,Yes,No,57,Yes,No,DSL,No,Yes,No,No,No,Yes,Two year,Yes,Bank transfer (automatic),51.58,3001.0,No
TC-01011,Male,0,Yes,No,62,Yes,No,Fiber optic,No,Yes,Yes,No,Yes,Yes,Month-to-month,No,Electronic check,52.63,3251.95,No
TC-01012,Male,0,No,No,60,Yes,No,Fiber optic,No,Yes,Yes,Yes,Yes,No,Two year,Yes,Credit card (automatic),39.16,2422.74,No
TC-01013,Female,0,Yes,No,62,No,No phone service,DSL,Yes,Yes,Yes,Yes,No,Yes,Month-to-month,No,Bank transfer (automatic),61.56,3812.3,No
TC-01014,Male,0,No,Yes,14,Yes,Yes,DSL,No,Yes,No,Yes,No,Yes,Month-to-month,No,Mailed check,92.8,1343.97,No
TC-01015,Male,0,No,No,0,Yes,Yes,DSL,Yes,Yes,Yes,Yes,Yes,Yes,Month-to-month,Yes,Credit card (automatic),27.93,27.93,No
TC-01016,Female,0,Yes,Yes,12,Yes,No,Fiber optic,No,No,Yes,Yes,Yes,No,Month-to-month,Yes,Mailed check,85.17,1051.79,No
TC-01017,Female,0,No,Yes,47,Yes,No,DSL,Yes,Yes,Yes,Yes,No,No,Two year,No,Credit card (automatic),44.08,2129.67,No
TC-01018,Male,0,No,No,33,Yes,Yes,DSL,No,Yes,Yes,No,Yes,Yes,One year,Yes,Bank transfer (automatic),82.24,2659.82,No
TC-01019,Female,0,No,No,29,Yes,No,No,No internet service,No internet service,No internet service,No internet service,No internet service,No internet service,Month-to-month,Yes,Credit card (automatic),86.19,2546.73,No
TC-01020,Male,0,No,No,18,Yes,No,Fiber optic,No,Yes,Yes,Yes,No,Yes,Month-to-month,No,Electronic check,90.81,1643.52,Yes
TC-01021,Male,0,Yes,Yes,63,Yes,Yes,Fiber optic,No,Yes,Yes,Yes,No,Yes,One year,No,Mailed check,104.17,6664.63,No
TC-01022,Male,0,No,No,65,No,No phone service,Fiber optic,No,No,Yes,No,Yes,No,One year,No,Bank transfer (automatic),107.96,7004.21,Yes
TC-01023,Female,0,No,No,56,Yes,Yes,DSL,Yes,No,Yes,Yes,Yes,No,Month-to-month,Yes,Mailed check,93.91,5273.63,No
TC-01024,Female,0,No,Yes,43,Yes,Yes,DSL,Yes,No,Yes,No,No,Yes,Two year,Yes,Credit card (automatic),66.11,2834.93,No
TC-01025,Female,0,Yes,No,11,Yes,No,Fiber optic,Yes,No,No,Yes,No,Yes,Month-to-month,Yes,Credit card (automatic),22.42,279.76,No
TC-01026,Female,0,Yes,No,39,Yes,Yes,Fiber optic,No,Yes,No,No,Yes,No,One year,Yes,Credit card (automatic),111.71,4247.53,No
TC-01027,Female,1,Yes,No,23,Yes,No,Fiber optic,No,Yes,No,Yes,Yes,No,Month-to-month,Yes,Credit card (automatic),78.13,1726.47,No
TC-01028,Male,0,No,Yes,10,Yes,No,Fiber optic,Yes,Yes,No,Yes,No,No,Two year,No,Credit card (automatic),71.46,748.03,No
TC-01029,Male,0,Yes,Yes,65,Yes,Yes,Fiber optic,No,No,Yes,No,Yes,Yes,Month-to-month,Yes,Credit card (automatic),41.95,2728.08,No
TC-01030,Male,0,Yes,No,0,Yes,No,DSL,No,No,Yes,Yes,No,Yes,Month-to-month,No,Electronic check,86.42,86.42,Yes
TC-01031,Male,0,Yes,No,57,Yes,No,No,No internet service,No internet service,No internet service,No internet service,No internet service,No internet service,One year,No,Mailed check,117.47,6664.09,No
TC-01032,Female,0,No,No,27,Yes,Yes,DSL,Yes,No,Yes,No,No,No,Two year,Yes,Credit card (automatic),51.0,1357.36,No
TC-01033,Male,0,Yes,Yes,67,Yes,No,No,No internet service,No internet service,No internet service,No internet service,No internet service,No internet service,Two year,Yes,Mailed check,97.96,6539.07,No
TC-01034,Female,0,Yes,No,58,Yes,No,No,No internet service,No internet service,No internet service,No internet service,No internet service,No internet service,Month-to-month,Yes,Bank transfer (automatic),47.11,2778.96,No
TC-01035,Male,0,Yes,No,70,Yes,Yes,DSL,No,No,Yes,Yes,No,Yes,Two year,Yes,Mailed check,66.77,4736.72,No
TC-01036,Female,1,No,Yes,21,Yes,No,No,No internet service,No internet service,No internet service,No internet service,No internet service,No internet service,One year,Yes,Mailed check,39.33,714.04,No
TC-01037,Female,0,No,No,28,Yes,No,No,No internet service,No internet service,No internet service,No internet service,No internet service,No internet service,Month-to-month,Yes,Electronic check,69.28,1933.87,Yes
TC-01038,Male,0,Yes,No,68,Yes,No,No,No internet service,No internet service,No internet service,No internet service,No internet service,No internet service,Month-to-month,Yes,Electronic check,63.93,4352.93,Yes
TC-01039,Male,0,Yes,Yes,44,Yes,Yes,Fiber optic,No,Yes,No,No,No,Yes,Two year,Yes,Mailed check,21.89,889.08,No
TC-01040,Male,0,Yes,Yes,69,Yes,Yes,No,No internet service,No internet service,No internet service,No internet service,No internet service,No internet service,One year,No,Mailed check,56.18,3939.08,No
TC-01041,Male,0,No,No,16,Yes,Yes,Fiber optic,Yes,No,No,No,Yes,Yes,Month-to-month,No,Bank transfer (automatic),24.27,406.87,No
TC-01042,Female,0,No,No,38,No,No phone service,No,No internet service,No internet service,No internet service,No internet service,No internet service,No internet service,Month-to-month,Yes,Mailed check,63.06,2438.81,No
TC-01043,Male,0,Yes,No,39,Yes,Yes,Fiber optic,No,No,No,No,No,No,Month-to-month,No,Bank transfer (automatic),116.02,4502.49,No
TC-01044,Male,0,No,No,27,Yes,Yes,No,No internet service,No internet service,No internet service,No internet service,No internet service,No internet service,Month-to-month,Yes,Electronic check,47.3,1238.15,No
TC-01045,Female,0,Yes,Yes,1,Yes,Yes,Fiber optic,No,Yes,No,Yes,No,No,Two year,Yes,Electronic check,69.56,41.09,No
TC-01046,Male,0,No,No,26,Yes,Yes,Fiber optic,No,Yes,Yes,No,No,Yes,Month-to-month,Yes,Mailed check,31.02,801.02,Yes
TC-01047,Male,1,Yes,No,20,Yes,No,No,No internet service,No internet service,No internet service,No internet service,No internet service,No internet service,One year,No,Bank transfer (automatic),33.4,646.72,No
TC-01048,Male,0,No,Yes,6,Yes,Yes,Fiber optic,Yes,Yes,Yes,Yes,No,No,Month-to-month,Yes,Bank transfer (automatic),53.55,366.58,Yes
TC-01049,Male,0,Yes,No,60,Yes,No,DSL,Yes,Yes,No,No,No,No,Month-to-month,No,Mailed check,66.97,4151.5,Yes
TC-01050,Male,0,No,Yes,51,Yes,Yes,DSL,No,No,No,No,No,Yes,Month-to-month,Yes,Bank transfer (automatic),88.14,4524.27,Yes
TC-01051,Female,0,Yes,Yes,47,Yes,No,No,No internet service,No internet service,No internet service,No internet service,No internet service,No internet service,Month-to-month,Yes,Mailed check,63.67,2895.13,No
TC-01052,Male,1,Yes,Yes,18,No,No phone service,No,No internet service,No internet service,No internet service,No internet service,No internet service,No internet service,Two year,Yes,Electronic check,20.44,375.67,No
TC-01053,Male,0,Yes,Yes,11,Yes,No,Fiber optic,No,No,No,Yes,Yes,No,Two year,No,Credit card (automatic),45.1,436.71,Yes
TC-01054,Male,0,Yes,No,70,Yes,Yes,No,No internet service,No internet service,No internet service,No internet service,No internet service,No internet service,Month-to-month,Yes,Credit card (automatic),20.48,1413.22,No
TC-01055,Male,0,No,No,1,Yes,No,DSL,No,Yes,No,Yes,Yes,Yes,One year,Yes,Mailed check,109.79,108.01,No
TC-01056,Male,1,Yes,No,16,Yes,Yes,DSL,No,No,Yes,No,No,Yes,Month-to-month,No,Credit card (automatic),20.9,321.44,No
TC-01057,Female,0,No,No,2,Yes,No,Fiber optic,Yes,Yes,Yes,Yes,Yes,No,Month-to-month,Yes,Electronic check,22.96,22.96,No
TC-01058,Male,0,No,No,20,Yes,Yes,Fiber optic,Yes,No,No,No,No,No,Month-to-month,Yes,Electronic check,47.83,982.7,Yes
TC-01059,Female,0,Yes,No,50,Yes,No,DSL,No,No,No,Yes,No,No,One year,Yes,Electronic check,81.23,3961.81,No
TC-01060,Female,0,Yes,No,9,Yes,Yes,Fiber optic,No,Yes,Yes,Yes,No,No,Month-to-month,No,Bank transfer (automatic),53.8,503.52,Yes
TC-01061,Male,0,Yes,No,54,Yes,No,DSL,Yes,No,No,Yes,No,Yes,Two year,Yes,Bank transfer (automatic),24.16,1259.54,No
TC-01062,Male,1,Yes,No,35,Yes,Yes,Fiber optic,No,No,Yes,No,Yes,No,One year,Yes,Mailed check,101.63,3570.98,No
TC-01063,Male,0,No,No,50,Yes,Yes,Fiber optic,Yes,Yes,No,No,Yes,No,Month-to-month,Yes,Bank transfer (automatic),88.02,4333.77,No
TC-01064,Male,0,No,Yes,16,Yes,Yes,No,No internet service,No internet service,No internet service,No internet service,No internet service,No internet service,One year,No,Credit card (automatic),57.64,933.81,No
TC-01065,Female,0,No,No,60,Yes,No,No,No internet service,No internet service,No internet service,No internet service,No internet service,No internet service,Month-to-month,Yes,Credit card (automatic),85.69,5210.27,No
TC-01066,Male,0,No,No,12,Yes,Yes,Fiber optic,Yes,Yes,No,Yes,Yes,Yes,Month-to-month,Yes,Bank transfer (automatic),45.46,515.79,Yes
TC-01067,Male,0,Yes,No,64,Yes,Yes,DSL,Yes,No,No,No,Yes,Yes,Month-to-month,No,Bank transfer (automatic),70.79,4499.73,No
TC-01068,Male,1,No,Yes,47,Yes,Yes,No,No internet service,No internet service,No internet service,No internet service,No internet service,No internet service,Month-to-month,No,Electronic check,106.05,5005.97,No
TC-01069,Male,0,Yes,No,69,Yes,No,DSL,Yes,No,No,No,Yes,Yes,Month-to-month,No,Electronic check,28.77,1995.68,No
TC-01070,Male,0,Yes,No,46,Yes,No,DSL,Yes,No,Yes,Yes,Yes,No,Month-to-month,Yes,Electronic check,102.69,4654.65,No
TC-01071,Male,0,No,Yes,9,Yes,Yes,DSL,Yes,No,Yes,Yes,Yes,Yes,Two year,Yes,Electronic check,96.85,927.03,No
TC-01072,Female,0,No,No,56,Yes,Yes,No,No internet service,No internet service,No internet service,No internet service,No internet service,No internet service,Month-to-month,No,Electronic check,112.91,6363.41,No
TC-01073,Female,0,No,Yes,12,Yes,No,No,No internet service,No internet service,No internet service,No internet service,No internet service,No internet service,One year,Yes,Credit card (automatic),69.38,896.66,No
TC-01074,Male,0,No,No,60,Yes,No,No,No internet service,No internet service,No internet service,No internet service,No internet service,No internet service,Two year,No,Bank transfer (automatic),45.49,2756.7,No
TC-01075,Male,0,No,No,57,No,No phone service,Fiber optic,Yes,No,Yes,Yes,Yes,No,One year,Yes,Mailed check,53.31,3133.06,No
TC-01076,Male,0,No,No,67,Yes,Yes,DSL,No,No,No,No,Yes,No,One year,Yes,Bank transfer (automatic),81.98,5399.03,No
TC-01077,Female,0,Yes,No,28,Yes,Yes,No,No internet service,No internet service,No internet service,No internet service,No internet service,No internet service,Two year,Yes,Credit card (automatic),32.08,974.44,No
TC-01078,Male,0,Yes,No,15,Yes,No,Fiber optic,No,Yes,Yes,Yes,Yes,No,Month-to-month,Yes,Mailed check,53.17,778.05,No
TC-01079,Female,0,Yes,Yes,62,Yes,Yes,Fiber optic,Yes,No,Yes,No,No,Yes,Month-to-month,Yes,Credit card (automatic),90.64,5592.48,No
TC-01080,Male,1,No,Yes,46,Yes,No,DSL,Yes,No,Yes,Yes,No,Yes,One year,Yes,Electronic check,75.37,3431.3,No
TC-01081,Male,0,Yes,Yes,42,Yes,No,DSL,No,No,No,No,Yes,No,Month-to-month,Yes,Mailed check,24.28,1045.23,No
TC-01082,Male,0,Yes,Yes,22,Yes,No,No,No internet service,No internet service,No internet service,No internet service,No internet service,No internet service,Month-to-month,No,Credit card (automatic),67.69,1529.19,Yes
TC-01083,Male,0,Yes,No,29,Yes,No,DSL,Yes,Yes,No,No,No,No,Month-to-month,No,Bank transfer (automatic),70.42,2018.86,No
TC-01084,Female,0,Yes,No,56,Yes,Yes,DSL,No,Yes,No,Yes,No,Yes,Two year,No,Credit card (automatic),88.08,4946.16,No
TC-01085,Female,0,Yes,Yes,29,Yes,No,Fiber optic,Yes,Yes,No,No,No,No,Month-to-month,No,Credit card (automatic),19.07,691.22,No
TC-01086,Male,0,Yes,Yes,66,Yes,Yes,DSL,Yes,No,Yes,No,Yes,No,One year,Yes,Bank transfer (automatic),60.84,3981.95,No
TC-01087,Male,0,No,No,55,Yes,Yes,DSL,Yes,No,No,No,Yes,No,Month-to-month,No,Bank transfer (automatic),106.66,5846.58,No
TC-01088,Female,0,No,No,23,Yes,No,No,No internet service,No internet service,No internet service,No internet service,No internet service,No internet service,Two year,Yes,Electronic check,20.51,542.72,No
TC-01089,Female,0,No,No,7,Yes,Yes,DSL,No,Yes,No,No,Yes,No,Month-to-month,No,Bank transfer (automatic),85.24,517.9,Yes
TC-01090,Female,0,Yes,No,43,Yes,Yes,Fiber optic,Yes,Yes,Yes,No,No,No,Two year,Yes,Bank transfer (automatic),40.32,1746.02,No
TC-01091,Female,1,No,No,33,Yes,Yes,Fiber optic,Yes,Yes,Yes,Yes,No,No,Month-to-month,No,Electronic check,56.75,1751.98,Yes
TC-01092,Male,0,No,Yes,34,Yes,No,DSL,Yes,No,Yes,Yes,No,No,Month-to-month,No,Credit card (automatic),106.41,3548.96,Yes
TC-01093,Female,0,Yes,No,49,Yes,No,Fiber optic,No,Yes,Yes,Yes,Yes,Yes,One year,Yes,Credit card (automatic),54.25,2598.75,No
TC-01094,Male,0,No,Yes,16,Yes,No,DSL,No,No,No,Yes,No,Yes,Month-to-month,Yes,Bank transfer (automatic),72.55,1116.97,No
TC-01095,Female,0,Yes,Yes,1,Yes,Yes,DSL,Yes,Yes,Yes,Yes,No,Yes,Month-to-month,No,Electronic check,26.96,26.96,No
TC-01096,Female,0,No,Yes,53,Yes,Yes,DSL,Yes,Yes,No,Yes,Yes,No,Month-to-month,Yes,Credit card (automatic),50.47,2684.96,No
TC-01097,Female,0,Yes,No,43,Yes,No,DSL,No,No,No,Yes,No,No,Month-to-month,Yes,Credit card (automatic),32.17,1453.3,No
TC-01098,Female,1,Yes,No,48,Yes,Yes,Fiber optic,Yes,Yes,No,No,No,No,Two year,No,Credit card (automatic),74.16,3661.63,No
TC-01099,Female,1,No,Yes,1,Yes,No,DSL,Yes,No,No,Yes,No,No,Two year,No,Credit card (automatic),63.98,12.51,No
TC-01100,Male,0,Yes,No,71,Yes,No,DSL,Yes,Yes,No,No,No,No,Two year,No,Bank transfer (automatic),44.46,3193.08,No
TC-01101,Male,0,No,No,69,Yes,No,No,No internet service,No internet service,No internet service,No internet service,No internet service,No internet service,Two year,No,Credit card (automatic),117.96,8199.67,No
TC-01102,Female,1,Yes,No,8,Yes,Yes,DSL,No,No,No,No,No,Yes,Two year,Yes,Electronic check,33.33,272.69,No
TC-01103,Female,0,No,Yes,0,Yes,Yes,DSL,No,Yes,Yes,Yes,No,No,Two year,No,Electronic check,100.55,100.55,No
TC-01104,Male,1,No,No,68,Yes,No,Fiber optic,No,Yes,Yes,No,No,No,Month-to-month,Yes,Bank transfer (automatic),21.58,1490.44,No
TC-01105,Female,0,Yes,No,8,Yes,No,No,No internet service,No internet service,No internet service,No internet service,No internet service,No internet service,Month-to-month,Yes,Mailed check,102.68,844.37,Yes
TC-01106,Female,0,No,Yes,13,Yes,No,DSL,Yes,Yes,Yes,No,Yes,No,Month-to-month,No,Credit card (automatic),65.7,817.27,Yes
TC-01107,Male,0,No,Yes,26,Yes,Yes,DSL,Yes,No,No,Yes,Yes,No,Month-to-month,Yes,Bank transfer (automatic),100.82,2521.62,Yes
TC-01108,Female,0,No,Yes,8,Yes,No,Fiber optic,No,No,No,Yes,No,No,Two year,Yes,Mailed check,92.72,724.33,Yes
TC-01109,Female,0,Yes,Yes,35,Yes,No,Fiber optic,No,No,No,No,Yes,Yes,Two year,Yes,Bank transfer (automatic),75.26,2595.76,No
TC-01110,Male,0,Yes,No,2,Yes,Yes,DSL,Yes,Yes,Yes,No,Yes,No,Month-to-month,No,Bank transfer (automatic),55.16,96.43,No
TC-01111,Male,0,No,No,22,Yes,Yes,DSL,Yes,No,Yes,No,Yes,Yes,Month-to-month,No,Mailed check,84.55,1908.17,No
TC-01112,Male,0,No,No,29,Yes,Yes,DSL,Yes,Yes,No,No,Yes,Yes,Month-to-month,Yes,Electronic check,101.25,3008.03,No
TC-01113,Female,0,Yes,Yes,18,Yes,No,DSL,Yes,No,No,Yes,Yes,No,One year,No,Mailed check,68.33,1237.48,No
TC-01114,Male,0,Yes,No,66,Yes,Yes,DSL,Yes,No,Yes,No,No,Yes,Two year,Yes,Credit card (automatic),59.49,3867.14,No
TC-01115,Male,0,No,No,49,No,No phone service,Fiber optic,No,Yes,No,No,No,No,Month-to-month,No,Mailed check,32.29,1562.75,No
TC-01116,Male,0,Yes,No,47,Yes,No,DSL,Yes,No,Yes,No,No,No,Month-to-month,No,Credit card (automatic),107.62,5019.52,No
TC-01117,Male,0,Yes,No,2,Yes,No,Fiber optic,Yes,No,Yes,Yes,Yes,No,One year,No,Credit card (automatic),44.73,95.66,Yes
TC-01118,Male,1,No,Yes,65,Yes,Yes,Fiber optic,No,No,No,No,Yes,No,Month-to-month,Yes,Electronic check,30.35,1949.41,Yes
TC-01119,Male,1,Yes,No,26,Yes,No,DSL,Yes,Yes,No,Yes,Yes,Yes,Two year,Yes,Bank transfer (automatic),24.62,685.25,No
TC-01120,Female,0,Yes,No,39,Yes,Yes,No,No internet service,No internet service,No internet service,No internet service,No internet service,No internet service,Month-to-month,No,Mailed check,93.08,3587.72,No
TC-01121,Female,0,Yes,No,17,Yes,Yes,No,No internet service,No internet service,No internet service,No internet service,No internet service,No internet service,Two year,Yes,Credit card (automatic),85.5,1562.67,No
TC-01122,Male,0,No,No,26,Yes,Yes,DSL,No,Yes,No,No,No,Yes,Two year,Yes,Mailed check,30.05,707.68,No
TC-01123,Male,1,Yes,Yes,10,Yes,No,DSL,Yes,Yes,No,Yes,No,No,One year,No,Mailed check,71.01,725.39,No
TC-01124,Male,0,No,Yes,38,Yes,Yes,Fiber optic,Yes,Yes,No,No,Yes,No,One year,No,Credit card (automatic),33.27,1183.73,No
TC-01125,Female,0,Yes,No,18,Yes,No,DSL,Yes,Yes,No,No,Yes,No,Month-to-month,Yes,Credit card (automatic),56.36,1066.87,Yes
TC-01126,Female,0,Yes,No,6,Yes,No,No,No internet service,No internet service,No internet service,No internet service,No internet service,No internet service,Month-to-month,Yes,Bank transfer (automatic),96.29,580.08,No
TC-01127,Female,0,No,No,56,Yes,Yes,DSL,No,No,Yes,Yes,Yes,No,Two year,Yes,Mailed check,40.78,2293.97,No
TC-01128,Female,0,No,Yes,1,Yes,No,Fiber optic,Yes,No,Yes,Yes,Yes,No,Month-to-month,Yes,Credit card (automatic),20.77,20.77,No
TC-01129,Female,0,No,No,37,Yes,Yes,DSL,Yes,Yes,Yes,Yes,Yes,No,Month-to-month,No,Bank transfer (automatic),37.33,1435.51,Yes
TC-01130,Female,1,No,No,4,Yes,Yes,DSL,Yes,No,Yes,No,No,Yes,Two year,Yes,Mailed check,58.05,264.34,No
TC-01131,Female,1,Yes,No,35,Yes,Yes,DSL,Yes,No,No,No,No,Yes,Month-to-month,No,Mailed check,42.17,1448.68,No
TC-01132,Female,0,No,Yes,67,Yes,Yes,Fiber optic,No,No,Yes,No,No,No,Two year,Yes,Credit card (automatic),90.22,6043.91,Yes
TC-01133,Female,0,No,Yes,56,Yes,No,No,No internet service,No internet service,No internet service,No internet service,No internet service,No internet service,Month-to-month,Yes,Electronic check,96.92,5383.0,No
TC-01134,Male,0,No,No,19,Yes,Yes,No,No internet service,No internet service,No internet service,No internet service,No internet service,No internet service,One year,Yes,Credit card (automatic),42.05,750.49,No
TC-01135,Male,0,Yes,No,4,Yes,No,DSL,Yes,No,Yes,Yes,Yes,No,Month-to-month,Yes,Mailed check,44.86,148.67,Yes
TC-01136,Male,0,Yes,No,23,Yes,No,Fiber optic,No,Yes,No,No,No,Yes,Two year,Yes,Electronic check,74.01,1688.53,No
TC-01137,Male,0,No,No,29,Yes,Yes,Fiber optic,No,No,No,Yes,Yes,Yes,One year,No,Credit card (automatic),93.25,2704.34,No
TC-01138,Female,0,No,No,27,Yes,No,Fiber optic,Yes,No,Yes,Yes,No,No,One year,Yes,Electronic check,113.94,3074.16,No
TC-01139,Female,0,No,Yes,52,Yes,Yes,DSL,No,Yes,Yes,Yes,No,Yes,Month-to-month,Yes,Bank transfer (automatic),48.06,2455.86,No
TC-01140,Male,0,No,Yes,50,Yes,Yes,Fiber optic,Yes,Yes,Yes,No,No,Yes,Two year,No,Credit card (automatic),109.11,5493.45,No
TC-01141,Female,0,Yes,Yes,6,Yes,Yes,No,No internet service,No internet service,No internet service,No internet service,No internet service,No internet service,Month-to-month,No,Mailed check,36.18,271.56,No
TC-01142,Male,0,No,No,41,Yes,No,No,No internet service,No internet service,No internet service,No internet service,No internet service,No internet service,Month-to-month,Yes,Mailed check,22.11,952.19,No
TC-01143,Female,1,Yes,No,34,Yes,Yes,Fiber optic,No,No,No,Yes,No,No,Two year,Yes,Electronic check,97.25,3341.81,No
TC-01144,Male,1,No,No,33,Yes,No,DSL,Yes,Yes,No,No,No,Yes,Two year,No,Electronic check,65.86,2048.25,No
TC-01145,Female,1,No,Yes,53,Yes,Yes,No,No internet service,No internet service,No internet service,No internet service,No internet service,No internet service,Month-to-month,No,Bank transfer (automatic),25.69,1311.65,No
TC-01146,Female,0,Yes,No,28,Yes,No,No,No internet service,No internet service,No internet service,No internet service,No internet service,No internet service,One year,Yes,Credit card (automatic),25.11,628.66,No
TC-01147,Male,0,No,No,9,Yes,Yes,Fiber optic,No,Yes,Yes,Yes,Yes,No,One year,No,Bank transfer (automatic),19.36,85.61,No
TC-01148,Female,0,No,No,26,Yes,No,No,No internet service,No internet service,No internet service,No internet service,No internet service,No internet service,One year,Yes,Electronic check,48.63,1321.58,No
TC-01149,Male,1,No,Yes,12,Yes,Yes,No,No internet service,No internet service,No internet service,No internet service,No internet service,No internet service,One year,No,Mailed check,91.54,1183.24,No
TC-01150,Male,0,No,No,41,Yes,No,Fiber optic,No,No,Yes,No,No,Yes,Month-to-month,Yes,Bank transfer (automatic),84.53,3466.11,Yes
TC-01151,Male,0,Yes,No,36,Yes,Yes,Fiber optic,No,No,No,Yes,No,No,Month-to-month,No,Credit card (automatic),117.97,4270.49,No
TC-01152,Male,0,No,No,60,Yes,No,Fiber optic,Yes,No,Yes,No,Yes,Yes,Two year,No,Mailed check,77.39,4625.44,No
TC-01153,Female,0,No,No,20,Yes,Yes,Fiber optic,Yes,Yes,No,No,No,Yes,Month-to-month,No,Credit card (automatic),29.05,639.48,No
TC-01154,Female,0,Yes,Yes,2,Yes,No,DSL,No,Yes,No,Yes,Yes,Yes,One year,No,Electronic check,115.85,245.7,Yes
TC-01155,Female,0,No,No,7,Yes,Yes,Fiber optic,Yes,Yes,Yes,No,Yes,Yes,Two year,No,Electronic check,87.3,585.03,No
TC-01156,Male,0,Yes,No,69,Yes,Yes,DSL,No,No,No,Yes,Yes,Yes,Month-to-month,No,Credit card (automatic),55.4,3850.71,Yes
TC-01157,Female,0,No,No,16,Yes,Yes,Fiber optic,Yes,No,No,No,Yes,Yes,Two year,No,Credit card (automatic),42.7,674.12,Yes
TC-01158,Male,1,No,No,9,Yes,No,No,No internet service,No internet service,No internet service,No internet service,No internet service,No internet service,Month-to-month,Yes,Electronic check,40.22,371.76,No
TC-01159,Female,0,No,Yes,12,Yes,No,Fiber optic,No,Yes,Yes,No,Yes,No,Month-to-month,Yes,Bank transfer (automatic),113.62,1398.11,Yes
TC-01160,Female,0,Yes,Yes,11,Yes,Yes,DSL,No,No,Yes,No,Yes,Yes,Month-to-month,No,Bank transfer (automatic),59.94,847.35,No
TC-01161,Female,0,Yes,No,65,Yes,No,No,No internet service,No internet service,No internet service,No internet service,No internet service,No internet service,One year,No,Credit card (automatic),66.68,4423.51,No
TC-01162,Male,1,No,Yes,22,Yes,Yes,DSL,No,Yes,Yes,No,No,No,Month-to-month,Yes,Credit card (automatic),101.68,2244.46,Yes
TC-01163,Female,0,Yes,No,64,Yes,Yes,No,No internet service,No internet service,No internet service,No internet service,No internet service,No internet service,Month-to-month,No,Electronic check,114.39,7273.97,No
TC-01164,Female,1,No,Yes,51,No,No phone service,Fiber optic,No,Yes,No,Yes,Yes,No,One year,Yes,Credit card (automatic),18.44,827.76,No
TC-01165,Male,0,Yes,Yes,60,Yes,No,Fiber optic,No,No,Yes,No,No,No,Month-to-month,No,Credit card (automatic),117.02,7085.41,Yes
TC-01166,Female,1,No,No,25,Yes,Yes,Fiber optic,No,No,Yes,No,No,No,Month-to-month,Yes,Mailed check,25.55,694.74,Yes
TC-01167,Male,1,Yes,Yes,14,Yes,No,DSL,No,Yes,No,No,No,No,One year,Yes,Credit card (automatic),101.68,1392.12,No
TC-01168,Female,0,No,No,21,Yes,No,Fiber optic,Yes,Yes,Yes,No,No,No,One year,Yes,Credit card (automatic),113.03,2369.25,Yes
TC-01169,Male,0,Yes,No,64,Yes,Yes,DSL,No,Yes,Yes,No,Yes,No,Two year,Yes,Credit card (automatic),74.11,4753.44,No
TC-01170,Male,0,Yes,No,25,Yes,No,Fiber optic,No,No,Yes,Yes,No,Yes,Month-to-month,Yes,Bank transfer (automatic),73.17,1858.95,Yes
TC-01171,Female,0,Yes,No,20,Yes,No,Fiber optic,No,No,Yes,No,No,No,Month-to-month,Yes,Electronic check,84.9,1780.73,Yes
TC-01172,Male,0,Yes,Yes,23,Yes,No,Fiber optic,No,Yes,No,Yes,Yes,Yes,One year,No,Electronic check,53.28,1160.29,No
TC-01173,Male,0,No,No,15,Yes,Yes,No,No internet service,No internet service,No internet service,No internet service,No internet service,No internet service,Two year,Yes,Mailed check,34.58,552.38,No
TC-01174,Male,0,No,No,31,Yes,Yes,Fiber optic,Yes,Yes,Yes,No,Yes,Yes,One year,No,Bank transfer (automatic),24.64,774.78,Yes
TC-01175,Male,0,Yes,No,15,Yes,No,Fiber optic,No,No,Yes,Yes,No,Yes,Month-to-month,No,Bank transfer (automatic),106.11,1566.14,No
TC-01176,Male,0,No,No,41,Yes,No,No,No internet service,No internet service,No internet service,No internet service,No internet service,No internet service,Two year,No,Electronic check,72.73,3022.25,No
TC-01177,Male,0,Yes,No,31,No,No phone service,DSL,Yes,No,No,Yes,Yes,No,One year,No,Credit card (automatic),87.41,2704.15,No
TC-01178,Female,0,No,No,49,Yes,Yes,No,No internet service,No internet service,No internet service,No internet service,No internet service,No internet service,Month-to-month,No,Electronic check,51.21,2505.27,Yes
TC-01179,Male,0,Yes,No,40,Yes,No,DSL,No,Yes,No,No,Yes,No,Two year,No,Credit card (automatic),98.7,3963.69,No
TC-01180,Male,0,No,Yes,23,Yes,Yes,Fiber optic,Yes,Yes,No,No,Yes,No,Month-to-month,No,Credit card (automatic),52.99,1195.87,No
TC-01181,Female,0,No,Yes,12,Yes,Yes,No,No internet service,No internet service,No internet service,No internet service,No internet service,No internet service,Two year,Yes,Bank transfer (automatic),20.98,284.48,No
TC-01182,Female,1,Yes,No,9,Yes,No,No,No internet service,No internet service,No internet service,No internet service,No internet service,No internet service,One year,No,Electronic check,51.69,445.34,No
TC-01183,Female,0,Yes,Yes,41,Yes,Yes,DSL,Yes,No,No,No,Yes,Yes,Month-to-month,Yes,Mailed check,103.03,4308.74,No
TC-01184,Female,0,Yes,Yes,40,No,No phone service,DSL,No,Yes,No,Yes,Yes,Yes,Month-to-month,Yes,Electronic check,105.59,4235.02,No
TC-01185,Female,0,Yes,Yes,2,Yes,No,No,No internet service,No internet service,No internet service,No internet service,No internet service,No internet service,Month-to-month,Yes,Mailed check,111.47,189.44,Yes
TC-01186,Female,0,Yes,No,54,Yes,No,No,No internet service,No internet service,No internet service,No internet service,No internet service,No internet service,Month-to-month,Yes,Bank transfer (automatic),67.95,3684.74,No
TC-01187,Female,1,No,No,15,Yes,No,Fiber optic,Yes,Yes,No,Yes,No,No,Month-to-month,Yes,Credit card (automatic),113.66,1754.38,Yes
TC-01188,Male,1,Yes,No,43,No,No phone service,DSL,Yes,Yes,Yes,No,Yes,No,Month-to-month,No,Electronic check,67.92,2841.8,No
TC-01189,Male,0,No,No,29,Yes,Yes,Fiber optic,No,No,Yes,No,Yes,Yes,Month-to-month,No,Bank transfer (automatic),33.39,1031.66,Yes
TC-01190,Female,0,Yes,No,36,Yes,Yes,DSL,Yes,No,Yes,No,No,No,One year,No,Bank transfer (automatic),68.2,2472.21,No
TC-01191,Male,0,No,No,59,Yes,Yes,No,No internet service,No internet service,No internet service,No internet service,No internet service,No internet service,Month-to-month,Yes,Credit card (automatic),104.86,6185.22,No
TC-01192,Male,0,No,No,23,Yes,No,Fiber optic,No,No,Yes,No,No,Yes,Month-to-month,Yes,Mailed check,96.57,2186.79,No
TC-01193,Male,1,Yes,No,25,Yes,Yes,Fiber optic,Yes,Yes,Yes,No,Yes,No,Month-to-month,Yes,Credit card (automatic),61.41,1552.6,No
TC-01194,Female,0,Yes,No,57,Yes,No,DSL,No,Yes,Yes,No,Yes,No,Month-to-month,Yes,Electronic check,39.25,2193.07,No
TC-01195,Female,0,No,No,8,Yes,No,Fiber optic,No,No,Yes,No,Yes,No,Two year,Yes,Bank transfer (automatic),76.11,509.42,Yes
TC-01196,Male,0,No,No,60,Yes,No,Fiber optic,Yes,Yes,Yes,Yes,No,Yes,Month-to-month,No,Credit card (automatic),111.12,6631.55,Yes
TC-01197,Female,1,Yes,No,18,Yes,Yes,Fiber optic,Yes,Yes,No,Yes,No,Yes,One year,Yes,Mailed check,35.75,629.87,Yes
TC-01198,Male,0,No,No,27,Yes,No,No,No internet service,No internet service,No internet service,No internet service,No internet service,No internet service,Month-to-month,No,Mailed check,100.7,2749.56,Yes
TC-01199,Male,0,No,No,6,Yes,No,Fiber optic,No,No,Yes,Yes,No,Yes,Month-to-month,No,Mailed check,32.73,185.44,No
TC-01200,Male,0,No,No,44,Yes,Yes,DSL,No,Yes,No,Yes,No,No,Two year,Yes,Bank transfer (automatic),109.96,4780.99,No
TC-01201,Male,0,No,No,62,Yes,No,Fiber optic,No,No,No,Yes,Yes,Yes,Two year,Yes,Credit card (automatic),87.33,5381.4,No
TC-01202,Female,0,No,No,36,Yes,Yes,Fiber optic,Yes,Yes,Yes,Yes,Yes,Yes,Two year,No,Bank transfer (automatic),28.92,1042.15,No
TC-01203,Female,1,No,No,15,Yes,Yes,Fiber optic,No,No,Yes,No,Yes,Yes,Two year,No,Mailed check,38.24,605.88,Yes
TC-01204,Female,0,Yes,No,4,Yes,No,DSL,No,Yes,No,Yes,Yes,No,Two year,No,Credit card (automatic),110.69,483.42,No
TC-01205,Male,0,Yes,No,28,Yes,No,DSL,No,No,Yes,Yes,Yes,Yes,One year,Yes,Electronic check,68.76,1857.18,No
TC-01206,Female,0,Yes,No,51,Yes,Yes,Fiber optic,Yes,Yes,Yes,No,Yes,Yes,Two year,Yes,Mailed check,63.35,3233.41,No
TC-01207,Male,0,Yes,No,22,No,No phone service,DSL,Yes,No,Yes,Yes,Yes,Yes,Month-to-month,Yes,Credit card (automatic),23.83,562.95,Yes
TC-01208,Female,0,No,No,5,No,No phone service,No,No internet service,No internet service,No internet service,No internet service,No internet service,No internet service,Month-to-month,No,Bank transfer (automatic),26.4,88.35,Yes
TC-01209,Male,0,Yes,No,35,Yes,No,Fiber optic,No,No,Yes,No,Yes,Yes,One year,Yes,Electronic check,87.16,3140.61,No
TC-01210,Male,0,No,No,56,Yes,No,Fiber optic,No,Yes,Yes,No,Yes,No,Month-to-month,No,Credit card (automatic),95.69,5333.92,No
TC-01211,Male,1,No,No,32,Yes,No,Fiber optic,No,No,Yes,No,No,No,Month-to-month,Yes,Credit card (automatic),104.7,3401.4,No
TC-01212,Female,0,Yes,Yes,48,Yes,No,Fiber optic,No,No,Yes,Yes,Yes,Yes,Month-to-month,Yes,Mailed check,68.28,3312.0,Yes
TC-01213,Female,0,Yes,No,40,Yes,No,Fiber optic,No,Yes,No,No,Yes,No,One year,Yes,Credit card (automatic),50.86,2000.01,No
TC-01214,Female,0,No,No,54,Yes,No,DSL,No,No,No,Yes,Yes,Yes,Month-to-month,Yes,Bank transfer (automatic),80.55,4350.51,Yes
TC-01215,Female,0,Yes,No,25,Yes,No,No,No internet service,No internet service,No internet service,No internet service,No internet service,No internet service,Month-to-month,Yes,Bank transfer (automatic),79.89,2065.46,No
TC-01216,Male,0,Yes,No,36,Yes,No,DSL,No,Yes,Yes,No,No,Yes,Month-to-month,Yes,Mailed check,21.47,746.08,No
TC-01217,Female,0,No,Yes,16,Yes,No,No,No internet service,No internet service,No internet service,No internet service,No internet service,No internet service,Month-to-month,No,Electronic check,111.88,1798.94,No
TC-01218,Female,0,No,No,31,Yes,Yes,DSL,Yes,Yes,Yes,No,Yes,Yes,Month-to-month,Yes,Electronic check,82.26,2474.78,Yes
TC-01219,Male,0,No,No,27,Yes,Yes,Fiber optic,Yes,Yes,Yes,Yes,Yes,Yes,One year,No,Credit card (automatic),18.65,521.53,No
TC-01220,Male,0,No,Yes,24,Yes,Yes,Fiber optic,No,Yes,Yes,No,No,Yes,One year,No,Mailed check,113.96,2714.81,No
TC-01221,Male,0,No,No,46,Yes,Yes,DSL,Yes,No,No,Yes,No,Yes,Month-to-month,No,Bank transfer (automatic),113.27,5236.61,No
TC-01222,Female,1,No,No,21,Yes,No,Fiber optic,Yes,Yes,No,Yes,Yes,Yes,Month-to-month,No,Mailed check,112.59,2322.17,Yes
TC-01223,Male,0,Yes,No,60,Yes,Yes,Fiber optic,Yes,No,No,No,Yes,No,Month-to-month,Yes,Credit card (automatic),106.89,6429.39,No
TC-01224,Male,0,Yes,Yes,43,Yes,No,No,No internet service,No internet service,No internet service,No internet service,No internet service,No internet service,Two year,Yes,Bank transfer (automatic),36.46,1550.27,No
TC-01225,Male,0,Yes,No,19,Yes,No,Fiber optic,No,No,Yes,No,No,No,Month-to-month,Yes,Credit card (automatic),115.72,2066.78,Yes
TC-01226,Female,0,No,No,49,Yes,No,No,No internet service,No internet service,No internet service,No internet service,No internet service,No internet service,Month-to-month,No,Bank transfer (automatic),94.19,4619.7,No
TC-01227,Male,0,No,Yes,46,No,No phone service,DSL,Yes,Yes,No,Yes,No,Yes,Month-to-month,No,Bank transfer (automatic),82.08,3838.73,Yes
TC-01228,Female,0,Yes,Yes,46,Yes,No,DSL,Yes,No,No,No,Yes,No,Month-to-month,No,Bank transfer (automatic),112.27,5109.6,No
TC-01229,Female,0,Yes,Yes,71,Yes,Yes,Fiber optic,Yes,No,No,No,No,No,Two year,Yes,Mailed check,56.11,3951.58,No
TC-01230,Male,0,Yes,No,50,Yes,Yes,Fiber optic,Yes,Yes,Yes,No,Yes,No,Month-to-month,No,Bank transfer (automatic),111.14,5623.27,No
TC-01231,Male,0,No,Yes,54,Yes,Yes,Fiber optic,No,Yes,No,No,No,Yes,Month-to-month,No,Electronic check,78.57,4270.6,No
TC-01232,Female,0,Yes,Yes,38,Yes,No,Fiber optic,No,No,No,Yes,Yes,No,Month-to-month,Yes,Electronic check,75.93,2868.89,No
TC-01233,Male,1,Yes,No,13,Yes,Yes,No,No internet service,No internet service,No internet service,No internet service,No internet service,No internet service,Two year,Yes,Credit card (automatic),82.6,1088.59,No
TC-01234,Male,0,Yes,No,68,Yes,Yes,DSL,No,Yes,No,No,Yes,No,Month-to-month,Yes,Credit card (automatic),93.42,6321.28,No
TC-01235,Female,0,No,No,46,Yes,No,DSL,No,Yes,Yes,Yes,Yes,No,Two year,No,Mailed check,62.49,2998.11,No
TC-01236,Female,0,Yes,No,20,Yes,No,No,No internet service,No internet service,No internet service,No internet service,No internet service,No internet service,Two year,Yes,Bank transfer (automatic),116.06,2365.54,No
TC-01237,Male,0,Yes,Yes,14,Yes,Yes,DSL,Yes,Yes,Yes,Yes,Yes,No,One year,Yes,Bank transfer (automatic),26.85,461.34,No
TC-01238,Female,0,No,No,0,Yes,No,Fiber optic,No,Yes,No,No,No,Yes,Month-to-month,Yes,Bank transfer (automatic),109.38,109.38,No
TC-01239,Male,0,No,Yes,9,Yes,No,Fiber optic,No,No,No,Yes,No,No,Month-to-month,No,Mailed check,83.74,689.97,No
TC-01240,Male,0,No,No,22,Yes,Yes,DSL,Yes,No,No,Yes,No,Yes,Month-to-month,No,Electronic check,108.99,2422.95,No
TC-01241,Male,0,No,No,17,Yes,Yes,DSL,No,Yes,Yes,Yes,No,Yes,One year,Yes,Bank transfer (automatic),54.88,995.72,No
TC-01242,Female,0,No,Yes,57,Yes,No,DSL,Yes,Yes,Yes,No,Yes,Yes,One year,Yes,Credit card (automatic),100.9,5816.16,No
TC-01243,Male,0,Yes,No,51,Yes,No,DSL,No,No,Yes,Yes,Yes,Yes,Two year,No,Electronic check,79.6,3975.22,No
TC-01244,Male,1,Yes,No,45,Yes,Yes,Fiber optic,Yes,No,Yes,No,No,Yes,Month-to-month,No,Bank transfer (automatic),101.11,4560.52,No
TC-01245,Male,0,No,Yes,12,Yes,Yes,DSL,No,No,No,Yes,Yes,No,Month-to-month,Yes,Bank transfer (automatic),50.5,526.1,Yes
TC-01246,Female,1,No,No,16,Yes,Yes,DSL,No,No,No,Yes,Yes,No,Two year,Yes,Electronic check,109.73,1726.38,No
TC-01247,Female,0,No,No,66,Yes,No,Fiber optic,Yes,No,Yes,Yes,Yes,No,One year,No,Mailed check,110.42,7316.99,Yes
TC-01248,Female,0,No,No,60,Yes,Yes,No,No internet service,No internet service,No internet service,No internet service,No internet service,No internet service,One year,Yes,Bank transfer (automatic),65.48,3995.37,No
TC-01249,Female,1,Yes,No,64,Yes,Yes,No,No internet service,No internet service,No internet service,No internet service,No internet service,No internet service,Month-to-month,No,Mailed check,58.03,3725.04,No
TC-01250,Female,0,Yes,No,52,Yes,Yes,No,No internet service,No internet service,No internet service,No internet service,No internet service,No internet service,Month-to-month,Yes,Credit card (automatic),75.52,3869.65,No
TC-01251,Male,1,No,Yes,4,Yes,No,Fiber optic,No,No,Yes,Yes,Yes,No,Month-to-month,Yes,Bank transfer (automatic),38.02,182.05,Yes
TC-01252,Female,0,No,Yes,31,Yes,No,DSL,Yes,Yes,Yes,No,Yes,No,One year,Yes,Bank transfer (automatic),67.62,2053.68,Yes
TC-01253,Female,0,No,No,44,Yes,Yes,Fiber optic,Yes,Yes,Yes,No,No,Yes,Month-to-month,Yes,Bank transfer (automatic),107.68,4723.3,Yes
TC-01254,Female,1,No,Yes,55,Yes,No,Fiber optic,Yes,No,Yes,Yes,No,No,Month-to-month,No,Bank transfer (automatic),54.52,3003.12,Yes
TC-01255,Male,0,Yes,No,4,Yes,Yes,Fiber optic,Yes,Yes,No,Yes,No,Yes,Two year,No,Mailed check,91.6,332.91,No
TC-01256,Female,1,No,No,33,Yes,Yes,DSL,No,No,Yes,Yes,No,Yes,One year,No,Mailed check,80.31,2682.05,Yes
TC-01257,Female,1,No,Yes,60,Yes,Yes,Fiber optic,Yes,No,No,Yes,Yes,No,Two year,Yes,Electronic check,44.14,2686.02,No
TC-01258,Male,0,Yes,Yes,61,Yes,No,DSL,Yes,No,Yes,No,No,Yes,Month-to-month,Yes,Mailed check,71.18,4393.39,No
TC-01259,Female,0,No,No,68,Yes,Yes,DSL,No,Yes,Yes,Yes,Yes,No,One year,Yes,Mailed check,103.26,7092.95,No
TC-01260,Male,0,Yes,No,62,Yes,No,Fiber optic,No,Yes,Yes,Yes,No,No,One year,No,Credit card (automatic),73.49,4549.22,No
TC-01261,Male,0,No,No,43,Yes,No,Fiber optic,No,Yes,Yes,No,No,No,Month-to-month,Yes,Electronic check,87.68,3708.89,Yes
TC-01262,Male,0,No,No,27,No,No phone service,DSL,Yes,No,No,Yes,Yes,Yes,Two year,Yes,Credit card (automatic),95.54,2523.05,No
TC-01263,Male,0,Yes,Yes,69,Yes,No,No,No internet service,No internet service,No internet service,No internet service,No internet service,No internet service,Month-to-month,Yes,Electronic check,22.94,1669.62,No
TC-01264,Male,0,No,No,12,Yes,Yes,Fiber optic,Yes,No,No,No,No,No,One year,Yes,Bank transfer (automatic),23.13,358.32,No
TC-01265,Female,0,Yes,Yes,42,Yes,Yes,No,No internet service,No internet service,No internet service,No internet service,No internet service,No internet service,Month-to-month,Yes,Credit card (automatic),29.5,1305.92,No
TC-01266,Male,1,Yes,No,29,Yes,Yes,Fiber optic,Yes,No,Yes,Yes,Yes,No,One year,Yes,Electronic check,34.3,965.42,No
TC-01267,Male,0,Yes,No,25,Yes,Yes,Fiber optic,No,No,No,No,No,No,Month-to-month,Yes,Mailed check,99.14,2562.91,No
TC-01268,Female,0,No,No,62,Yes,No,No,No internet service,No internet service,No internet service,No internet service,No internet service,No internet service,Month-to-month,No,Credit card (automatic),61.56,3808.24,No
TC-01269,Male,0,No,No,56,Yes,Yes,No,No internet service,No internet service,No internet service,No internet service,No internet service,No internet service,Month-to-month,No,Electronic check,36.53,2062.83,No
TC-01270,Female,0,Yes,No,63,Yes,Yes,DSL,No,Yes,No,No,Yes,Yes,Month-to-month,Yes,Credit card (automatic),71.18,4525.66,Yes
TC-01271,Female,0,No,No,48,Yes,Yes,DSL,Yes,No,Yes,Yes,No,Yes,Month-to-month,No,Bank transfer (automatic),94.33,4590.9,No
TC-01272,Female,0,No,No,51,No,No phone service,DSL,Yes,No,No,Yes,Yes,No,Month-to-month,Yes,Mailed check,32.01,1659.57,No
TC-01273,Male,1,No,No,62,Yes,No,Fiber optic,Yes,Yes,No,Yes,No,Yes,Two year,No,Bank transfer (automatic),52.44,3320.03,No
TC-01274,Male,0,Yes,No,12,Yes,No,Fiber optic,No,No,No,Yes,No,No,Two year,Yes,Mailed check,37.44,449.94,No
TC-01275,Male,0,Yes,No,44,Yes,Yes,Fiber optic,No,No,Yes,No,No,Yes,Month-to-month,Yes,Electronic check,82.64,3626.02,No
TC-01276,Female,1,No,Yes,45,Yes,No,DSL,No,No,No,Yes,Yes,Yes,Two year,Yes,Electronic check,31.68,1409.58,No
TC-01277,Male,1,Yes,Yes,40,Yes,Yes,Fiber optic,No,No,Yes,Yes,Yes,Yes,One year,Yes,Electronic check,96.11,3786.93,No
TC-01278,Male,0,No,Yes,45,Yes,Yes,Fiber optic,Yes,Yes,No,Yes,Yes,No,Two year,Yes,Electronic check,38.78,1605.18,No
TC-01279,Male,0,No,No,0,Yes,Yes,Fiber optic,No,Yes,Yes,No,Yes,Yes,Month-to-month,No,Credit card (automatic),23.86,23.86,Yes
TC-01280,Female,0,No,Yes,67,No,No phone service,Fiber optic,Yes,Yes,No,Yes,No,Yes,Month-to-month,Yes,Electronic check,109.09,7297.32,Yes
TC-01281,Female,0,Yes,No,11,Yes,Yes,Fiber optic,No,No,No,No,Yes,No,Month-to-month,Yes,Mailed check,51.32,601.68,Yes
TC-01282,Male,0,Yes,No,34,Yes,No,Fiber optic,Yes,Yes,Yes,Yes,No,No,Month-to-month,No,Bank transfer (automatic),68.27,2351.09,No
TC-01283,Male,0,No,Yes,32,Yes,No,No,No internet service,No internet service,No internet service,No internet service,No internet service,No internet service,One year,Yes,Credit card (automatic),28.1,907.1,No
TC-01284,Male,1,Yes,No,57,Yes,Yes,Fiber optic,Yes,No,Yes,No,No,No,Two year,Yes,Bank transfer (automatic),65.95,3806.37,No
TC-01285,Male,0,No,Yes,34,Yes,No,Fiber optic,No,No,Yes,No,No,Yes,Two year,Yes,Bank transfer (automatic),40.26,1422.42,No
TC-01286,Female,0,Yes,No,45,Yes,Yes,DSL,No,Yes,No,No,No,Yes,Month-to-month,No,Credit card (automatic),102.04,4544.21,No
TC-01287,Female,0,Yes,No,65,Yes,No,DSL,Yes,Yes,No,No,Yes,No,Month-to-month,Yes,Bank transfer (automatic),89.38,5886.35,No
TC-01288,Female,0,Yes,No,43,Yes,No,No,No internet service,No internet service,No internet service,No internet service,No internet service,No internet service,Month-to-month,No,Electronic check,84.33,3669.41,No
TC-01289,Female,0,No,Yes,25,Yes,No,Fiber optic,Yes,No,No,No,Yes,No,Month-to-month,No,Bank transfer (automatic),96.13,2359.47,Yes
TC-01290,Male,0,No,No,41,Yes,No,No,No internet service,No internet service,No internet service,No internet service,No internet service,No internet service,One year,Yes,Bank transfer (automatic),47.37,1909.71,No
TC-01291,Male,0,No,No,29,Yes,Yes,No,No internet service,No internet service,No internet service,No internet service,No internet service,No internet service,One year,Yes,Mailed check,63.36,1775.3,No
TC-01292,Male,0,Yes,No,31,Yes,Yes,DSL,No,Yes,No,Yes,Yes,No,One year,No,Credit card (automatic),26.66,857.85,No
TC-01293,Female,0,No,No,35,Yes,Yes,No,No internet service,No internet service,No internet service,No internet service,No internet service,No internet service,Month-to-month,Yes,Credit card (automatic),24.78,858.46,No
TC-01294,Male,0,No,Yes,18,Yes,Yes,DSL,No,No,Yes,No,No,Yes,Two year,Yes,Mailed check,50.91,791.74,No
TC-01295,Female,0,No,No,21,Yes,Yes,DSL,Yes,No,No,Yes,Yes,No,One year,Yes,Electronic check,100.27,2077.95,No
TC-01296,Female,0,No,No,64,Yes,Yes,Fiber optic,No,Yes,No,Yes,Yes,No,One year,Yes,Mailed check,77.77,4958.23,Yes
TC-01297,Male,0,Yes,Yes,56,Yes,Yes,Fiber optic,No,Yes,Yes,Yes,Yes,No,Two year,No,Electronic check,60.45,3390.48,No
TC-01298,Male,1,Yes,No,10,Yes,No,No,No internet service,No internet service,No internet service,No internet service,No internet service,No internet service,Month-to-month,No,Bank transfer (automatic),114.7,1070.04,No
TC-01299,Male,0,No,No,25,No,No phone service,Fiber optic,Yes,Yes,Yes,Yes,Yes,No,Month-to-month,No,Bank transfer (automatic),62.22,1561.33,Yes
TC-01300,Female,0,Yes,No,47,Yes,Yes,Fiber optic,No,No,No,Yes,No,No,One year,Yes,Electronic check,64.89,3124.87,No
TC-01301,Male,1,Yes,Yes,18,Yes,Yes,DSL,No,Yes,Yes,Yes,No,No,One year,No,Bank transfer (automatic),117.25,2119.85,Yes
TC-01302,Female,1,Yes,Yes,11,Yes,No,Fiber optic,No,No,Yes,No,Yes,No,Month-to-month,No,Electronic check,31.14,372.01,No
TC-01303,Male,0,Yes,No,66,Yes,No,DSL,No,No,Yes,Yes,No,No,Two year,Yes,Mailed check,43.56,2953.13,No
TC-01304,Female,0,Yes,No,55,Yes,Yes,DSL,Yes,Yes,Yes,No,No,Yes,Month-to-month,Yes,Mailed check,63.33,3478.42,No
TC-01305,Female,0,No,Yes,17,Yes,Yes,Fiber optic,Yes,No,Yes,No,Yes,Yes,Month-to-month,Yes,Bank transfer (automatic),75.13,1270.87,Yes
TC-01306,Male,0,Yes,No,4,Yes,No,No,No internet service,No internet service,No internet service,No internet service,No internet service,No internet service,Month-to-month,No,Credit card (automatic),32.81,148.48,No
TC-01307,Female,0,No,Yes,23,No,No phone service,Fiber optic,Yes,No,Yes,Yes,Yes,Yes,Two year,Yes,Mailed check,50.88,1126.0,No
TC-01308,Female,0,No,No,37,Yes,No,DSL,No,No,Yes,Yes,No,Yes,Two year,Yes,Credit card (automatic),40.03,1446.38,No
TC-01309,Male,0,No,No,66,Yes,No,DSL,No,Yes,No,Yes,Yes,Yes,Month-to-month,Yes,Credit card (automatic),102.99,6695.38,No
TC-01310,Female,0,Yes,No,69,Yes,No,DSL,No,Yes,Yes,No,Yes,No,Month-to-month,Yes,Electronic check,101.46,7115.16,No
TC-01311,Male,0,Yes,No,51,Yes,Yes,DSL,Yes,Yes,Yes,Yes,No,Yes,Two year,Yes,Mailed check,41.98,2182.52,No
TC-01312,Female,0,Yes,No,38,Yes,No,Fiber optic,Yes,No,No,No,Yes,No,Month-to-month,Yes,Bank transfer (automatic),61.49,2289.25,Yes
TC-01313,Male,0,Yes,No,58,Yes,Yes,Fiber optic,Yes,No,No,Yes,Yes,No,One year,Yes,Bank transfer (automatic),83.16,4874.47,No
TC-01314,Male,0,No,No,25,No,No phone service,DSL,Yes,Yes,No,Yes,Yes,No,Month-to-month,No,Electronic check,22.82,530.1,No
TC-01315,Female,0,No,No,64,Yes,Yes,DSL,No,No,No,No,No,No,Month-to-month,No,Credit card (automatic),106.36,6810.44,No
TC-01316,Female,0,No,Yes,47,Yes,Yes,No,No internet service,No internet service,No internet service,No internet service,No internet service,No internet service,Month-to-month,No,Credit card (automatic),69.1,3250.85,No
TC-01317,Female,0,Yes,No,52,Yes,Yes,No,No internet service,No internet service,No internet service,No internet service,No internet service,No internet service,One year,Yes,Mailed check,40.65,2091.49,No
TC-01318,Female,1,No,Yes,8,No,No phone service,DSL,No,No,Yes,Yes,No,Yes,Month-to-month,No,Mailed check,57.68,420.8,No
TC-01319,Female,0,No,No,4,No,No phone service,Fiber optic,Yes,Yes,No,No,Yes,Yes,Month-to-month,No,Electronic check,108.17,493.11,No
TC-01320,Male,0,No,Yes,71,Yes,No,Fiber optic,Yes,No,No,No,Yes,No,Two year,Yes,Electronic check,20.48,1458.3,No
TC-01321,Female,1,Yes,No,60,Yes,Yes,Fiber optic,Yes,Yes,No,No,Yes,Yes,Two year,Yes,Electronic check,32.28,2020.9,No
TC-01322,Male,0,No,Yes,20,Yes,No,No,No internet service,No internet service,No internet service,No internet service,No internet service,No internet service,Month-to-month,Yes,Bank transfer (automatic),37.27,693.35,Yes
TC-01323,Male,0,No,No,62,Yes,Yes,Fiber optic,No,No,No,No,No,Yes,Month-to-month,Yes,Credit card (automatic),24.01,1464.98,Yes
TC-01324,Female,1,Yes,No,19,Yes,No,Fiber optic,No,Yes,Yes,No,Yes,No,Month-to-month,No,Bank transfer (automatic),40.53,767.79,No
TC-01325,Male,0,No,No,57,Yes,Yes,No,No internet service,No internet service,No internet service,No internet service,No internet service,No internet service,Month-to-month,Yes,Electronic check,99.72,5739.2,No
TC-01326,Male,0,Yes,No,44,Yes,Yes,Fiber optic,Yes,No,Yes,No,Yes,Yes,Month-to-month,No,Mailed check,70.71,3071.78,Yes
TC-01327,Male,0,No,No,21,Yes,No,No,No internet service,No internet service,No internet service,No internet service,No internet service,No internet service,Month-to-month,Yes,Electronic check,78.54,1677.9,No
TC-01328,Male,0,Yes,No,62,Yes,No,Fiber optic,No,No,Yes,No,No,Yes,Month-to-month,No,Credit card (automatic),33.59,2099.73,No
TC-01329,Female,0,Yes,No,29,Yes,No,No,No internet service,No internet service,No internet service,No internet service,No internet service,No internet service,Month-to-month,No,Electronic check,45.83,1400.49,No
TC-01330,Male,0,Yes,No,62,Yes,No,No,No internet service,No internet service,No internet service,No internet service,No internet service,No internet service,One year,No,Electronic check,109.75,6829.4,No
TC-01331,Female,0,No,Yes,43,No,No phone service,Fiber optic,No,Yes,Yes,No,Yes,No,Two year,Yes,Electronic check,39.04,1588.9,No
TC-01332,Female,0,No,No,66,Yes,Yes,DSL,Yes,No,No,Yes,Yes,Yes,Month-to-month,Yes,Bank transfer (automatic),108.67,7121.52,No
TC-01333,Male,0,Yes,No,57,Yes,Yes,No,No internet service,No internet service,No internet service,No internet service,No internet service,No internet service,One year,No,Bank transfer (automatic),84.32,4758.08,No
TC-01334,Female,0,Yes,No,64,Yes,Yes,No,No internet service,No internet service,No internet service,No internet service,No internet service,No internet service,Month-to-month,No,Mailed check,68.28,4347.3,No
TC-01335,Female,0,Yes,No,35,Yes,No,Fiber optic,No,Yes,No,Yes,No,Yes,Two year,No,Bank transfer (automatic),35.39,1304.87,No
TC-01336,Female,0,Yes,No,5,Yes,Yes,DSL,Yes,Yes,No,Yes,No,Yes,Month-to-month,Yes,Credit card (automatic),85.36,413.54,Yes
TC-01337,Male,0,Yes,Yes,36,No,No phone service,No,No internet service,No internet service,No internet service,No internet service,No internet service,No internet service,One year,Yes,Electronic check,106.64,3840.77,Yes
TC-01338,Female,0,Yes,No,54,Yes,Yes,Fiber optic,Yes,No,No,No,Yes,Yes,One year,Yes,Electronic check,33.98,1823.67,No
TC-01339,Female,0,Yes,No,58,Yes,No,Fiber optic,No,No,Yes,Yes,No,No,Two year,No,Electronic check,18.62,1106.9,No
TC-01340,Female,0,Yes,No,37,Yes,No,No,No internet service,No internet service,No internet service,No internet service,No internet service,No internet service,Month-to-month,No,Mailed check,92.01,3368.28,No
TC-01341,Male,1,Yes,No,24,Yes,Yes,Fiber optic,Yes,Yes,No,No,No,No,Two year,No,Bank transfer (automatic),78.05,1864.67,No
TC-01342,Female,0,Yes,Yes,32,Yes,No,No,No internet service,No internet service,No internet service,No internet service,No internet service,No internet service,One year,No,Electronic check,68.31,2176.79,No
TC-01343,Male,0,Yes,No,12,Yes,Yes,Fiber optic,No,No,No,No,Yes,Yes,Month-to-month,Yes,Electronic check,63.6,759.65,No
TC-01344,Male,0,Yes,Yes,37,Yes,Yes,No,No internet service,No internet service,No internet service,No internet service,No internet service,No internet service,Month-to-month,Yes,Electronic check,67.76,2478.83,No
TC-01345,Male,1,No,No,57,Yes,No,Fiber optic,No,Yes,No,No,Yes,Yes,One year,Yes,Mailed check,55.46,3094.47,No
TC-01346,Male,0,Yes,No,19,Yes,Yes,No,No internet service,No internet service,No internet service,No internet service,No internet service,No internet service,Month-to-month,No,Credit card (automatic),26.23,545.0,No
TC-01347,Male,0,No,No,16,Yes,No,Fiber optic,No,No,No,Yes,Yes,No,Two year,Yes,Bank transfer (automatic),95.57,1523.3,No
TC-01348,Male,0,No,No,23,Yes,No,Fiber optic,No,Yes,No,No,Yes,Yes,Month-to-month,No,Mailed check,64.78,1546.37,No
TC-01349,Female,0,No,No,25,Yes,Yes,DSL,Yes,No,Yes,Yes,No,No,Two year,No,Bank transfer (automatic),100.5,2536.47,No
TC-01350,Male,0,Yes,Yes,39,Yes,No,Fiber optic,Yes,Yes,Yes,Yes,No,Yes,Month-to-month,No,Credit card (automatic),116.22,4558.31,No
TC-01351,Female,0,No,No,31,Yes,No,Fiber optic,No,No,Yes,Yes,No,Yes,Month-to-month,No,Electronic check,35.18,1147.11,No
TC-01352,Female,1,Yes,Yes,36,Yes,Yes,No,No internet service,No internet service,No internet service,No internet service,No internet service,No internet service,Two year,No,Credit card (automatic),97.35,3634.5,No
TC-01353,Male,0,No,No,59,Yes,No,Fiber optic,Yes,Yes,No,No,No,Yes,Two year,Yes,Mailed check,115.75,6894.44,No
TC-01354,Female,0,Yes,Yes,56,Yes,No,No,No internet service,No internet service,No internet service,No internet service,No internet service,No internet service,Month-to-month,Yes,Credit card (automatic),90.44,5108.96,No
TC-01355,Female,1,Yes,No,57,Yes,No,Fiber optic,No,No,Yes,No,Yes,No,Two year,Yes,Mailed check,42.6,2442.82,No
TC-01356,Female,0,No,Yes,66,No,No phone service,DSL,No,No,Yes,No,Yes,No,Month-to-month,No,Mailed check,107.65,7167.84,No
TC-01357,Female,0,No,No,21,Yes,Yes,DSL,Yes,Yes,Yes,Yes,Yes,No,Month-to-month,Yes,Bank transfer (automatic),97.32,2006.39,Yes
TC-01358,Male,0,Yes,No,57,Yes,Yes,DSL,No,No,No,No,Yes,No,Month-to-month,Yes,Credit card (automatic),62.93,3616.25,No
TC-01359,Female,0,No,No,48,Yes,Yes,DSL,Yes,Yes,Yes,No,No,No,Month-to-month,Yes,Mailed check,75.26,3676.34,No
TC-01360,Male,0,Yes,No,48,Yes,Yes,Fiber optic,No,Yes,Yes,Yes,No,No,Month-to-month,Yes,Credit card (automatic),90.19,4376.74,No
TC-01361,Female,0,Yes,No,41,Yes,Yes,Fiber optic,Yes,Yes,No,Yes,Yes,No,One year,Yes,Mailed check,30.45,1244.64,No
TC-01362,Female,0,Yes,No,39,Yes,Yes,Fiber optic,No,No,Yes,No,No,No,Month-to-month,No,Electronic check,110.7,4340.07,Yes
TC-01363,Male,0,No,No,70,Yes,No,Fiber optic,No,Yes,No,No,No,No,Month-to-month,Yes,Credit card (automatic),116.74,8155.34,No
TC-01364,Female,0,Yes,No,45,Yes,No,Fiber optic,Yes,No,Yes,No,No,No,Month-to-month,Yes,Mailed check,51.05,2258.84,No
TC-01365,Female,0,Yes,No,21,Yes,No,DSL,Yes,No,No,Yes,Yes,No,One year,No,Electronic check,89.51,1952.25,No
TC-01366,Female,0,Yes,Yes,20,Yes,No,DSL,Yes,Yes,No,No,Yes,Yes,Two year,Yes,Credit card (automatic),60.13,1180.89,No
TC-01367,Male,0,Yes,No,50,Yes,No,Fiber optic,No,No,Yes,No,No,Yes,Month-to-month,Yes,Electronic check,20.77,1016.37,No
TC-01368,Female,0,No,No,13,Yes,Yes,DSL,No,No,No,No,No,No,Month-to-month,No,Mailed check,113.87,1459.28,Yes
TC-01369,Male,0,No,Yes,8,Yes,Yes,Fiber optic,Yes,No,No,Yes,No,Yes,One year,Yes,Electronic check,32.23,223.05,No
TC-01370,Female,1,No,No,17,Yes,No,DSL,Yes,Yes,No,No,Yes,No,Two year,Yes,Bank transfer (automatic),25.49,397.09,No
TC-01371,Male,0,No,No,12,Yes,Yes,Fiber optic,No,No,No,No,No,No,One year,Yes,Bank transfer (automatic),101.72,1134.38,Yes
TC-01372,Male,0,Yes,Yes,16,Yes,Yes,Fiber optic,Yes,Yes,No,Yes,No,No,Month-to-month,Yes,Bank transfer (automatic),21.39,264.63,Yes
TC-01373,Female,0,Yes,No,24,Yes,Yes,Fiber optic,Yes,Yes,Yes,No,Yes,Yes,Month-to-month,No,Credit card (automatic),86.79,2073.33,No
TC-01374,Female,0,Yes,No,53,Yes,Yes,DSL,No,No,Yes,No,No,No,Month-to-month,Yes,Credit card (automatic),111.01,5906.35,No
TC-01375,Male,0,Yes,Yes,15,Yes,Yes,DSL,Yes,Yes,Yes,Yes,Yes,Yes,Month-to-month,No,Electronic check,58.62,795.49,No
TC-01376,Male,0,Yes,No,23,Yes,No,Fiber optic,No,No,Yes,No,Yes,No,Month-to-month,Yes,Credit card (automatic),24.84,580.41,No
TC-01377,Female,0,Yes,No,22,No,No phone service,No,No internet service,No internet service,No internet service,No internet service,No internet service,No internet service,Month-to-month,Yes,Credit card (automatic),39.83,940.41,No
TC-01378,Male,0,No,Yes,40,Yes,Yes,DSL,Yes,No,Yes,Yes,No,Yes,Month-to-month,Yes,Bank transfer (automatic),112.83,4489.62,No
TC-01379,Female,1,Yes,No,32,No,No phone service,DSL,Yes,No,Yes,No,No,No,Month-to-month,Yes,Credit card (automatic),64.54,2015.82,Yes
TC-01380,Female,0,Yes,No,41,Yes,Yes,DSL,Yes,Yes,Yes,No,No,Yes,Month-to-month,Yes,Bank transfer (automatic),72.14,2954.73,No
TC-01381,Female,0,Yes,No,47,Yes,No,Fiber optic,No,Yes,Yes,No,Yes,Yes,Two year,No,Electronic check,33.61,1605.63,No
TC-01382,Female,0,No,No,17,Yes,Yes,No,No internet service,No internet service,No internet service,No internet service,No internet service,No internet service,Two year,Yes,Mailed check,109.8,1838.64,No
TC-01383,Male,0,Yes,No,62,Yes,Yes,DSL,Yes,Yes,No,No,No,Yes,Month-to-month,Yes,Electronic check,69.71,4369.66,No
TC-01384,Female,0,Yes,No,10,Yes,Yes,Fiber optic,Yes,Yes,Yes,No,Yes,Yes,Month-to-month,No,Electronic check,70.89,732.37,No
TC-01385,Male,0,Yes,Yes,23,Yes,Yes,Fiber optic,Yes,No,Yes,Yes,Yes,Yes,One year,No,Mailed check,75.6,1825.35,No
TC-01386,Female,0,No,No,60,Yes,No,No,No internet service,No internet service,No internet service,No internet service,No internet service,No internet service,Month-to-month,No,Bank transfer (automatic),94.74,5600.33,Yes
TC-01387,Male,0,Yes,No,63,Yes,No,Fiber optic,No,Yes,Yes,Yes,Yes,No,Two year,Yes,Credit card (automatic),38.3,2342.31,No
TC-01388,Female,0,Yes,Yes,35,Yes,Yes,DSL,No,Yes,Yes,Yes,No,Yes,Two year,No,Bank transfer (automatic),112.23,3907.13,No
TC-01389,Male,0,No,No,52,Yes,No,Fiber optic,No,No,Yes,No,No,Yes,Month-to-month,Yes,Credit card (automatic),35.54,1781.13,No
TC-01390,Male,0,Yes,Yes,46,Yes,Yes,No,No internet service,No internet service,No internet service,No internet service,No internet service,No internet service,Two year,No,Electronic check,37.74,1814.73,Yes
TC-01391,Female,0,No,No,51,Yes,No,No,No internet service,No internet service,No internet service,No internet service,No internet service,No internet service,One year,Yes,Bank transfer (automatic),19.24,992.88,No
TC-01392,Female,1,Yes,No,56,Yes,Yes,Fiber optic,Yes,Yes,Yes,Yes,No,Yes,Month-to-month,No,Electronic check,19.97,1101.82,No
TC-01393,Female,0,No,No,22,Yes,No,DSL,No,No,No,Yes,Yes,Yes,Month-to-month,Yes,Electronic check,60.88,1417.04,No
TC-01394,Female,0,Yes,Yes,58,Yes,Yes,Fiber optic,No,Yes,No,No,No,No,Month-to-month,Yes,Credit card (automatic),36.3,2120.03,Yes
TC-01395,Male,0,Yes,No,68,Yes,Yes,No,No internet service,No internet service,No internet service,No internet service,No internet service,No internet service,Two year,No,Bank transfer (automatic),39.19,2654.48,No
TC-01396,Female,0,No,Yes,55,No,No phone service,Fiber optic,No,Yes,Yes,No,Yes,Yes,Two year,Yes,Electronic check,116.79,6384.37,No
TC-01397,Male,1,Yes,No,41,Yes,Yes,Fiber optic,Yes,No,No,Yes,No,No,Month-to-month,Yes,Credit card (automatic),110.93,4575.92,No
TC-01398,Male,0,Yes,No,17,Yes,No,DSL,No,Yes,Yes,Yes,No,No,One year,No,Bank transfer (automatic),50.25,880.36,No
TC-01399,Female,0,No,No,70,Yes,No,DSL,Yes,No,No,Yes,Yes,Yes,Month-to-month,Yes,Mailed check,52.32,3696.49,No
TC-01400,Male,0,Yes,No,32,Yes,No,Fiber optic,Yes,Yes,No,Yes,Yes,Yes,Two year,No,Electronic check,47.21,1551.03,No
TC-01401,Male,0,No,No,2,Yes,No,DSL,Yes,No,No,No,No,No,Two year,No,Bank transfer (automatic),106.22,284.97,No
TC-01402,Male,0,Yes,Yes,27,Yes,Yes,Fiber optic,Yes,No,No,No,Yes,Yes,Month-to-month,No,Mailed check,27.83,710.01,No
TC-01403,Male,0,No,No,0,Yes,No,Fiber optic,Yes,Yes,No,Yes,No,No,Month-to-month,Yes,Electronic check,76.41,76.41,Yes
TC-01404,Female,0,Yes,No,62,Yes,No,DSL,Yes,Yes,Yes,No,No,No,Month-to-month,No,Mailed check,36.63,2361.06,No
TC-01405,Female,0,Yes,No,46,Yes,No,No,No internet service,No internet service,No internet service,No internet service,No internet service,No internet service,Two year,No,Electronic check,93.82,4401.58,No
TC-01406,Female,0,No,Yes,36,Yes,No,DSL,Yes,No,Yes,Yes,No,Yes,Month-to-month,Yes,Bank transfer (automatic),81.14,2910.73,No
TC-01407,Female,1,Yes,No,47,Yes,Yes,Fiber optic,No,No,Yes,No,No,No,Month-to-month,No,Mailed check,56.78,2632.96,Yes
TC-01408,Male,0,No,No,18,Yes,Yes,DSL,No,No,No,No,Yes,Yes,One year,No,Mailed check,27.81,505.83,No
TC-01409,Male,0,No,No,13,Yes,No,DSL,Yes,No,Yes,Yes,Yes,Yes,Month-to-month,Yes,Mailed check,94.74,1245.79,No
TC-01410,Female,0,No,No,66,Yes,No,No,No internet service,No internet service,No internet service,No internet service,No internet service,No internet service,One year,Yes,Bank transfer (automatic),25.7,1739.06,No
TC-01411,Female,0,Yes,No,64,Yes,Yes,Fiber optic,No,No,No,No,No,Yes,Month-to-month,Yes,Electronic check,45.37,2895.47,Yes
TC-01412,Female,0,Yes,Yes,25,Yes,Yes,DSL,No,Yes,Yes,No,No,Yes,One year,No,Bank transfer (automatic),43.36,1130.07,No
TC-01413,Male,0,Yes,Yes,9,Yes,No,DSL,Yes,No,No,Yes,Yes,No,One year,Yes,Mailed check,75.85,665.28,No
TC-01414,Female,0,No,No,69,Yes,No,No,No internet service,No internet service,No internet service,No internet service,No internet service,No internet service,Month-to-month,Yes,Mailed check,69.37,4788.92,No
TC-01415,Female,1,No,No,42,Yes,No,Fiber optic,No,Yes,No,No,No,Yes,Two year,Yes,Mailed check,45.97,1966.88,No
TC-01416,Female,0,No,No,69,No,No phone service,Fiber optic,No,Yes,No,No,Yes,Yes,Month-to-month,Yes,Credit card (automatic),61.04,4217.85,No
TC-01417,Male,0,Yes,No,71,Yes,Yes,DSL,No,No,No,Yes,Yes,No,One year,No,Bank transfer (automatic),61.64,4342.65,No
TC-01418,Male,0,No,No,58,Yes,Yes,No,No internet service,No internet service,No internet service,No internet service,No internet service,No internet service,Month-to-month,Yes,Mailed check,75.36,4325.78,No
TC-01419,Male,0,Yes,No,2,Yes,Yes,DSL,Yes,Yes,No,Yes,No,Yes,Two year,Yes,Electronic check,107.82,268.9,No
TC-01420,Male,0,Yes,No,4,Yes,Yes,DSL,No,No,No,No,Yes,Yes,Month-to-month,Yes,Electronic check,32.19,153.57,No
TC-01421,Male,0,Yes,No,36,Yes,Yes,Fiber optic,No,No,Yes,Yes,No,No,One year,No,Bank transfer (automatic),73.77,2725.09,No
TC-01422,Male,0,Yes,No,51,Yes,Yes,No,No internet service,No internet service,No internet service,No internet service,No internet service,No internet service,Month-to-month,Yes,Electronic check,19.84,1069.1,No
TC-01423,Male,1,Yes,No,65,Yes,No,Fiber optic,No,Yes,Yes,Yes,Yes,No,Month-to-month,Yes,Bank transfer (automatic),87.82,5694.22,Yes
TC-01424,Male,0,Yes,Yes,62,Yes,Yes,Fiber optic,Yes,Yes,No,No,Yes,Yes,Two year,No,Bank transfer (automatic),82.04,5136.81,No
TC-01425,Female,0,Yes,Yes,6,Yes,No,Fiber optic,Yes,No,No,Yes,Yes,Yes,Two year,No,Mailed check,87.4,542.02,No
TC-01426,Female,0,Yes,No,52,Yes,Yes,DSL,Yes,Yes,No,No,Yes,Yes,Month-to-month,No,Bank transfer (automatic),65.49,3399.8,No
TC-01427,Male,0,No,No,5,Yes,No,No,No internet service,No internet service,No internet service,No internet service,No internet service,No internet service,One year,Yes,Mailed check,36.69,315.95,No
TC-01428,Male,0,Yes,No,6,Yes,Yes,No,No internet service,No internet service,No internet service,No internet service,No internet service,No internet service,Two year,No,Electronic check,62.81,494.16,No
TC-01429,Female,0,Yes,No,43,Yes,Yes,DSL,Yes,No,Yes,No,No,Yes,Month-to-month,No,Electronic check,20.36,908.0,No
TC-01430,Male,0,No,Yes,17,Yes,No,Fiber optic,Yes,Yes,Yes,No,No,No,Two year,No,Mailed check,56.14,911.88,Yes
TC-01431,Male,0,No,Yes,53,Yes,No,No,No internet service,No internet service,No internet service,No internet service,No internet service,No internet service,Two year,No,Mailed check,101.86,5374.66,No
TC-01432,Male,0,No,No,28,Yes,No,Fiber optic,No,No,No,Yes,Yes,Yes,One year,Yes,Electronic check,51.86,1424.98,No
TC-01433,Female,0,No,No,24,Yes,No,Fiber optic,Yes,Yes,Yes,Yes,No,Yes,Month-to-month,No,Bank transfer (automatic),77.18,1893.03,No
TC-01434,Female,0,Yes,No,62,Yes,Yes,DSL,Yes,No,No,Yes,Yes,No,Two year,No,Credit card (automatic),44.11,2754.02,No
TC-01435,Female,0,No,Yes,67,Yes,Yes,DSL,No,Yes,No,No,Yes,No,One year,Yes,Mailed check,31.42,2089.53,No
TC-01436,Female,0,No,No,12,Yes,Yes,DSL,Yes,No,Yes,Yes,Yes,No,One year,No,Mailed check,70.09,944.4,No
TC-01437,Female,0,No,No,31,Yes,Yes,Fiber optic,No,Yes,Yes,No,No,Yes,Two year,No,Credit card (automatic),21.58,647.49,No
TC-01438,Male,0,No,No,26,No,No phone service,No,No internet service,No internet service,No internet service,No internet service,No internet service,No internet service,Month-to-month,No,Mailed check,108.45,2912.88,Yes
TC-01439,Female,0,Yes,No,50,Yes,No,No,No internet service,No internet service,No internet service,No internet service,No internet service,No internet service,Month-to-month,No,Bank transfer (automatic),95.72,4844.54,No
TC-01440,Male,0,No,Yes,33,Yes,Yes,DSL,No,No,Yes,No,No,No,Two year,No,Bank transfer (automatic),117.79,3919.27,No
TC-01441,Male,0,No,No,27,Yes,Yes,Fiber optic,Yes,Yes,No,No,No,No,Month-to-month,Yes,Credit card (automatic),117.32,3128.7,Yes
TC-01442,Female,0,No,No,71,Yes,No,No,No internet service,No internet service,No internet service,No internet service,No internet service,No internet service,Month-to-month,Yes,Credit card (automatic),90.9,6534.11,No
TC-01443,Female,0,No,No,29,Yes,Yes,Fiber optic,Yes,No,Yes,No,Yes,Yes,Two year,Yes,Credit card (automatic),95.67,2873.08,No
TC-01444,Male,0,Yes,No,8,Yes,No,DSL,Yes,Yes,No,No,Yes,No,Month-to-month,Yes,Mailed check,70.81,578.29,No
TC-01445,Male,0,No,Yes,12,Yes,Yes,Fiber optic,No,No,No,No,Yes,Yes,Two year,No,Credit card (automatic),39.85,540.59,No
TC-01446,Male,0,No,No,63,Yes,Yes,Fiber optic,No,Yes,Yes,Yes,No,Yes,Month-to-month,Yes,Electronic check,98.84,6231.83,Yes
TC-01447,Female,0,No,No,37,Yes,Yes,DSL,No,Yes,No,No,Yes,Yes,Month-to-month,Yes,Bank transfer (automatic),44.97,1739.14,No
TC-01448,Female,0,Yes,Yes,21,Yes,No,Fiber optic,No,No,Yes,No,Yes,No,Two year,Yes,Mailed check,83.0,1695.58,No
TC-01449,Female,0,No,Yes,30,Yes,No,Fiber optic,No,Yes,Yes,Yes,Yes,Yes,One year,Yes,Bank transfer (automatic),91.09,2782.17,No
TC-01450,Female,0,No,No,41,Yes,No,Fiber optic,Yes,Yes,Yes,Yes,Yes,Yes,One year,No,Electronic check,74.43,2925.7,No
TC-01451,Female,1,Yes,Yes,61,Yes,Yes,Fiber optic,No,No,No,Yes,No,Yes,Two year,Yes,Credit card (automatic),84.27,5081.98,No
TC-01452,Male,0,No,No,63,Yes,No,No,No internet service,No internet service,No internet service,No internet service,No internet service,No internet service,Month-to-month,No,Bank transfer (automatic),47.29,2926.29,No
TC-01453,Female,0,Yes,No,8,Yes,Yes,DSL,Yes,Yes,No,Yes,No,No,Month-to-month,No,Electronic check,94.05,753.09,Yes
TC-01454,Male,0,Yes,No,43,Yes,Yes,DSL,No,No,Yes,Yes,No,Yes,One year,Yes,Credit card (automatic),112.35,4786.86,No
TC-01455,Male,0,No,No,62,Yes,No,Fiber optic,Yes,Yes,Yes,Yes,No,Yes,Month-to-month,Yes,Credit card (automatic),66.4,4072.99,No
TC-01456,Male,0,No,Yes,39,Yes,No,Fiber optic,No,Yes,Yes,Yes,No,Yes,Month-to-month,No,Credit card (automatic),30.1,1164.93,No
TC-01457,Female,0,Yes,Yes,40,Yes,No,No,No internet service,No internet service,No internet service,No internet service,No internet service,No internet service,Month-to-month,No,Bank transfer (automatic),79.97,3192.42,No
TC-01458,Female,0,Yes,No,71,Yes,Yes,Fiber optic,Yes,Yes,No,No,Yes,No,One year,No,Mailed check,52.14,3644.28,No
TC-01459,Female,0,No,No,49,Yes,No,Fiber optic,No,Yes,No,No,No,Yes,Month-to-month,Yes,Mailed check,59.91,2868.44,No
TC-01460,Male,0,Yes,No,19,Yes,Yes,Fiber optic,No,No,No,No,No,No,Month-to-month,No,Mailed check,33.16,587.49,Yes
TC-01461,Male,0,Yes,No,69,Yes,Yes,DSL,Yes,No,No,No,No,Yes,Month-to-month,No,Electronic check,80.58,5610.12,No
TC-01462,Male,0,No,Yes,41,Yes,No,Fiber optic,No,Yes,No,Yes,Yes,No,Month-to-month,No,Credit card (automatic),96.72,4097.37,No
TC-01463,Male,0,Yes,Yes,32,Yes,Yes,DSL,Yes,Yes,No,Yes,No,No,Two year,Yes,Electronic check,94.64,3101.46,No
TC-01464,Male,0,Yes,No,62,Yes,No,Fiber optic,Yes,No,No,Yes,No,No,One year,Yes,Bank transfer (automatic),117.39,7260.32,No
TC-01465,Male,1,Yes,No,56,Yes,Yes,DSL,Yes,No,No,Yes,Yes,Yes,Two year,No,Mailed check,39.22,2217.13,No
TC-01466,Female,1,Yes,No,64,Yes,Yes,No,No internet service,No internet service,No internet service,No internet service,No internet service,No internet service,Month-to-month,No,Bank transfer (automatic),109.41,7002.16,No
TC-01467,Female,0,Yes,Yes,51,Yes,Yes,No,No internet service,No internet service,No internet service,No internet service,No internet service,No internet service,One year,Yes,Electronic check,91.26,4647.11,No
TC-01468,Female,0,Yes,Yes,5,Yes,No,DSL,No,No,Yes,No,No,Yes,Month-to-month,No,Mailed check,88.75,449.23,Yes
TC-01469,Female,1,No,No,6,Yes,Yes,Fiber optic,Yes,No,Yes,No,Yes,Yes,Month-to-month,Yes,Bank transfer (automatic),86.38,532.14,No
TC-01470,Male,0,Yes,No,8,Yes,Yes,No,No internet service,No internet service,No internet service,No internet service,No internet service,No internet service,Month-to-month,No,Bank transfer (automatic),71.84,487.41,No
TC-01471,Male,0,No,No,60,Yes,Yes,Fiber optic,No,No,Yes,No,Yes,No,Month-to-month,No,Bank transfer (automatic),55.86,3320.64,Yes
TC-01472,Female,1,No,No,33,Yes,No,No,No internet service,No internet service,No internet service,No internet service,No internet service,No internet service,Month-to-month,Yes,Bank transfer (automatic),112.33,3704.76,No
TC-01473,Male,0,No,No,34,No,No phone service,DSL,No,No,Yes,No,No,No,One year,Yes,Electronic check,33.11,1244.96,No
TC-01474,Female,0,No,No,19,Yes,Yes,DSL,Yes,Yes,Yes,No,No,No,Month-to-month,Yes,Electronic check,35.6,708.25,No
TC-01475,Female,0,No,No,57,Yes,No,Fiber optic,No,Yes,No,Yes,Yes,Yes,Two year,Yes,Credit card (automatic),19.67,1176.29,Yes
TC-01476,Female,0,No,Yes,59,Yes,Yes,No,No internet service,No internet service,No internet service,No internet service,No internet service,No internet service,Month-to-month,Yes,Bank transfer (automatic),91.94,5418.95,Yes
TC-01477,Male,1,No,No,53,No,No phone service,No,No internet service,No internet service,No internet service,No internet service,No internet service,No internet service,Two year,No,Electronic check,107.4,5764.15,No
TC-01478,Female,0,No,Yes,34,Yes,No,No,No internet service,No internet service,No internet service,No internet service,No internet service,No internet service,One year,No,Mailed check,36.6,1258.61,No
TC-01479,Female,0,Yes,Yes,46,No,No phone service,Fiber optic,No,No,Yes,Yes,No,No,Month-to-month,Yes,Mailed check,21.44,1027.53,No
TC-01480,Female,0,No,Yes,45,Yes,Yes,Fiber optic,No,Yes,No,No,Yes,No,One year,Yes,Credit card (automatic),42.41,1917.21,No
TC-01481,Male,0,No,No,3,Yes,Yes,Fiber optic,No,Yes,No,No,No,Yes,Month-to-month,Yes,Bank transfer (automatic),106.37,346.71,Yes
TC-01482,Male,0,No,No,9,Yes,Yes,Fiber optic,Yes,No,Yes,No,No,Yes,Month-to-month,No,Credit card (automatic),19.62,152.79,Yes
TC-01483,Female,0,Yes,Yes,39,Yes,Yes,No,No internet service,No internet service,No internet service,No internet service,No internet service,No internet service,Month-to-month,Yes,Mailed check,28.12,1188.17,No
TC-01484,Male,1,No,No,54,Yes,Yes,DSL,No,No,No,No,No,No,Month-to-month,Yes,Mailed check,20.5,1082.92,Yes
TC-01485,Male,0,Yes,No,39,Yes,Yes,DSL,Yes,Yes,No,Yes,Yes,Yes,Month-to-month,Yes,Credit card (automatic),112.32,4333.04,No
TC-01486,Male,0,No,No,22,Yes,No,DSL,Yes,No,Yes,No,Yes,Yes,Month-to-month,No,Bank transfer (automatic),31.55,702.12,No
TC-01487,Male,0,No,No,14,Yes,No,DSL,No,No,Yes,Yes,No,Yes,Two year,No,Electronic check,108.04,1606.22,Yes
TC-01488,Male,0,Yes,Yes,4,Yes,No,DSL,Yes,No,Yes,Yes,No,No,One year,No,Credit card (automatic),65.34,227.2,No
TC-01489,Male,0,No,Yes,39,No,No phone service,Fiber optic,No,Yes,Yes,No,Yes,Yes,Two year,Yes,Credit card (automatic),57.49,2233.06,Yes
TC-01490,Male,0,Yes,No,17,Yes,No,DSL,No,No,Yes,No,Yes,No,One year,Yes,Credit card (automatic),60.65,1043.86,No
TC-01491,Male,0,Yes,No,20,Yes,No,No,No internet service,No internet service,No internet service,No internet service,No internet service,No internet service,Two year,Yes,Bank transfer (automatic),59.87,1131.2,No
TC-01492,Male,0,No,No,2,Yes,Yes,Fiber optic,Yes,Yes,No,Yes,Yes,Yes,Month-to-month,No,Credit card (automatic),52.17,35.56,Yes
TC-01493,Male,0,No,No,45,Yes,Yes,Fiber optic,No,No,Yes,Yes,Yes,Yes,One year,Yes,Bank transfer (automatic),99.08,4514.86,No
TC-01494,Female,0,Yes,No,52,Yes,No,DSL,No,Yes,Yes,No,No,No,Month-to-month,Yes,Electronic check,68.8,3581.38,No
TC-01495,Female,0,Yes,No,19,Yes,No,Fiber optic,Yes,Yes,No,No,Yes,Yes,Month-to-month,Yes,Electronic check,117.1,2171.88,No
TC-01496,Male,0,No,No,58,No,No phone service,Fiber optic,No,No,Yes,Yes,Yes,No,Two year,Yes,Credit card (automatic),69.78,4031.56,No
TC-01497,Female,0,No,Yes,20,Yes,No,DSL,No,Yes,No,No,No,No,Month-to-month,Yes,Electronic check,99.85,1969.03,Yes
TC-01498,Female,0,No,No,50,Yes,No,Fiber optic,Yes,No,Yes,No,Yes,No,Month-to-month,No,Credit card (automatic),92.51,4625.9,Yes
TC-01499,Male,1,Yes,Yes,24,Yes,Yes,Fiber optic,Yes,No,Yes,Yes,No,No,Month-to-month,No,Mailed check,58.11,1404.47,Yes
TC-01500,Male,0,No,Yes,67,Yes,No,DSL,No,No,No,Yes,Yes,Yes,Month-to-month,No,Electronic check,96.86,6382.2,No
TC-01501,Male,0,Yes,Yes,9,No,No phone service,DSL,No,No,Yes,No,Yes,Yes,Month-to-month,Yes,Mailed check,33.5,368.2,No
TC-01502,Female,0,No,No,66,Yes,Yes,Fiber optic,No,Yes,No,No,No,Yes,Month-to-month,Yes,Electronic check,38.33,2533.47,No
TC-01503,Female,0,Yes,Yes,8,Yes,No,No,No internet service,No internet service,No internet service,No internet service,No internet service,No internet service,One year,No,Credit card (automatic),79.89,607.2,No
TC-01504,Male,0,Yes,Yes,28,Yes,No,Fiber optic,No,Yes,No,No,No,No,One year,Yes,Bank transfer (automatic),89.16,2540.7,No
TC-01505,Male,0,No,No,36,Yes,Yes,No,No internet service,No internet service,No internet service,No internet service,No internet service,No internet service,Month-to-month,Yes,Electronic check,82.38,2913.96,No
TC-01506,Male,0,Yes,No,70,Yes,Yes,Fiber optic,No,No,No,Yes,Yes,No,One year,Yes,Bank transfer (automatic),68.94,4810.09,No
TC-01507,Female,0,Yes,No,37,Yes,No,No,No internet service,No internet service,No internet service,No internet service,No internet service,No internet service,Month-to-month,Yes,Credit card (automatic),31.76,1114.29,No
TC-01508,Female,0,Yes,No,71,Yes,Yes,No,No internet service,No internet service,No internet service,No internet service,No internet service,No internet service,Two year,Yes,Credit card (automatic),55.28,3962.1,No
TC-01509,Female,0,Yes,Yes,58,No,No phone service,DSL,No,No,No,No,No,No,Month-to-month,No,Bank transfer (automatic),78.49,4612.1,No
TC-01510,Female,0,Yes,Yes,56,Yes,No,DSL,Yes,Yes,No,Yes,No,No,Two year,Yes,Electronic check,40.61,2293.36,No
TC-01511,Male,0,No,Yes,59,Yes,Yes,DSL,No,Yes,Yes,No,No,Yes,Month-to-month,Yes,Mailed check,81.78,4815.57,No
TC-01512,Male,0,No,No,27,Yes,No,DSL,No,No,No,Yes,No,No,Month-to-month,Yes,Mailed check,41.43,1054.82,No
TC-01513,Male,0,Yes,No,27,Yes,No,Fiber optic,No,No,Yes,Yes,No,Yes,One year,Yes,Credit card (automatic),27.79,727.46,Yes
TC-01514,Male,0,No,Yes,45,Yes,Yes,Fiber optic,No,No,No,Yes,Yes,No,Two year,Yes,Credit card (automatic),50.43,2280.94,Yes
TC-01515,Female,0,Yes,No,70,Yes,No,No,No internet service,No internet service,No internet service,No internet service,No internet service,No internet service,Month-to-month,Yes,Credit card (automatic),45.28,3140.88,No
TC-01516,Female,1,Yes,No,66,Yes,Yes,Fiber optic,Yes,No,No,Yes,No,No,Month-to-month,Yes,Mailed check,99.04,6513.89,Yes
TC-01517,Male,0,No,No,54,Yes,Yes,Fiber optic,No,Yes,No,Yes,Yes,No,Month-to-month,Yes,Credit card (automatic),66.36,3527.33,Yes
TC-01518,Male,0,Yes,No,37,Yes,No,Fiber optic,Yes,Yes,Yes,No,No,Yes,Month-to-month,No,Credit card (automatic),24.4,865.63,No
TC-01519,Female,0,Yes,Yes,17,Yes,Yes,Fiber optic,No,Yes,Yes,No,No,Yes,Month-to-month,No,Credit card (automatic),99.56,1619.19,Yes
TC-01520,Male,0,Yes,Yes,62,No,No phone service,Fiber optic,Yes,No,Yes,Yes,Yes,Yes,Month-to-month,Yes,Bank transfer (automatic),44.87,2795.77,No
TC-01521,Female,0,No,No,4,Yes,No,Fiber optic,Yes,Yes,Yes,Yes,Yes,No,Month-to-month,No,Credit card (automatic),74.79,301.65,Yes
TC-01522,Male,0,No,No,43,Yes,No,Fiber optic,Yes,Yes,Yes,No,Yes,Yes,Month-to-month,Yes,Mailed check,72.15,3107.18,No
TC-01523,Male,0,Yes,No,28,Yes,No,DSL,Yes,Yes,Yes,Yes,No,Yes,Two year,Yes,Bank transfer (automatic),115.16,3206.45,Yes
TC-01524,Male,0,Yes,No,13,Yes,No,Fiber optic,No,No,Yes,Yes,No,No,Two year,Yes,Electronic check,43.49,535.84,No
TC-01525,Male,0,Yes,No,57,Yes,Yes,Fiber optic,Yes,Yes,Yes,No,No,Yes,Month-to-month,No,Mailed check,32.52,1838.74,No
TC-01526,Male,0,Yes,No,43,Yes,Yes,DSL,Yes,No,Yes,Yes,Yes,No,Two year,No,Credit card (automatic),43.84,1863.8,No
TC-01527,Male,0,Yes,Yes,17,Yes,Yes,Fiber optic,Yes,No,No,Yes,No,Yes,Month-to-month,No,Electronic check,75.65,1293.71,No
TC-01528,Male,0,No,No,6,Yes,No,DSL,Yes,No,Yes,Yes,No,Yes,One year,Yes,Electronic check,39.75,330.15,No
TC-01529,Female,0,No,No,61,Yes,Yes,DSL,No,Yes,No,No,No,No,Two year,Yes,Bank transfer (automatic),52.05,3165.59,No
TC-01530,Female,0,No,No,44,Yes,No,DSL,No,Yes,Yes,Yes,No,Yes,One year,Yes,Credit card (automatic),83.81,3658.04,No
TC-01531,Female,0,No,No,15,Yes,No,DSL,No,No,No,No,No,No,Month-to-month,Yes,Bank transfer (automatic),29.65,432.29,No
TC-01532,Female,0,Yes,No,63,Yes,No,DSL,No,Yes,Yes,Yes,No,Yes,Month-to-month,Yes,Credit card (automatic),112.53,7064.78,No
TC-01533,Female,0,Yes,No,36,Yes,Yes,No,No internet service,No internet service,No internet service,No internet service,No internet service,No internet service,One year,No,Credit card (automatic),71.24,2539.83,No
TC-01534,Male,0,No,No,24,Yes,Yes,DSL,Yes,No,Yes,Yes,Yes,No,Month-to-month,Yes,Bank transfer (automatic),66.36,1563.42,No
TC-01535,Male,1,No,No,8,Yes,No,DSL,No,No,Yes,No,Yes,Yes,Two year,Yes,Credit card (automatic),54.3,468.65,No
TC-01536,Female,0,Yes,No,54,Yes,No,Fiber optic,Yes,No,Yes,No,No,No,Month-to-month,Yes,Bank transfer (automatic),42.57,2332.39,No
TC-01537,Male,0,No,No,27,Yes,No,Fiber optic,Yes,Yes,No,No,No,No,One year,Yes,Mailed check,66.34,1836.3,No
TC-01538,Female,0,Yes,No,8,Yes,No,DSL,Yes,Yes,Yes,No,Yes,Yes,Month-to-month,Yes,Bank transfer (automatic),66.63,588.74,No
TC-01539,Female,0,Yes,No,11,Yes,Yes,Fiber optic,No,Yes,No,Yes,Yes,No,One year,Yes,Electronic check,23.61,241.48,Yes
TC-01540,Male,1,Yes,No,17,Yes,Yes,DSL,Yes,Yes,No,No,No,Yes,Month-to-month,No,Mailed check,102.74,1668.19,No
TC-01541,Male,0,No,No,55,Yes,No,Fiber optic,Yes,No,No,No,Yes,Yes,One year,Yes,Mailed check,100.08,5602.88,No
TC-01542,Male,0,No,No,57,Yes,Yes,Fiber optic,Yes,No,Yes,No,Yes,No,Two year,No,Credit card (automatic),62.78,3465.58,No
TC-01543,Female,0,No,No,50,Yes,No,DSL,Yes,Yes,No,Yes,No,No,Month-to-month,Yes,Mailed check,51.68,2566.92,No
TC-01544,Male,0,No,Yes,31,Yes,No,No,No internet service,No internet service,No internet service,No internet service,No internet service,No internet service,Month-to-month,Yes,Mailed check,67.89,2033.26,Yes
TC-01545,Female,1,No,No,47,Yes,No,DSL,Yes,Yes,No,Yes,No,Yes,Two year,No,Bank transfer (automatic),40.14,1906.72,No
TC-01546,Female,0,Yes,No,7,Yes,No,No,No internet service,No internet service,No internet service,No internet service,No internet service,No internet service,Month-to-month,No,Mailed check,18.08,78.72,Yes
TC-01547,Female,1,No,No,29,Yes,Yes,Fiber optic,No,No,No,No,No,No,Month-to-month,Yes,Mailed check,53.43,1606.05,Yes
TC-01548,Male,0,Yes,No,25,Yes,No,DSL,No,Yes,No,No,No,Yes,Two year,Yes,Mailed check,19.8,506.62,No
TC-01549,Male,0,Yes,No,23,Yes,Yes,DSL,No,No,No,No,No,No,One year,Yes,Bank transfer (automatic),22.07,583.18,No
TC-01550,Female,0,Yes,Yes,26,Yes,No,No,No internet service,No internet service,No internet service,No internet service,No internet service,No internet service,Month-to-month,Yes,Bank transfer (automatic),20.95,549.78,No
TC-01551,Male,0,No,No,38,Yes,No,Fiber optic,Yes,Yes,No,Yes,Yes,Yes,Two year,No,Mailed check,106.01,4086.34,No
TC-01552,Male,0,No,Yes,65,Yes,Yes,DSL,Yes,Yes,Yes,Yes,Yes,Yes,Month-to-month,Yes,Mailed check,32.36,2049.12,Yes
TC-01553,Male,0,No,No,50,No,No phone service,DSL,No,Yes,No,Yes,No,No,Month-to-month,Yes,Credit card (automatic),43.43,2220.75,No
TC-01554,Female,0,No,No,49,Yes,Yes,No,No internet service,No internet service,No internet service,No internet service,No internet service,No internet service,Two year,Yes,Electronic check,67.03,3277.72,No
TC-01555,Female,0,No,No,44,Yes,No,Fiber optic,Yes,No,No,Yes,Yes,Yes,Month-to-month,No,Mailed check,70.93,3132.81,No
TC-01556,Male,0,No,No,32,Yes,No,DSL,No,No,No,No,No,Yes,Month-to-month,Yes,Electronic check,30.21,1013.1,No
TC-01557,Female,0,No,No,18,Yes,Yes,No,No internet service,No internet service,No internet service,No internet service,No internet service,No internet service,Month-to-month,No,Electronic check,108.95,1980.43,Yes
TC-01558,Male,0,No,Yes,12,Yes,Yes,Fiber optic,No,No,Yes,Yes,No,No,Month-to-month,No,Credit card (automatic),41.11,453.79,No
TC-01559,Male,0,Yes,Yes,21,Yes,No,Fiber optic,No,Yes,Yes,Yes,Yes,No,Two year,Yes,Mailed check,112.26,2332.99,Yes
TC-01560,Male,0,No,No,19,Yes,No,Fiber optic,Yes,No,No,Yes,No,Yes,Month-to-month,Yes,Bank transfer (automatic),43.69,777.23,No
TC-01561,Male,0,Yes,No,4,Yes,Yes,No,No internet service,No internet service,No internet service,No internet service,No internet service,No internet service,Two year,Yes,Bank transfer (automatic),18.26,108.81,No
TC-01562,Female,1,Yes,No,31,Yes,Yes,DSL,Yes,No,Yes,Yes,Yes,No,Month-to-month,No,Mailed check,115.19,3553.6,No
TC-01563,Female,0,Yes,Yes,29,Yes,No,No,No internet service,No internet service,No internet service,No internet service,No internet service,No internet service,Two year,No,Electronic check,66.37,1902.29,No
TC-01564,Female,0,Yes,Yes,25,Yes,No,No,No internet service,No internet service,No internet service,No internet service,No internet service,No internet service,Month-to-month,Yes,Bank transfer (automatic),105.88,2657.13,No
TC-01565,Male,0,No,Yes,3,Yes,No,DSL,No,No,No,No,Yes,No,Two year,No,Bank transfer (automatic),91.43,262.44,No
TC-01566,Male,0,No,Yes,66,Yes,No,Fiber optic,Yes,Yes,No,Yes,Yes,Yes,One year,Yes,Electronic check,35.9,2427.85,No
TC-01567,Male,1,Yes,No,42,Yes,No,No,No internet service,No internet service,No internet service,No internet service,No internet service,No internet service,Two year,Yes,Credit card (automatic),102.53,4345.51,No
TC-01568,Female,0,Yes,Yes,29,Yes,Yes,Fiber optic,No,No,No,No,Yes,Yes,One year,Yes,Credit card (automatic),23.11,706.34,No
TC-01569,Male,0,Yes,No,15,Yes,No,Fiber optic,No,No,No,Yes,Yes,No,Month-to-month,No,Bank transfer (automatic),68.76,1010.64,Yes
TC-01570,Female,0,No,Yes,70,Yes,Yes,Fiber optic,No,Yes,Yes,No,No,No,Month-to-month,No,Electronic check,43.41,3074.19,Yes
TC-01571,Female,0,Yes,No,38,Yes,No,Fiber optic,No,No,Yes,No,Yes,No,Month-to-month,No,Mailed check,54.16,2083.25,No
TC-01572,Female,0,Yes,No,40,Yes,No,Fiber optic,No,No,No,No,Yes,Yes,Month-to-month,Yes,Electronic check,93.7,3687.19,No
TC-01573,Female,0,No,Yes,30,Yes,No,Fiber optic,No,Yes,Yes,No,Yes,Yes,Two year,Yes,Bank transfer (automatic),86.34,2577.89,No
TC-01574,Female,0,Yes,No,48,Yes,No,Fiber optic,No,Yes,No,No,No,Yes,Month-to-month,Yes,Credit card (automatic),62.01,2967.91,No
TC-01575,Female,1,No,No,12,Yes,Yes,Fiber optic,No,No,No,Yes,No,Yes,One year,Yes,Mailed check,22.59,345.85,No
TC-01576,Male,0,No,Yes,40,Yes,No,DSL,Yes,Yes,No,Yes,Yes,Yes,One year,Yes,Mailed check,21.99,858.61,No
TC-01577,Male,0,Yes,No,27,No,No phone service,Fiber optic,No,No,No,No,Yes,Yes,Two year,No,Bank transfer (automatic),88.22,2406.06,No
TC-01578,Female,0,Yes,No,63,Yes,No,DSL,No,Yes,No,No,No,Yes,One year,Yes,Credit card (automatic),112.88,7176.49,No
TC-01579,Female,0,Yes,No,18,Yes,Yes,Fiber optic,Yes,No,Yes,Yes,No,Yes,Month-to-month,Yes,Bank transfer (automatic),102.73,1803.01,Yes
TC-01580,Male,1,No,No,71,Yes,No,DSL,Yes,Yes,Yes,Yes,No,Yes,Two year,Yes,Electronic check,30.22,2159.59,No
TC-01581,Female,0,No,No,24,Yes,No,Fiber optic,Yes,Yes,Yes,No,Yes,Yes,One year,No,Credit card (automatic),30.12,824.5,No
TC-01582,Female,0,No,Yes,37,Yes,Yes,Fiber optic,No,No,Yes,No,Yes,Yes,One year,Yes,Credit card (automatic),79.05,2846.41,No
TC-01583,Male,0,Yes,No,2,Yes,No,Fiber optic,Yes,Yes,Yes,No,Yes,Yes,Month-to-month,No,Electronic check,83.76,137.18,No
TC-01584,Female,0,Yes,Yes,1,Yes,Yes,DSL,Yes,Yes,No,No,No,Yes,Month-to-month,No,Credit card (automatic),79.65,93.3,No
TC-01585,Female,1,Yes,No,4,Yes,Yes,DSL,No,Yes,No,Yes,Yes,No,Two year,Yes,Mailed check,106.54,444.38,No
TC-01586,Female,0,Yes,No,60,Yes,No,No,No internet service,No internet service,No internet service,No internet service,No internet service,No internet service,Month-to-month,Yes,Mailed check,41.1,2473.87,No
TC-01587,Male,0,Yes,Yes,19,Yes,No,No,No internet service,No internet service,No internet service,No internet service,No internet service,No internet service,One year,No,Bank transfer (automatic),35.23,696.66,No
TC-01588,Male,1,Yes,No,37,Yes,Yes,DSL,No,No,Yes,No,No,No,Two year,Yes,Electronic check,109.42,4111.59,No
TC-01589,Male,1,No,No,35,No,No phone service,No,No internet service,No internet service,No internet service,No internet service,No internet service,No internet service,Month-to-month,No,Mailed check,90.21,3160.06,Yes
TC-01590,Female,0,No,No,45,Yes,No,DSL,No,No,Yes,No,No,No,Month-to-month,Yes,Credit card (automatic),89.17,4008.94,No
TC-01591,Female,0,No,No,36,Yes,Yes,Fiber optic,Yes,Yes,No,No,Yes,No,Month-to-month,Yes,Credit card (automatic),51.54,1885.17,Yes
TC-01592,Male,0,Yes,No,53,Yes,Yes,Fiber optic,Yes,Yes,No,Yes,Yes,No,Two year,Yes,Bank transfer (automatic),80.79,4381.37,No
TC-01593,Female,0,No,No,20,Yes,No,DSL,Yes,No,Yes,No,No,Yes,Month-to-month,Yes,Credit card (automatic),90.67,1843.4,No
TC-01594,Female,1,No,No,20,Yes,No,DSL,No,Yes,Yes,No,No,No,Two year,Yes,Electronic check,78.03,1612.54,No
TC-01595,Female,0,No,No,69,Yes,No,Fiber optic,Yes,Yes,No,Yes,No,Yes,Month-to-month,No,Mailed check,91.62,6243.12,Yes
TC-01596,Female,0,Yes,Yes,59,Yes,No,DSL,Yes,Yes,Yes,No,Yes,No,Two year,No,Bank transfer (automatic),77.01,4534.61,No
TC-01597,Female,0,Yes,Yes,35,Yes,Yes,Fiber optic,Yes,Yes,No,No,No,Yes,Two year,Yes,Bank transfer (automatic),116.2,4006.32,Yes
TC-01598,Male,0,No,No,10,Yes,No,Fiber optic,Yes,No,Yes,Yes,No,No,Month-to-month,No,Mailed check,67.2,672.76,No
TC-01599,Female,0,Yes,No,30,Yes,No,DSL,Yes,Yes,Yes,No,No,Yes,Month-to-month,Yes,Mailed check,19.25,648.85,Yes
TC-01600,Male,0,Yes,No,36,Yes,No,No,No internet service,No internet service,No internet service,No internet service,No internet service,No internet service,Two year,Yes,Electronic check,34.33,1171.29,No
TC-01601,Female,0,Yes,No,59,No,No phone service,DSL,No,Yes,Yes,Yes,Yes,Yes,Two year,Yes,Credit card (automatic),114.42,6837.64,No
TC-01602,Male,0,Yes,Yes,60,Yes,Yes,DSL,No,No,Yes,No,Yes,No,Two year,Yes,Credit card (automatic),64.95,3896.77,No
TC-01603,Female,0,No,Yes,66,No,No phone service,Fiber optic,No,No,Yes,Yes,No,No,Month-to-month,Yes,Mailed check,30.05,2027.94,No
TC-01604,Male,0,Yes,No,28,Yes,Yes,No,No internet service,No internet service,No internet service,No internet service,No internet service,No internet service,Month-to-month,No,Credit card (automatic),33.58,991.68,No
TC-01605,Female,0,No,Yes,66,Yes,Yes,Fiber optic,No,No,No,No,Yes,Yes,Month-to-month,Yes,Mailed check,20.89,1478.52,Yes
TC-01606,Male,0,No,No,70,No,No phone service,DSL,Yes,No,Yes,Yes,No,Yes,Month-to-month,Yes,Credit card (automatic),40.63,2873.16,No
TC-01607,Female,0,Yes,No,66,Yes,Yes,No,No internet service,No internet service,No internet service,No internet service,No internet service,No internet service,One year,Yes,Mailed check,116.66,7655.97,No
TC-01608,Male,0,Yes,Yes,15,Yes,Yes,Fiber optic,Yes,Yes,No,No,No,Yes,Two year,Yes,Credit card (automatic),50.88,813.82,No
TC-01609,Female,0,Yes,Yes,44,Yes,No,Fiber optic,No,Yes,No,No,No,No,Month-to-month,Yes,Electronic check,43.03,1759.79,No
TC-01610,Male,0,No,No,33,Yes,Yes,No,No internet service,No internet service,No internet service,No internet service,No internet service,No internet service,Two year,Yes,Bank transfer (automatic),84.76,2751.71,No
TC-01611,Male,0,No,No,43,Yes,Yes,DSL,No,Yes,Yes,Yes,Yes,No,One year,Yes,Credit card (automatic),85.42,3644.03,No
TC-01612,Female,1,No,No,41,Yes,No,Fiber optic,Yes,No,Yes,Yes,Yes,Yes,Month-to-month,Yes,Mailed check,114.78,4600.79,No
TC-01613,Female,0,No,No,34,Yes,No,No,No internet service,No internet service,No internet service,No internet service,No internet service,No internet service,Two year,Yes,Electronic check,90.96,3176.84,No
TC-01614,Male,0,No,No,29,Yes,Yes,DSL,No,No,Yes,Yes,No,Yes,Month-to-month,No,Electronic check,29.0,907.45,No
TC-01615,Female,1,No,Yes,52,Yes,No,Fiber optic,No,No,No,No,No,Yes,Month-to-month,No,Bank transfer (automatic),116.56,6083.67,No
TC-01616,Male,0,No,Yes,57,Yes,No,DSL,Yes,No,Yes,Yes,Yes,Yes,Month-to-month,No,Electronic check,93.02,5351.13,No
TC-01617,Male,0,Yes,No,27,Yes,Yes,No,No internet service,No internet service,No internet service,No internet service,No internet service,No internet service,Month-to-month,No,Bank transfer (automatic),43.92,1204.16,Yes
TC-01618,Male,0,No,Yes,14,Yes,Yes,Fiber optic,No,No,Yes,Yes,No,No,Month-to-month,Yes,Credit card (automatic),44.12,660.88,Yes
TC-01619,Female,1,No,Yes,37,Yes,No,DSL,Yes,Yes,No,Yes,Yes,No,Two year,Yes,Credit card (automatic),114.0,4281.12,No
TC-01620,Male,0,No,No,49,Yes,No,DSL,Yes,No,No,No,No,No,Two year,No,Credit card (automatic),37.26,1753.43,No
TC-01621,Male,0,No,No,12,Yes,No,Fiber optic,Yes,No,Yes,No,No,Yes,Two year,No,Mailed check,40.76,534.89,No
TC-01622,Female,0,Yes,Yes,34,Yes,Yes,Fiber optic,No,Yes,No,No,Yes,No,Two year,Yes,Credit card (automatic),53.89,1888.72,No
TC-01623,Female,0,No,No,23,Yes,Yes,Fiber optic,Yes,Yes,No,No,Yes,No,One year,Yes,Bank transfer (automatic),85.95,1947.32,No
TC-01624,Female,0,No,No,64,Yes,Yes,DSL,Yes,Yes,No,Yes,Yes,Yes,One year,No,Credit card (automatic),60.97,3890.52,No
TC-01625,Female,0,Yes,Yes,17,Yes,No,Fiber optic,No,Yes,No,Yes,No,Yes,Month-to-month,Yes,Electronic check,49.13,796.45,Yes
TC-01626,Male,0,Yes,No,57,Yes,Yes,DSL,Yes,No,Yes,No,No,No,Month-to-month,Yes,Bank transfer (automatic),44.76,2566.88,No
TC-01627,Male,0,No,Yes,25,Yes,Yes,No,No internet service,No internet service,No internet service,No internet service,No internet service,No internet service,Two year,No,Credit card (automatic),30.51,782.29,No
TC-01628,Male,0,No,No,28,Yes,No,Fiber optic,No,Yes,Yes,No,No,Yes,Month-to-month,Yes,Mailed check,72.63,2043.43,No
TC-01629,Male,0,No,Yes,71,Yes,Yes,Fiber optic,Yes,No,No,Yes,Yes,Yes,Month-to-month,No,Bank transfer (automatic),45.34,3180.82,No
TC-01630,Female,1,No,No,43,Yes,No,Fiber optic,No,Yes,No,Yes,Yes,No,Month-to-month,Yes,Bank transfer (automatic),51.15,2268.04,Yes
TC-01631,Male,0,No,Yes,4,Yes,No,Fiber optic,No,Yes,Yes,No,No,No,One year,Yes,Bank transfer (automatic),18.78,46.03,No
TC-01632,Male,0,No,No,32,Yes,No,No,No internet service,No internet service,No internet service,No internet service,No internet service,No internet service,Month-to-month,Yes,Mailed check,71.12,2303.47,No
TC-01633,Female,0,Yes,No,4,No,No phone service,Fiber optic,Yes,No,Yes,No,Yes,Yes,One year,No,Credit card (automatic),87.64,389.98,No
TC-01634,Male,0,Yes,No,35,Yes,No,Fiber optic,No,Yes,No,No,Yes,Yes,Two year,Yes,Electronic check,110.75,3790.67,No
TC-01635,Male,0,No,No,12,No,No phone service,Fiber optic,No,No,No,No,No,No,Month-to-month,No,Electronic check,37.71,469.26,Yes
TC-01636,Male,0,No,Yes,24,Yes,No,Fiber optic,No,No,No,No,No,Yes,Month-to-month,No,Mailed check,109.94,2701.24,No
TC-01637,Male,0,No,No,57,Yes,No,DSL,No,No,No,Yes,Yes,Yes,Month-to-month,No,Electronic check,54.11,3083.56,No
TC-01638,Male,0,Yes,Yes,1,Yes,No,No,No internet service,No internet service,No internet service,No internet service,No internet service,No internet service,Month-to-month,Yes,Bank transfer (automatic),98.24,143.19,No
TC-01639,Male,0,No,No,35,Yes,No,Fiber optic,No,Yes,No,Yes,Yes,Yes,Month-to-month,Yes,Bank transfer (automatic),107.68,3734.9,Yes
TC-01640,Female,1,Yes,Yes,24,Yes,Yes,DSL,No,No,No,No,No,Yes,One year,No,Electronic check,114.14,2792.07,No
TC-01641,Female,1,Yes,No,33,No,No phone service,DSL,Yes,No,No,Yes,No,No,Month-to-month,Yes,Bank transfer (automatic),50.54,1610.97,No
TC-01642,Male,0,No,No,11,No,No phone service,Fiber optic,No,No,No,No,Yes,No,Month-to-month,Yes,Mailed check,44.05,483.46,No
TC-01643,Male,0,Yes,No,18,Yes,Yes,DSL,Yes,Yes,Yes,Yes,No,No,Two year,No,Bank transfer (automatic),61.96,1177.03,No
TC-01644,Female,0,No,Yes,36,Yes,No,No,No internet service,No internet service,No internet service,No internet service,No internet service,No internet service,Month-to-month,Yes,Mailed check,73.47,2703.9,Yes
TC-01645,Male,1,Yes,No,0,Yes,No,No,No internet service,No internet service,No internet service,No internet service,No internet service,No internet service,Month-to-month,No,Credit card (automatic),87.06,87.06,No
TC-01646,Male,0,No,No,59,Yes,No,DSL,Yes,Yes,No,Yes,No,Yes,Month-to-month,Yes,Bank transfer (automatic),87.19,5133.51,No
TC-01647,Male,1,No,No,66,Yes,Yes,DSL,No,Yes,Yes,No,Yes,No,Month-to-month,Yes,Credit card (automatic),29.66,1927.59,No
TC-01648,Female,0,Yes,No,48,Yes,No,DSL,No,Yes,No,No,Yes,No,Month-to-month,No,Electronic check,79.18,3859.63,No
TC-01649,Male,1,Yes,No,45,Yes,Yes,DSL,Yes,No,Yes,No,No,Yes,One year,No,Electronic check,34.79,1561.83,No
TC-01650,Female,0,Yes,No,47,Yes,No,DSL,Yes,Yes,No,No,Yes,Yes,Month-to-month,Yes,Bank transfer (automatic),89.14,4196.99,No
TC-01651,Male,0,No,Yes,67,Yes,No,No,No internet service,No internet service,No internet service,No internet service,No internet service,No internet service,Month-to-month,No,Mailed check,115.66,7773.31,No
TC-01652,Female,0,Yes,No,18,Yes,Yes,Fiber optic,No,Yes,Yes,No,No,No,Month-to-month,Yes,Mailed check,95.09,1650.93,Yes
TC-01653,Female,0,Yes,No,39,Yes,No,Fiber optic,No,No,No,No,Yes,No,One year,No,Mailed check,87.47,3426.28,No
TC-01654,Male,0,No,No,5,Yes,No,DSL,No,No,No,No,Yes,No,Month-to-month,Yes,Mailed check,25.75,78.24,No
TC-01655,Female,0,No,No,62,No,No phone service,No,No internet service,No internet service,No internet service,No internet service,No internet service,No internet service,Month-to-month,No,Mailed check,36.46,2236.03,No
TC-01656,Male,0,Yes,No,34,Yes,No,No,No internet service,No internet service,No internet service,No internet service,No internet service,No internet service,Two year,Yes,Mailed check,53.52,1797.51,No
TC-01657,Female,0,Yes,No,71,No,No phone service,Fiber optic,No,No,Yes,No,Yes,Yes,Month-to-month,No,Mailed check,111.35,7930.05,Yes
TC-01658,Male,0,Yes,No,60,Yes,Yes,DSL,No,No,No,Yes,No,Yes,Month-to-month,Yes,Electronic check,51.09,3025.76,No
TC-01659,Male,0,No,No,4,Yes,No,No,No internet service,No internet service,No internet service,No internet service,No internet service,No internet service,One year,Yes,Credit card (automatic),99.38,373.79,No
TC-01660,Female,0,No,No,36,Yes,No,DSL,Yes,No,No,No,No,Yes,Month-to-month,No,Credit card (automatic),28.38,1037.88,No
TC-01661,Male,0,Yes,No,10,Yes,Yes,Fiber optic,Yes,Yes,Yes,No,No,No,One year,Yes,Electronic check,84.2,911.27,Yes
TC-01662,Male,1,No,Yes,39,Yes,No,Fiber optic,No,Yes,No,Yes,Yes,No,One year,Yes,Electronic check,95.91,3762.37,No
TC-01663,Female,0,Yes,Yes,64,Yes,No,No,No internet service,No internet service,No internet service,No internet service,No internet service,No internet service,Month-to-month,Yes,Electronic check,72.29,4683.09,No
TC-01664,Male,0,Yes,Yes,7,Yes,No,Fiber optic,Yes,Yes,No,No,No,Yes,One year,Yes,Bank transfer (automatic),94.68,556.56,Yes
TC-01665,Male,0,No,No,10,Yes,No,No,No internet service,No internet service,No internet service,No internet service,No internet service,No internet service,Two year,No,Mailed check,90.37,975.46,No
TC-01666,Female,0,Yes,No,70,Yes,No,No,No internet service,No internet service,No internet service,No internet service,No internet service,No internet service,One year,Yes,Credit card (automatic),65.7,4556.13,No
TC-01667,Female,0,Yes,No,57,No,No phone service,DSL,No,Yes,Yes,Yes,Yes,Yes,Month-to-month,Yes,Electronic check,104.55,5928.91,No
TC-01668,Male,0,No,No,47,Yes,Yes,Fiber optic,Yes,Yes,No,Yes,No,No,Month-to-month,No,Mailed check,52.16,2548.59,No
TC-01669,Male,0,Yes,No,12,Yes,Yes,DSL,No,Yes,Yes,No,Yes,Yes,Two year,Yes,Mailed check,60.54,735.0,No
TC-01670,Female,0,Yes,No,59,No,No phone service,No,No internet service,No internet service,No internet service,No internet service,No internet service,No internet service,One year,Yes,Mailed check,71.99,4209.92,No
TC-01671,Female,0,No,No,48,No,No phone service,DSL,No,No,No,Yes,No,No,Month-to-month,Yes,Mailed check,31.07,1460.77,No
TC-01672,Male,1,Yes,Yes,66,Yes,No,DSL,Yes,Yes,Yes,Yes,Yes,Yes,Two year,Yes,Bank transfer (automatic),69.53,4519.82,No
TC-01673,Female,1,Yes,Yes,6,Yes,No,Fiber optic,Yes,No,No,No,No,Yes,Month-to-month,Yes,Credit card (automatic),50.41,303.19,No
TC-01674,Male,0,No,Yes,24,Yes,No,Fiber optic,No,No,Yes,Yes,Yes,Yes,One year,Yes,Mailed check,43.67,1031.28,No
TC-01675,Male,0,No,Yes,22,Yes,Yes,DSL,Yes,No,No,Yes,Yes,No,One year,No,Electronic check,75.68,1698.43,No
TC-01676,Male,0,No,Yes,50,Yes,No,Fiber optic,Yes,Yes,Yes,No,Yes,No,Two year,Yes,Electronic check,50.96,2633.95,No
TC-01677,Male,0,Yes,No,46,Yes,Yes,No,No internet service,No internet service,No internet service,No internet service,No internet service,No internet service,Month-to-month,No,Bank transfer (automatic),103.55,4700.61,No
TC-01678,Male,0,No,Yes,4,Yes,No,Fiber optic,No,Yes,Yes,No,Yes,Yes,One year,Yes,Bank transfer (automatic),59.0,265.8,Yes
TC-01679,Female,0,Yes,Yes,12,Yes,Yes,Fiber optic,Yes,Yes,No,No,No,No,Month-to-month,Yes,Credit card (automatic),59.3,634.94,No
TC-01680,Female,1,No,Yes,41,Yes,Yes,DSL,Yes,Yes,No,Yes,No,Yes,Month-to-month,Yes,Mailed check,116.19,4785.53,No
TC-01681,Female,1,Yes,No,4,Yes,Yes,DSL,Yes,No,Yes,Yes,No,Yes,One year,Yes,Bank transfer (automatic),52.15,149.93,No
TC-01682,Female,0,Yes,No,22,Yes,Yes,Fiber optic,Yes,Yes,Yes,Yes,Yes,No,Month-to-month,No,Bank transfer (automatic),31.15,617.97,No
TC-01683,Male,0,No,No,61,Yes,No,Fiber optic,Yes,Yes,No,No,Yes,No,Month-to-month,No,Electronic check,105.66,6572.79,No
TC-01684,Male,0,Yes,Yes,0,Yes,No,Fiber optic,No,No,No,Yes,No,No,Month-to-month,Yes,Bank transfer (automatic),109.7,109.7,Yes
TC-01685,Male,0,Yes,No,53,Yes,No,Fiber optic,Yes,No,Yes,Yes,No,Yes,Month-to-month,No,Electronic check,40.65,2119.05,No
TC-01686,Male,0,No,Yes,71,Yes,No,Fiber optic,Yes,Yes,Yes,No,Yes,Yes,Month-to-month,Yes,Credit card (automatic),106.21,7636.02,Yes
TC-01687,Female,0,Yes,Yes,2,Yes,No,Fiber optic,Yes,No,Yes,No,Yes,No,Month-to-month,No,Credit card (automatic),67.46,132.94,No
TC-01688,Male,1,Yes,No,63,Yes,Yes,DSL,Yes,No,No,Yes,No,Yes,One year,No,Electronic check,22.34,1338.88,No
TC-01689,Male,0,Yes,No,50,Yes,No,No,No internet service,No internet service,No internet service,No internet service,No internet service,No internet service,Month-to-month,No,Electronic check,72.88,3676.47,No
TC-01690,Female,0,No,No,1,Yes,Yes,DSL,No,Yes,Yes,No,Yes,No,Two year,No,Credit card (automatic),102.88,150.34,No
TC-01691,Female,0,No,No,48,Yes,No,Fiber optic,Yes,No,Yes,Yes,Yes,No,Month-to-month,No,Mailed check,57.66,2805.3,No
TC-01692,Female,0,No,No,30,Yes,Yes,DSL,Yes,Yes,No,No,Yes,Yes,One year,Yes,Electronic check,73.1,2108.51,No
TC-01693,Female,0,No,Yes,2,Yes,No,Fiber optic,No,Yes,Yes,Yes,Yes,No,Month-to-month,No,Bank transfer (automatic),32.06,6.96,No
TC-01694,Male,0,No,No,34,Yes,Yes,Fiber optic,Yes,Yes,Yes,No,No,Yes,Two year,Yes,Credit card (automatic),102.22,3522.33,No
TC-01695,Male,0,No,Yes,35,Yes,Yes,Fiber optic,Yes,Yes,Yes,Yes,No,No,Month-to-month,No,Bank transfer (automatic),28.69,946.54,No
TC-01696,Female,0,No,No,63,Yes,No,Fiber optic,Yes,Yes,Yes,Yes,Yes,No,One year,Yes,Credit card (automatic),27.44,1779.63,No
TC-01697,Male,0,No,Yes,31,Yes,Yes,Fiber optic,No,No,No,Yes,Yes,No,Month-to-month,Yes,Electronic check,111.36,3434.02,Yes
TC-01698,Male,1,Yes,No,17,Yes,Yes,No,No internet service,No internet service,No internet service,No internet service,No internet service,No internet service,Month-to-month,Yes,Electronic check,105.35,1708.72,No
TC-01699,Male,0,Yes,No,33,Yes,No,DSL,No,Yes,Yes,No,No,Yes,Month-to-month,Yes,Electronic check,75.49,2425.22,Yes
TC-01700,Female,0,Yes,No,55,Yes,Yes,No,No internet service,No internet service,No internet service,No internet service,No internet service,No internet service,Month-to-month,Yes,Electronic check,28.62,1596.8,No
TC-01701,Male,0,Yes,Yes,66,Yes,Yes,Fiber optic,Yes,No,No,Yes,No,No,Month-to-month,No,Electronic check,72.6,4816.69,No
TC-01702,Female,0,No,No,52,Yes,No,Fiber optic,Yes,Yes,No,Yes,No,Yes,Month-to-month,Yes,Credit card (automatic),110.05,5800.69,No
TC-01703,Male,0,Yes,No,66,Yes,Yes,No,No internet service,No internet service,No internet service,No internet service,No internet service,No internet service,Two year,No,Bank transfer (automatic),79.24,5230.84,No
TC-01704,Male,1,Yes,No,65,Yes,Yes,DSL,No,No,No,Yes,No,Yes,Month-to-month,Yes,Mailed check,37.82,2448.33,No
TC-01705,Male,1,Yes,No,63,Yes,Yes,DSL,No,No,No,Yes,No,Yes,One year,Yes,Credit card (automatic),108.58,6930.42,No
TC-01706,Female,0,Yes,No,66,Yes,Yes,Fiber optic,Yes,Yes,No,No,Yes,No,One year,Yes,Electronic check,104.55,6858.33,No
TC-01707,Male,0,Yes,Yes,38,Yes,No,Fiber optic,No,Yes,Yes,Yes,Yes,Yes,One year,Yes,Electronic check,72.66,2746.91,No
TC-01708,Female,0,No,No,37,Yes,No,No,No internet service,No internet service,No internet service,No internet service,No internet service,No internet service,One year,Yes,Mailed check,103.22,3842.88,No
TC-01709,Female,0,No,Yes,39,Yes,No,Fiber optic,Yes,No,Yes,No,No,No,One year,Yes,Electronic check,23.64,877.17,No
TC-01710,Female,0,Yes,Yes,18,Yes,No,No,No internet service,No internet service,No internet service,No internet service,No internet service,No internet service,One year,Yes,Bank transfer (automatic),64.12,1176.49,No
TC-01711,Male,0,Yes,No,4,Yes,No,No,No internet service,No internet service,No internet service,No internet service,No internet service,No internet service,Two year,No,Bank transfer (automatic),35.81,143.46,No
TC-01712,Male,0,Yes,No,68,Yes,No,Fiber optic,No,No,Yes,No,No,Yes,One year,No,Mailed check,101.75,6975.76,No
TC-01713,Male,0,Yes,Yes,13,Yes,Yes,Fiber optic,Yes,Yes,No,Yes,Yes,Yes,Month-to-month,No,Electronic check,115.12,1475.66,Yes
TC-01714,Male,0,No,Yes,48,Yes,Yes,DSL,Yes,No,No,No,No,No,Month-to-month,No,Electronic check,111.07,5299.43,No
TC-01715,Female,1,Yes,No,63,Yes,Yes,Fiber optic,No,Yes,No,No,Yes,Yes,Month-to-month,Yes,Bank transfer (automatic),68.33,4400.74,No
TC-01716,Female,0,No,Yes,56,Yes,No,DSL,No,Yes,Yes,Yes,No,No,Two year,No,Bank transfer (automatic),69.1,3912.17,No
TC-01717,Female,0,Yes,No,34,Yes,No,Fiber optic,No,No,No,Yes,Yes,No,Two year,No,Electronic check,108.82,3754.2,No
TC-01718,Male,0,No,No,4,Yes,Yes,No,No internet service,No internet service,No internet service,No internet service,No internet service,No internet service,Month-to-month,No,Electronic check,90.17,402.46,No
TC-01719,Female,0,No,No,38,Yes,Yes,Fiber optic,No,Yes,No,No,No,No,Two year,No,Electronic check,25.46,933.78,No
TC-01720,Male,0,No,Yes,23,Yes,No,Fiber optic,Yes,Yes,Yes,No,Yes,Yes,Month-to-month,Yes,Electronic check,30.83,661.1,Yes
TC-01721,Female,0,Yes,Yes,39,No,No phone service,No,No internet service,No internet service,No internet service,No internet service,No internet service,No internet service,Month-to-month,No,Electronic check,113.17,4366.17,No
TC-01722,Male,1,Yes,No,49,Yes,No,Fiber optic,No,No,Yes,No,Yes,No,One year,Yes,Bank transfer (automatic),54.59,2646.14,Yes
TC-01723,Male,0,No,No,57,No,No phone service,Fiber optic,No,Yes,No,No,Yes,Yes,One year,Yes,Credit card (automatic),36.74,2154.19,Yes
TC-01724,Female,0,Yes,Yes,0,Yes,No,Fiber optic,Yes,Yes,No,Yes,Yes,No,Month-to-month,Yes,Bank transfer (automatic),91.55,91.55,Yes
TC-01725,Female,0,Yes,Yes,42,Yes,Yes,DSL,Yes,No,Yes,No,No,No,Two year,No,Bank transfer (automatic),105.97,4497.73,No
TC-01726,Female,0,No,Yes,38,Yes,No,Fiber optic,No,Yes,No,Yes,Yes,Yes,Month-to-month,Yes,Credit card (automatic),38.66,1510.24,No
TC-01727,Female,0,Yes,No,9,Yes,Yes,Fiber optic,Yes,Yes,Yes,Yes,Yes,Yes,Month-to-month,Yes,Bank transfer (automatic),43.14,468.38,No
TC-01728,Male,1,No,No,1,Yes,No,Fiber optic,No,Yes,Yes,Yes,Yes,No,Month-to-month,Yes,Mailed check,107.99,148.06,No
TC-01729,Female,0,Yes,No,62,Yes,Yes,Fiber optic,Yes,No,No,Yes,Yes,No,Two year,Yes,Bank transfer (automatic),19.32,1208.49,No
TC-01730,Female,0,Yes,No,15,Yes,Yes,DSL,Yes,Yes,Yes,No,Yes,Yes,Month-to-month,No,Credit card (automatic),108.8,1567.06,No
TC-01731,Female,0,No,No,36,Yes,Yes,No,No internet service,No internet service,No internet service,No internet service,No internet service,No internet service,Two year,Yes,Electronic check,21.93,886.54,Yes
TC-01732,Male,0,No,No,15,Yes,No,Fiber optic,No,Yes,Yes,Yes,No,No,Two year,Yes,Bank transfer (automatic),27.54,466.34,Yes
TC-01733,Male,1,No,Yes,26,Yes,Yes,No,No internet service,No internet service,No internet service,No internet service,No internet service,No internet service,Month-to-month,Yes,Bank transfer (automatic),104.23,2731.19,Yes
TC-01734,Female,1,No,Yes,62,Yes,Yes,Fiber optic,No,No,No,Yes,Yes,Yes,Two year,Yes,Credit card (automatic),42.84,2666.71,No
TC-01735,Male,0,Yes,Yes,63,Yes,No,DSL,No,No,Yes,No,No,No,Month-to-month,Yes,Bank transfer (automatic),40.47,2460.59,No
TC-01736,Female,0,Yes,No,31,Yes,Yes,Fiber optic,No,No,Yes,No,No,Yes,Two year,Yes,Mailed check,102.41,3195.81,Yes
TC-01737,Male,0,Yes,No,8,Yes,Yes,Fiber optic,No,No,No,Yes,Yes,Yes,Month-to-month,Yes,Bank transfer (automatic),72.22,551.25,Yes
TC-01738,Male,0,No,No,10,Yes,Yes,Fiber optic,Yes,No,No,No,Yes,Yes,One year,Yes,Bank transfer (automatic),53.06,448.6,No
TC-01739,Male,1,Yes,Yes,69,Yes,Yes,No,No internet service,No internet service,No internet service,No internet service,No internet service,No internet service,Month-to-month,No,Electronic check,89.42,6145.77,No
TC-01740,Male,0,Yes,Yes,29,Yes,Yes,DSL,Yes,No,No,Yes,No,No,Month-to-month,No,Electronic check,98.97,2882.18,No
TC-01741,Female,0,Yes,Yes,14,Yes,Yes,Fiber optic,Yes,Yes,Yes,No,No,No,Two year,No,Credit card (automatic),104.28,1478.59,No
TC-01742,Female,0,No,No,58,Yes,Yes,DSL,Yes,Yes,Yes,Yes,No,Yes,Two year,Yes,Electronic check,29.94,1677.6,No
TC-01743,Female,0,No,Yes,47,No,No phone service,No,No internet service,No internet service,No internet service,No internet service,No internet service,No internet service,Two year,Yes,Electronic check,76.25,3515.65,No
TC-01744,Male,0,Yes,Yes,59,Yes,Yes,DSL,No,Yes,Yes,Yes,No,Yes,Month-to-month,Yes,Mailed check,85.82,5048.24,Yes
TC-01745,Female,0,Yes,No,67,Yes,No,DSL,Yes,Yes,Yes,Yes,Yes,No,Two year,Yes,Bank transfer (automatic),29.65,2015.09,No
TC-01746,Female,0,No,Yes,56,Yes,Yes,DSL,No,Yes,No,Yes,No,No,Month-to-month,Yes,Mailed check,79.01,4384.91,No
TC-01747,Female,0,No,No,63,Yes,No,Fiber optic,No,No,No,No,No,Yes,Two year,No,Bank transfer (automatic),21.19,1312.75,No
TC-01748,Male,0,No,Yes,53,Yes,No,Fiber optic,No,Yes,No,Yes,No,No,Two year,No,Electronic check,52.16,2773.89,No
TC-01749,Male,0,No,No,53,Yes,Yes,Fiber optic,Yes,Yes,Yes,Yes,Yes,Yes,Two year,Yes,Bank transfer (automatic),35.2,1824.58,No
TC-01750,Male,0,Yes,No,58,Yes,No,DSL,Yes,Yes,No,Yes,Yes,No,One year,No,Bank transfer (automatic),74.12,4198.63,No
TC-01751,Female,0,No,No,38,Yes,Yes,DSL,No,No,Yes,No,Yes,Yes,Two year,Yes,Bank transfer (automatic),37.11,1425.72,No
TC-01752,Female,0,Yes,No,14,Yes,No,Fiber optic,Yes,No,Yes,Yes,Yes,No,Two year,Yes,Mailed check,96.91,1269.4,No
TC-01753,Female,1,No,No,27,Yes,No,Fiber optic,Yes,Yes,Yes,No,No,No,Month-to-month,No,Electronic check,30.11,829.48,No
TC-01754,Male,0,Yes,No,35,Yes,No,Fiber optic,No,Yes,Yes,No,Yes,Yes,Month-to-month,No,Credit card (automatic),93.78,3271.25,No
TC-01755,Male,0,Yes,No,53,Yes,No,Fiber optic,No,No,No,No,No,No,Month-to-month,No,Electronic check,27.89,1466.73,Yes
TC-01756,Female,0,No,No,16,Yes,Yes,No,No internet service,No internet service,No internet service,No internet service,No internet service,No internet service,One year,No,Mailed check,62.24,940.69,No
TC-01757,Male,0,Yes,No,21,Yes,Yes,DSL,Yes,Yes,Yes,Yes,No,No,Month-to-month,Yes,Mailed check,87.85,1828.25,No
TC-01758,Male,0,Yes,No,35,Yes,No,Fiber optic,Yes,No,Yes,Yes,Yes,Yes,Two year,No,Mailed check,34.15,1151.32,No
TC-01759,Male,0,Yes,Yes,28,Yes,No,DSL,Yes,Yes,No,No,Yes,No,Month-to-month,No,Credit card (automatic),93.23,2752.83,Yes
TC-01760,Male,0,No,No,54,Yes,Yes,Fiber optic,No,Yes,Yes,No,Yes,No,Month-to-month,Yes,Credit card (automatic),113.34,6080.17,No
TC-01761,Female,0,No,No,41,No,No phone service,Fiber optic,Yes,Yes,Yes,Yes,Yes,No,Month-to-month,Yes,Credit card (automatic),55.34,2320.87,Yes
TC-01762,Male,0,No,No,31,Yes,No,Fiber optic,No,No,Yes,Yes,Yes,No,Month-to-month,Yes,Electronic check,18.02,530.36,Yes
TC-01763,Male,0,Yes,Yes,13,Yes,Yes,No,No internet service,No internet service,No internet service,No internet service,No internet service,No internet service,Month-to-month,Yes,Electronic check,65.68,866.0,No
TC-01764,Male,0,Yes,No,17,No,No phone service,Fiber optic,No,No,Yes,Yes,No,No,Month-to-month,Yes,Electronic check,108.24,1840.46,Yes
TC-01765,Male,0,Yes,Yes,37,No,No phone service,Fiber optic,No,No,No,No,Yes,Yes,Two year,Yes,Mailed check,84.5,3118.23,Yes
TC-01766,Female,0,Yes,No,33,Yes,No,No,No internet service,No internet service,No internet service,No internet service,No internet service,No internet service,Month-to-month,Yes,Credit card (automatic),88.33,2905.05,Yes
TC-01767,Female,0,No,Yes,44,Yes,Yes,Fiber optic,No,No,No,No,Yes,No,Month-to-month,Yes,Credit card (automatic),97.25,4291.37,No
TC-01768,Male,0,Yes,No,31,Yes,No,Fiber optic,Yes,No,No,Yes,No,No,Month-to-month,Yes,Mailed check,108.82,3442.24,Yes
TC-01769,Male,1,Yes,Yes,66,Yes,No,No,No internet service,No internet service,No internet service,No internet service,No internet service,No internet service,One year,Yes,Electronic check,30.48,1955.12,No
TC-01770,Male,0,Yes,Yes,62,Yes,Yes,No,No internet service,No internet service,No internet service,No internet service,No internet service,No internet service,Month-to-month,Yes,Bank transfer (automatic),77.02,4686.83,No
TC-01771,Male,0,No,No,54,Yes,Yes,No,No internet service,No internet service,No internet service,No internet service,No internet service,No internet service,Month-to-month,Yes,Bank transfer (automatic),106.97,5734.86,Yes
TC-01772,Male,0,Yes,No,42,Yes,Yes,Fiber optic,Yes,No,Yes,No,No,Yes,Month-to-month,Yes,Electronic check,95.59,4021.17,No
TC-01773,Male,0,No,Yes,21,Yes,Yes,Fiber optic,No,Yes,No,Yes,No,Yes,One year,No,Credit card (automatic),42.89,885.9,No
TC-01774,Female,0,No,No,67,Yes,Yes,No,No internet service,No internet service,No internet service,No internet service,No internet service,No internet service,One year,Yes,Bank transfer (automatic),105.46,7142.92,No
TC-01775,Male,0,Yes,Yes,28,Yes,No,DSL,Yes,Yes,Yes,No,Yes,Yes,One year,Yes,Mailed check,47.41,1398.47,No
TC-01776,Female,0,Yes,No,39,Yes,No,No,No internet service,No internet service,No internet service,No internet service,No internet service,No internet service,Month-to-month,No,Credit card (automatic),59.09,2281.78,Yes
TC-01777,Female,1,Yes,No,44,Yes,No,No,No internet service,No internet service,No internet service,No internet service,No internet service,No internet service,Month-to-month,Yes,Electronic check,36.56,1685.89,No
TC-01778,Male,0,Yes,Yes,9,Yes,No,No,No internet service,No internet service,No internet service,No internet service,No internet service,No internet service,Month-to-month,No,Mailed check,106.52,979.71,Yes
TC-01779,Female,0,No,No,44,Yes,No,DSL,Yes,Yes,Yes,Yes,No,No,Month-to-month,Yes,Bank transfer (automatic),27.3,1164.76,No
TC-01780,Female,0,No,Yes,16,Yes,Yes,No,No internet service,No internet service,No internet service,No internet service,No internet service,No internet service,Month-to-month,No,Electronic check,117.41,1872.57,No
TC-01781,Female,0,No,No,1,Yes,Yes,Fiber optic,Yes,No,Yes,Yes,Yes,No,One year,Yes,Credit card (automatic),50.87,41.21,No
TC-01782,Female,0,No,No,16,Yes,Yes,Fiber optic,Yes,No,No,No,Yes,No,Two year,Yes,Bank transfer (automatic),89.08,1388.48,Yes
TC-01783,Female,0,No,No,37,Yes,Yes,No,No internet service,No internet service,No internet service,No internet service,No internet service,No internet service,Month-to-month,Yes,Mailed check,30.87,1110.49,No
TC-01784,Female,0,No,No,36,Yes,No,Fiber optic,Yes,Yes,No,Yes,Yes,Yes,Month-to-month,No,Electronic check,66.79,2427.01,No
TC-01785,Male,1,No,No,62,Yes,Yes,DSL,No,No,Yes,No,No,Yes,Month-to-month,No,Credit card (automatic),22.01,1344.63,No
TC-01786,Female,0,No,Yes,4,Yes,No,Fiber optic,No,No,Yes,No,No,Yes,Month-to-month,No,Mailed check,105.84,409.22,No
TC-01787,Female,0,No,No,24,Yes,No,DSL,Yes,Yes,Yes,No,No,Yes,Month-to-month,Yes,Mailed check,62.64,1493.0,No
TC-01788,Female,1,No,No,21,Yes,Yes,Fiber optic,Yes,Yes,No,Yes,No,No,Month-to-month,No,Mailed check,92.28,1929.47,Yes
TC-01789,Male,0,Yes,No,62,Yes,No,Fiber optic,No,No,Yes,Yes,Yes,No,Month-to-month,Yes,Mailed check,107.45,6707.93,No
TC-01790,Female,0,Yes,No,34,Yes,Yes,Fiber optic,Yes,No,Yes,Yes,No,Yes,One year,Yes,Electronic check,24.86,803.92,No
TC-01791,Male,1,Yes,Yes,54,Yes,Yes,DSL,Yes,Yes,No,No,No,Yes,One year,Yes,Bank transfer (automatic),69.14,3745.08,No
TC-01792,Female,0,No,Yes,19,Yes,Yes,DSL,Yes,Yes,Yes,No,Yes,No,Month-to-month,No,Credit card (automatic),36.95,626.4,No
TC-01793,Male,1,Yes,Yes,4,Yes,Yes,Fiber optic,No,Yes,Yes,No,Yes,Yes,Month-to-month,Yes,Credit card (automatic),24.9,73.51,No
TC-01794,Male,0,No,Yes,38,Yes,Yes,Fiber optic,No,No,No,Yes,Yes,No,Month-to-month,Yes,Bank transfer (automatic),80.2,2982.23,No
TC-01795,Female,0,No,Yes,62,Yes,No,Fiber optic,No,Yes,Yes,No,No,Yes,Two year,Yes,Mailed check,29.41,1904.32,No
TC-01796,Female,1,Yes,No,31,Yes,No,Fiber optic,No,No,Yes,No,Yes,No,One year,Yes,Mailed check,67.19,2089.58,No
TC-01797,Male,0,No,No,62,Yes,No,Fiber optic,No,Yes,Yes,No,No,No,Month-to-month,Yes,Mailed check,37.69,2315.49,No
TC-01798,Female,0,Yes,Yes,39,Yes,Yes,No,No internet service,No internet service,No internet service,No internet service,No internet service,No internet service,One year,Yes,Credit card (automatic),37.77,1386.19,No
TC-01799,Male,0,No,No,16,Yes,No,DSL,Yes,No,Yes,No,Yes,Yes,Month-to-month,Yes,Bank transfer (automatic),70.3,1057.83,No
TC-01800,Male,1,No,Yes,31,Yes,No,DSL,No,No,No,Yes,No,No,Month-to-month,No,Electronic check,73.54,2322.32,Yes
TC-01801,Male,0,Yes,No,22,Yes,No,DSL,No,No,Yes,No,No,Yes,One year,No,Bank transfer (automatic),18.35,421.43,No
TC-01802,Male,0,Yes,No,59,Yes,Yes,DSL,Yes,Yes,Yes,No,No,Yes,Month-to-month,Yes,Bank transfer (automatic),68.08,3944.67,No
TC-01803,Male,0,Yes,No,55,No,No phone service,No,No internet service,No internet service,No internet service,No internet service,No internet service,No internet service,Month-to-month,No,Mailed check,84.98,4602.08,No
TC-01804,Female,0,Yes,No,8,Yes,No,No,No internet service,No internet service,No internet service,No internet service,No internet service,No internet service,Month-to-month,No,Mailed check,85.85,779.2,No
TC-01805,Male,0,Yes,Yes,68,Yes,No,No,No internet service,No internet service,No internet service,No internet service,No internet service,No internet service,Two year,Yes,Credit card (automatic),102.99,7071.08,No
TC-01806,Male,0,Yes,No,61,Yes,No,Fiber optic,No,No,Yes,Yes,No,No,One year,Yes,Electronic check,107.53,6574.1,No
TC-01807,Female,0,No,No,63,Yes,No,Fiber optic,No,Yes,No,No,No,Yes,Month-to-month,No,Mailed check,80.29,5064.07,Yes
TC-01808,Male,0,No,No,21,Yes,Yes,Fiber optic,No,Yes,No,Yes,No,No,One year,Yes,Credit card (automatic),66.18,1381.38,No
TC-01809,Female,0,No,Yes,31,Yes,No,Fiber optic,No,No,No,No,Yes,No,Month-to-month,Yes,Credit card (automatic),38.41,1127.84,No
TC-01810,Female,0,No,No,46,Yes,No,No,No internet service,No internet service,No internet service,No internet service,No internet service,No internet service,Two year,No,Credit card (automatic),30.68,1454.3,No
TC-01811,Female,0,Yes,No,1,Yes,No,DSL,No,No,Yes,No,Yes,No,Month-to-month,No,Credit card (automatic),78.91,69.14,No
TC-01812,Male,1,No,No,51,Yes,Yes,DSL,No,Yes,Yes,No,Yes,No,One year,Yes,Credit card (automatic),112.66,5782.18,No
TC-01813,Male,0,No,Yes,13,Yes,Yes,No,No internet service,No internet service,No internet service,No internet service,No internet service,No internet service,Month-to-month,No,Mailed check,45.82,575.45,No
TC-01814,Male,0,Yes,Yes,36,Yes,No,No,No internet service,No internet service,No internet service,No internet service,No internet service,No internet service,Month-to-month,Yes,Mailed check,27.95,1024.35,Yes
TC-01815,Female,0,No,No,26,Yes,Yes,No,No internet service,No internet service,No internet service,No internet service,No internet service,No internet service,Month-to-month,Yes,Bank transfer (automatic),60.39,1546.13,No
TC-01816,Male,0,Yes,Yes,23,Yes,Yes,Fiber optic,No,No,No,Yes,Yes,No,Month-to-month,Yes,Electronic check,18.05,418.63,No
TC-01817,Female,0,Yes,Yes,63,Yes,Yes,No,No internet service,No internet service,No internet service,No internet service,No internet service,No internet service,Two year,Yes,Credit card (automatic),73.36,4661.55,No
TC-01818,Male,0,Yes,Yes,69,Yes,No,DSL,Yes,Yes,Yes,Yes,No,No,Month-to-month,No,Electronic check,22.95,1556.79,No
TC-01819,Female,0,No,Yes,25,Yes,Yes,DSL,Yes,No,No,No,Yes,Yes,Month-to-month,No,Credit card (automatic),111.1,2878.48,Yes
TC-01820,Male,1,Yes,Yes,53,Yes,No,Fiber optic,Yes,Yes,No,No,Yes,No,Month-to-month,Yes,Bank transfer (automatic),104.99,5535.57,No
TC-01821,Male,0,No,No,14,Yes,Yes,No,No internet service,No internet service,No internet service,No internet service,No internet service,No internet service,Two year,No,Credit card (automatic),29.49,419.68,No
TC-01822,Male,0,No,Yes,28,Yes,Yes,DSL,Yes,No,No,Yes,Yes,Yes,Month-to-month,Yes,Credit card (automatic),32.69,984.42,No
TC-01823,Female,0,No,Yes,27,Yes,No,Fiber optic,Yes,Yes,No,Yes,Yes,No,Two year,Yes,Bank transfer (automatic),113.34,3132.69,Yes
TC-01824,Female,1,Yes,Yes,58,Yes,No,Fiber optic,Yes,Yes,Yes,No,Yes,Yes,Month-to-month,No,Mailed check,99.36,5786.25,Yes
TC-01825,Male,0,Yes,No,20,Yes,Yes,Fiber optic,No,No,Yes,Yes,Yes,No,Month-to-month,Yes,Electronic check,112.2,2257.44,No
TC-01826,Male,0,Yes,No,9,Yes,Yes,DSL,No,Yes,No,Yes,Yes,Yes,Month-to-month,Yes,Bank transfer (automatic),51.45,466.5,No
TC-01827,Female,0,No,No,3,Yes,No,DSL,No,No,Yes,No,No,No,One year,Yes,Bank transfer (automatic),29.1,155.12,No
TC-01828,Female,0,No,Yes,61,Yes,Yes,No,No internet service,No internet service,No internet service,No internet service,No internet service,No internet service,One year,Yes,Mailed check,79.54,4899.8,No
TC-01829,Female,0,Yes,No,3,Yes,No,Fiber optic,No,No,Yes,Yes,Yes,Yes,Month-to-month,Yes,Credit card (automatic),114.67,398.49,Yes
TC-01830,Male,0,No,No,5,Yes,No,Fiber optic,No,Yes,No,Yes,Yes,No,One year,No,Mailed check,31.0,236.72,No
TC-01831,Female,1,Yes,Yes,71,Yes,No,Fiber optic,Yes,No,No,Yes,No,No,Two year,Yes,Credit card (automatic),99.89,7115.09,No
TC-01832,Male,1,Yes,No,15,Yes,Yes,DSL,No,Yes,No,Yes,No,Yes,One year,No,Electronic check,53.96,789.05,No
TC-01833,Female,0,No,No,37,No,No phone service,DSL,Yes,No,Yes,No,Yes,No,One year,No,Electronic check,29.55,1110.91,No
TC-01834,Male,1,No,No,48,Yes,No,DSL,No,No,No,No,No,No,Month-to-month,Yes,Electronic check,63.9,3070.01,No
TC-01835,Female,0,Yes,No,60,Yes,Yes,DSL,No,Yes,Yes,No,No,No,Month-to-month,Yes,Mailed check,66.87,4002.75,No
TC-01836,Female,0,No,No,64,Yes,No,DSL,No,No,No,Yes,No,No,Month-to-month,Yes,Electronic check,18.91,1190.02,No
TC-01837,Female,0,Yes,Yes,49,Yes,Yes,Fiber optic,No,Yes,No,Yes,Yes,No,Month-to-month,No,Mailed check,65.45,3234.43,Yes
TC-01838,Female,0,Yes,No,16,Yes,Yes,No,No internet service,No internet service,No internet service,No internet service,No internet service,No internet service,Two year,Yes,Electronic check,82.75,1355.88,No
TC-01839,Female,1,No,Yes,27,Yes,Yes,No,No internet service,No internet service,No internet service,No internet service,No internet service,No internet service,Two year,Yes,Mailed check,94.47,2515.89,No
TC-01840,Male,0,Yes,No,43,Yes,Yes,No,No internet service,No internet service,No internet service,No internet service,No internet service,No internet service,Two year,Yes,Electronic check,27.86,1213.78,No
TC-01841,Female,0,No,Yes,11,Yes,No,Fiber optic,No,Yes,No,No,Yes,Yes,Two year,No,Bank transfer (automatic),105.65,1243.31,Yes
TC-01842,Female,0,Yes,No,69,Yes,Yes,DSL,Yes,Yes,Yes,Yes,No,Yes,Two year,No,Mailed check,34.77,2361.8,No
TC-01843,Female,0,No,No,70,Yes,No,Fiber optic,No,Yes,Yes,Yes,Yes,No,Month-to-month,No,Bank transfer (automatic),83.83,5936.55,No
TC-01844,Male,0,No,No,71,Yes,Yes,DSL,No,Yes,No,No,Yes,No,Month-to-month,No,Electronic check,73.26,5157.73,No
TC-01845,Female,0,Yes,Yes,2,Yes,No,Fiber optic,No,No,No,No,No,No,Two year,Yes,Mailed check,106.0,230.07,No
TC-01846,Male,0,No,No,48,Yes,Yes,DSL,Yes,Yes,No,No,Yes,No,Month-to-month,No,Electronic check,21.86,960.23,No
TC-01847,Female,1,No,No,20,Yes,No,DSL,Yes,Yes,No,Yes,No,Yes,Month-to-month,No,Mailed check,37.16,775.19,Yes
TC-01848,Female,0,Yes,Yes,7,Yes,Yes,DSL,Yes,No,Yes,No,Yes,Yes,Month-to-month,Yes,Credit card (automatic),30.2,200.36,Yes
TC-01849,Male,0,No,No,63,Yes,No,No,No internet service,No internet service,No internet service,No internet service,No internet service,No internet service,Month-to-month,No,Bank transfer (automatic),50.76,3110.64,No
TC-01850,Female,1,Yes,Yes,58,Yes,Yes,No,No internet service,No internet service,No internet service,No internet service,No internet service,No internet service,Month-to-month,No,Credit card (automatic),51.88,2985.48,Yes
TC-01851,Male,0,No,No,29,No,No phone service,DSL,Yes,No,Yes,Yes,No,Yes,Two year,Yes,Electronic check,26.86,867.25,No
TC-01852,Male,0,Yes,Yes,31,Yes,Yes,Fiber optic,No,No,Yes,Yes,Yes,No,Two year,No,Mailed check,69.43,2180.83,No
TC-01853,Female,0,Yes,Yes,19,Yes,No,DSL,No,No,No,Yes,No,No,One year,Yes,Bank transfer (automatic),29.62,568.43,No
TC-01854,Male,0,Yes,No,15,Yes,No,DSL,No,Yes,No,No,Yes,No,Month-to-month,No,Bank transfer (automatic),25.44,408.12,Yes
TC-01855,Female,0,Yes,No,24,Yes,Yes,DSL,No,Yes,Yes,Yes,Yes,No,Month-to-month,No,Bank transfer (automatic),21.32,562.17,No
TC-01856,Female,0,No,Yes,59,Yes,No,Fiber optic,Yes,No,No,No,Yes,Yes,Month-to-month,No,Electronic check,110.91,6619.87,No
TC-01857,Male,0,Yes,No,44,Yes,Yes,Fiber optic,Yes,No,Yes,Yes,No,No,One year,Yes,Electronic check,57.67,2522.93,No
TC-01858,Male,0,No,Yes,8,Yes,Yes,Fiber optic,No,No,Yes,No,No,Yes,One year,Yes,Bank transfer (automatic),46.37,400.6,No
TC-01859,Male,0,Yes,Yes,50,Yes,Yes,No,No internet service,No internet service,No internet service,No internet service,No internet service,No internet service,Month-to-month,Yes,Mailed check,66.23,3335.25,No
TC-01860,Male,0,No,No,60,Yes,No,Fiber optic,Yes,No,Yes,No,Yes,No,Two year,Yes,Electronic check,33.77,2031.53,No
TC-01861,Female,0,Yes,Yes,39,Yes,No,No,No internet service,No internet service,No internet service,No internet service,No internet service,No internet service,Month-to-month,Yes,Electronic check,58.62,2276.86,No
TC-01862,Female,0,No,No,60,Yes,Yes,Fiber optic,Yes,No,No,Yes,Yes,No,Month-to-month,No,Electronic check,37.05,2303.2,Yes
TC-01863,Male,0,No,No,66,Yes,No,No,No internet service,No internet service,No internet service,No internet service,No internet service,No internet service,Month-to-month,Yes,Credit card (automatic),48.44,3210.19,No
TC-01864,Female,0,Yes,No,14,Yes,No,Fiber optic,Yes,No,Yes,No,No,Yes,Two year,No,Bank transfer (automatic),110.42,1485.01,Yes
TC-01865,Female,0,Yes,No,52,No,No phone service,Fiber optic,Yes,No,Yes,Yes,Yes,Yes,Month-to-month,Yes,Mailed check,32.87,1563.99,No
TC-01866,Female,1,Yes,Yes,3,Yes,Yes,Fiber optic,No,No,No,Yes,No,Yes,Month-to-month,Yes,Electronic check,65.38,243.85,Yes
TC-01867,Female,0,No,No,22,Yes,No,DSL,No,No,Yes,Yes,No,No,One year,Yes,Mailed check,84.09,1828.46,No
TC-01868,Male,0,No,No,26,Yes,Yes,DSL,No,Yes,Yes,Yes,No,Yes,Month-to-month,No,Electronic check,109.8,2847.19,Yes
TC-01869,Male,0,No,Yes,36,Yes,Yes,DSL,No,No,No,No,Yes,No,Two year,No,Electronic check,110.3,3991.19,No
TC-01870,Female,1,No,No,42,Yes,No,Fiber optic,Yes,No,No,Yes,No,Yes,Month-to-month,Yes,Mailed check,42.73,1917.7,Yes
TC-01871,Male,0,Yes,No,36,Yes,No,DSL,Yes,No,No,No,Yes,Yes,Month-to-month,Yes,Mailed check,112.32,4111.21,Yes
TC-01872,Male,0,Yes,No,28,Yes,No,Fiber optic,No,Yes,No,No,No,Yes,One year,Yes,Mailed check,51.14,1420.58,Yes
TC-01873,Male,1,Yes,No,28,No,No phone service,No,No internet service,No internet service,No internet service,No internet service,No internet service,No internet service,Month-to-month,No,Bank transfer (automatic),107.49,3046.26,No
TC-01874,Female,0,Yes,Yes,48,Yes,Yes,No,No internet service,No internet service,No internet service,No internet service,No internet service,No internet service,Month-to-month,No,Mailed check,27.32,1281.24,No
TC-01875,Female,0,No,No,50,Yes,No,Fiber optic,No,No,Yes,Yes,No,Yes,Two year,No,Mailed check,37.84,1930.69,No
TC-01876,Female,0,No,No,49,Yes,No,DSL,No,Yes,No,Yes,No,No,Month-to-month,Yes,Mailed check,25.9,1227.97,No
TC-01877,Male,0,Yes,No,27,Yes,Yes,DSL,Yes,Yes,No,Yes,No,Yes,Two year,No,Mailed check,47.9,1302.43,No
TC-01878,Female,0,No,Yes,4,Yes,No,DSL,No,Yes,Yes,Yes,Yes,No,One year,Yes,Mailed check,105.39,432.36,Yes
TC-01879,Female,0,Yes,No,55,Yes,No,Fiber optic,No,Yes,No,Yes,Yes,Yes,Month-to-month,Yes,Mailed check,33.93,1813.57,Yes
TC-01880,Male,0,No,No,63,Yes,Yes,No,No internet service,No internet service,No internet service,No internet service,No internet service,No internet service,Month-to-month,Yes,Mailed check,40.48,2520.81,No
TC-01881,Female,0,No,No,16,Yes,Yes,DSL,No,Yes,Yes,No,No,No,Month-to-month,Yes,Electronic check,39.62,525.2,No
TC-01882,Female,0,No,No,54,Yes,No,Fiber optic,Yes,No,Yes,Yes,No,Yes,Month-to-month,Yes,Mailed check,45.47,2436.42,No
TC-01883,Male,0,No,No,8,Yes,No,Fiber optic,No,Yes,Yes,No,Yes,No,Month-to-month,Yes,Mailed check,19.87,214.74,No
TC-01884,Male,0,No,No,67,Yes,Yes,DSL,Yes,No,No,No,No,Yes,One year,Yes,Credit card (automatic),60.38,4145.41,No
TC-01885,Male,0,No,No,15,Yes,Yes,No,No internet service,No internet service,No internet service,No internet service,No internet service,No internet service,Month-to-month,No,Mailed check,115.63,1809.03,No
TC-01886,Female,0,Yes,Yes,15,Yes,Yes,Fiber optic,No,No,No,Yes,Yes,No,Month-to-month,Yes,Credit card (automatic),62.81,922.86,Yes
TC-01887,Female,1,No,No,12,Yes,Yes,No,No internet service,No internet service,No internet service,No internet service,No internet service,No internet service,Month-to-month,Yes,Mailed check,99.33,1191.62,Yes
TC-01888,Female,0,Yes,No,62,Yes,No,Fiber optic,Yes,Yes,No,No,No,Yes,Month-to-month,No,Mailed check,75.14,4655.12,Yes
TC-01889,Male,0,Yes,No,40,Yes,Yes,DSL,No,No,Yes,No,Yes,No,Month-to-month,Yes,Electronic check,19.49,769.12,No
TC-01890,Male,0,Yes,No,52,Yes,Yes,DSL,Yes,No,No,Yes,No,Yes,Two year,No,Credit card (automatic),76.55,4029.32,No
TC-01891,Female,0,Yes,No,67,Yes,No,DSL,Yes,No,No,No,No,No,Month-to-month,No,Bank transfer (automatic),112.65,7519.98,No
TC-01892,Female,0,Yes,No,8,No,No phone service,Fiber optic,No,Yes,No,No,No,No,Month-to-month,Yes,Mailed check,73.35,659.42,Yes
TC-01893,Male,0,Yes,Yes,50,No,No phone service,No,No internet service,No internet service,No internet service,No internet service,No internet service,No internet service,One year,No,Electronic check,70.79,3546.44,No
TC-01894,Male,0,No,Yes,47,Yes,Yes,Fiber optic,Yes,No,Yes,No,No,No,Month-to-month,Yes,Bank transfer (automatic),85.02,3937.64,Yes
TC-01895,Male,0,No,No,48,Yes,No,Fiber optic,No,No,Yes,Yes,No,Yes,Two year,Yes,Credit card (automatic),105.09,5039.46,No
TC-01896,Male,0,No,No,17,Yes,Yes,Fiber optic,No,Yes,Yes,No,No,Yes,Month-to-month,Yes,Mailed check,74.48,1290.11,No
TC-01897,Female,0,Yes,No,9,Yes,Yes,Fiber optic,No,Yes,Yes,Yes,No,Yes,Two year,Yes,Electronic check,58.64,576.61,No
TC-01898,Male,1,Yes,No,53,Yes,No,DSL,Yes,Yes,Yes,No,No,Yes,Month-to-month,Yes,Bank transfer (automatic),21.71,1188.34,No
TC-01899,Female,0,Yes,No,14,No,No phone service,DSL,Yes,Yes,Yes,No,No,Yes,Month-to-month,Yes,Bank transfer (automatic),29.11,391.73,No
TC-01900,Female,0,No,No,10,Yes,No,DSL,No,Yes,Yes,No,No,No,Two year,Yes,Bank transfer (automatic),82.87,802.78,Yes
TC-01901,Female,0,No,No,39,Yes,No,Fiber optic,Yes,No,No,No,Yes,Yes,Month-to-month,No,Bank transfer (automatic),79.89,3202.23,Yes
TC-01902,Male,0,No,No,46,Yes,Yes,Fiber optic,No,No,No,Yes,No,Yes,Month-to-month,No,Bank transfer (automatic),41.9,1928.73,No
TC-01903,Male,0,Yes,No,19,Yes,Yes,DSL,Yes,No,No,Yes,Yes,No,Month-to-month,Yes,Electronic check,89.89,1651.23,No
TC-01904,Male,0,Yes,No,21,Yes,Yes,No,No internet service,No internet service,No internet service,No internet service,No internet service,No internet service,One year,No,Mailed check,45.97,936.1,No
TC-01905,Male,0,Yes,No,47,Yes,No,DSL,Yes,No,No,Yes,No,No,Month-to-month,Yes,Credit card (automatic),48.5,2181.4,No
TC-01906,Female,0,No,No,15,Yes,No,DSL,Yes,Yes,No,Yes,No,Yes,One year,Yes,Bank transfer (automatic),24.14,280.66,No
TC-01907,Male,0,Yes,No,4,Yes,No,Fiber optic,Yes,Yes,Yes,Yes,Yes,No,Month-to-month,No,Electronic check,73.03,265.63,No
TC-01908,Male,0,Yes,No,64,Yes,Yes,Fiber optic,No,No,No,Yes,No,No,Month-to-month,No,Mailed check,46.77,2953.49,No
TC-01909,Female,1,Yes,No,20,Yes,No,No,No internet service,No internet service,No internet service,No internet service,No internet service,No internet service,Month-to-month,No,Electronic check,99.89,1963.47,No
TC-01910,Male,0,Yes,Yes,60,Yes,No,Fiber optic,No,No,Yes,Yes,No,Yes,Month-to-month,No,Credit card (automatic),98.15,5927.51,Yes
TC-01911,Female,0,No,No,54,Yes,No,DSL,No,Yes,Yes,No,Yes,No,Month-to-month,Yes,Electronic check,30.84,1709.07,No
TC-01912,Female,0,No,No,23,No,No phone service,No,No internet service,No internet service,No internet service,No internet service,No internet service,No internet service,Two year,No,Bank transfer (automatic),34.0,723.77,No
TC-01913,Female,0,Yes,No,22,No,No phone service,No,No internet service,No internet service,No internet service,No internet service,No internet service,No internet service,Month-to-month,No,Mailed check,50.1,1196.78,Yes
TC-01914,Female,1,Yes,No,10,Yes,Yes,No,No internet service,No internet service,No internet service,No internet service,No internet service,No internet service,One year,No,Electronic check,76.09,765.93,No
TC-01915,Female,0,No,Yes,46,Yes,No,No,No internet service,No internet service,No internet service,No internet service,No internet service,No internet service,Month-to-month,Yes,Mailed check,52.25,2403.89,No
TC-01916,Female,0,No,Yes,1,Yes,No,DSL,No,Yes,No,Yes,No,No,Month-to-month,No,Bank transfer (automatic),53.03,13.43,Yes
TC-01917,Female,0,Yes,No,69,No,No phone service,No,No internet service,No internet service,No internet service,No internet service,No internet service,No internet service,Month-to-month,No,Credit card (automatic),32.01,2193.67,No
TC-01918,Female,0,No,Yes,52,Yes,Yes,No,No internet service,No internet service,No internet service,No internet service,No internet service,No internet service,Month-to-month,Yes,Credit card (automatic),51.56,2782.55,No
TC-01919,Male,0,No,No,10,Yes,No,Fiber optic,No,No,No,No,Yes,Yes,Two year,No,Mailed check,65.04,596.34,No
TC-01920,Male,0,Yes,Yes,14,Yes,No,Fiber optic,No,Yes,No,Yes,Yes,No,Month-to-month,No,Bank transfer (automatic),116.47,1643.95,Yes
TC-01921,Male,1,No,No,11,Yes,No,Fiber optic,Yes,No,Yes,Yes,Yes,No,Month-to-month,Yes,Credit card (automatic),101.8,1092.68,No
TC-01922,Male,0,No,Yes,35,Yes,Yes,DSL,No,Yes,No,No,No,No,One year,Yes,Electronic check,97.3,3315.02,No
TC-01923,Female,0,No,No,22,Yes,Yes,Fiber optic,No,Yes,No,Yes,No,Yes,Month-to-month,No,Mailed check,73.98,1550.77,No
TC-01924,Male,0,No,No,26,Yes,Yes,No,No internet service,No internet service,No internet service,No internet service,No internet service,No internet service,Two year,Yes,Mailed check,54.01,1434.79,No
TC-01925,Female,0,Yes,Yes,13,Yes,Yes,Fiber optic,No,Yes,Yes,No,No,No,Month-to-month,No,Bank transfer (automatic),103.69,1261.84,No
TC-01926,Male,0,No,No,53,Yes,No,Fiber optic,Yes,No,No,Yes,Yes,Yes,Month-to-month,No,Bank transfer (automatic),52.74,2733.47,No
TC-01927,Male,0,No,No,26,Yes,No,Fiber optic,No,No,Yes,Yes,No,No,Month-to-month,Yes,Credit card (automatic),77.28,2050.37,No
TC-01928,Male,1,Yes,No,20,Yes,No,DSL,No,No,Yes,Yes,No,No,One year,Yes,Mailed check,43.72,909.46,No
TC-01929,Female,0,No,Yes,48,Yes,Yes,Fiber optic,No,Yes,Yes,No,Yes,No,Month-to-month,Yes,Electronic check,95.64,4593.65,Yes
TC-01930,Male,0,Yes,No,61,Yes,Yes,Fiber optic,No,Yes,No,Yes,Yes,Yes,Month-to-month,Yes,Electronic check,69.45,4177.55,Yes
TC-01931,Female,0,Yes,No,71,No,No phone service,DSL,Yes,No,No,Yes,No,No,Month-to-month,No,Electronic check,107.52,7574.83,No
TC-01932,Female,0,No,No,43,Yes,Yes,No,No internet service,No internet service,No internet service,No internet service,No internet service,No internet service,Month-to-month,No,Electronic check,74.89,3154.07,No
TC-01933,Male,0,No,No,43,Yes,Yes,No,No internet service,No internet service,No internet service,No internet service,No internet service,No internet service,Month-to-month,Yes,Bank transfer (automatic),34.43,1473.81,Yes
TC-01934,Male,0,No,No,60,Yes,No,DSL,No,No,Yes,No,No,Yes,One year,Yes,Credit card (automatic),117.29,7069.46,No
TC-01935,Male,0,No,No,41,Yes,Yes,Fiber optic,Yes,No,Yes,No,Yes,No,One year,Yes,Bank transfer (automatic),68.2,2774.99,No
TC-01936,Female,0,No,No,22,Yes,Yes,Fiber optic,Yes,No,No,Yes,No,Yes,Month-to-month,Yes,Electronic check,43.07,991.78,No
TC-01937,Male,1,Yes,Yes,0,Yes,No,Fiber optic,Yes,No,Yes,Yes,Yes,No,Month-to-month,Yes,Electronic check,50.93,50.93,Yes
TC-01938,Female,1,No,No,35,Yes,No,Fiber optic,No,Yes,No,No,No,Yes,Two year,No,Credit card (automatic),30.12,1073.75,No
TC-01939,Female,0,Yes,No,54,Yes,No,Fiber optic,No,No,Yes,Yes,Yes,No,One year,No,Mailed check,25.39,1308.39,No
TC-01940,Male,0,No,No,15,Yes,Yes,DSL,Yes,Yes,Yes,No,Yes,Yes,Month-to-month,Yes,Bank transfer (automatic),63.06,950.2,No
TC-01941,Male,0,Yes,No,17,No,No phone service,DSL,Yes,Yes,No,Yes,Yes,Yes,One year,Yes,Credit card (automatic),113.19,1991.91,No
TC-01942,Female,0,No,No,37,Yes,No,DSL,Yes,Yes,Yes,Yes,Yes,Yes,Month-to-month,Yes,Electronic check,30.3,1089.55,No
TC-01943,Female,0,No,Yes,66,No,No phone service,Fiber optic,Yes,Yes,Yes,No,Yes,Yes,Two year,Yes,Electronic check,108.27,7112.93,No
TC-01944,Female,0,No,No,19,Yes,Yes,DSL,Yes,No,No,Yes,Yes,No,Month-to-month,Yes,Mailed check,97.67,1912.72,No
TC-01945,Male,0,No,No,18,No,No phone service,Fiber optic,No,No,No,Yes,No,Yes,Month-to-month,No,Credit card (automatic),98.64,1703.72,Yes
TC-01946,Female,0,No,Yes,12,Yes,No,DSL,No,No,No,No,Yes,No,Month-to-month,Yes,Credit card (automatic),89.0,1077.92,No
TC-01947,Male,0,Yes,No,16,Yes,Yes,Fiber optic,Yes,No,Yes,Yes,No,Yes,One year,No,Electronic check,77.18,1204.0,No
TC-01948,Female,0,No,No,29,Yes,Yes,DSL,No,Yes,No,Yes,Yes,No,Two year,No,Mailed check,30.14,852.42,No
TC-01949,Female,0,No,No,42,Yes,Yes,DSL,No,Yes,No,Yes,Yes,No,Month-to-month,No,Bank transfer (automatic),75.57,3259.11,No
TC-01950,Male,0,No,No,47,Yes,No,No,No internet service,No internet service,No internet service,No internet service,No internet service,No internet service,Month-to-month,No,Electronic check,53.2,2476.36,No
TC-01951,Female,0,Yes,No,42,Yes,Yes,Fiber optic,No,No,Yes,No,No,Yes,Two year,No,Electronic check,28.53,1204.34,Yes
TC-01952,Male,0,No,No,65,Yes,No,Fiber optic,No,Yes,No,No,Yes,Yes,One year,Yes,Mailed check,98.38,6446.27,No
TC-01953,Male,1,Yes,No,52,Yes,No,Fiber optic,Yes,Yes,Yes,No,No,No,Two year,Yes,Mailed check,72.65,3713.69,No
TC-01954,Female,0,No,No,71,Yes,No,No,No internet service,No internet service,No internet service,No internet service,No internet service,No internet service,Month-to-month,No,Credit card (automatic),92.5,6609.3,No
TC-01955,Male,0,Yes,Yes,33,Yes,Yes,Fiber optic,No,Yes,Yes,No,Yes,Yes,Month-to-month,Yes,Electronic check,65.95,2153.94,Yes
TC-01956,Male,0,No,No,71,No,No phone service,DSL,No,Yes,Yes,Yes,Yes,Yes,Month-to-month,Yes,Bank transfer (automatic),73.17,5131.06,No
TC-01957,Female,1,No,Yes,70,No,No phone service,No,No internet service,No internet service,No internet service,No internet service,No internet service,No internet service,Month-to-month,No,Electronic check,89.23,6221.48,No
TC-01958,Male,0,Yes,No,12,Yes,No,DSL,No,Yes,Yes,No,Yes,No,Month-to-month,Yes,Mailed check,42.69,515.39,No
TC-01959,Male,0,No,No,55,Yes,Yes,No,No internet service,No internet service,No internet service,No internet service,No internet service,No internet service,Two year,No,Bank transfer (automatic),102.7,5660.51,No
TC-01960,Male,1,Yes,No,58,Yes,No,Fiber optic,No,Yes,Yes,Yes,Yes,Yes,Month-to-month,Yes,Electronic check,60.09,3447.77,No
TC-01961,Female,0,No,No,31,Yes,Yes,DSL,No,Yes,Yes,Yes,No,Yes,Two year,Yes,Credit card (automatic),88.85,2743.55,No
TC-01962,Male,1,No,Yes,53,Yes,No,No,No internet service,No internet service,No internet service,No internet service,No internet service,No internet service,Two year,No,Bank transfer (automatic),50.61,2612.69,No
TC-01963,Female,1,Yes,No,1,Yes,Yes,DSL,Yes,No,Yes,No,No,No,One year,Yes,Mailed check,88.25,52.86,No
TC-01964,Female,1,No,No,36,Yes,No,DSL,Yes,Yes,Yes,No,Yes,No,Two year,Yes,Credit card (automatic),22.35,736.5,No
TC-01965,Male,0,Yes,No,32,Yes,No,Fiber optic,No,Yes,Yes,No,No,Yes,One year,No,Credit card (automatic),110.93,3545.8,No
TC-01966,Male,0,Yes,No,0,Yes,No,Fiber optic,No,No,No,Yes,No,No,Month-to-month,No,Credit card (automatic),96.69,96.69,Yes
TC-01967,Male,0,No,No,27,Yes,Yes,DSL,Yes,No,No,No,No,Yes,One year,Yes,Mailed check,84.48,2384.7,No
TC-01968,Female,0,No,No,16,Yes,Yes,Fiber optic,No,Yes,No,No,Yes,Yes,Two year,No,Mailed check,50.39,825.39,No
TC-01969,Male,0,No,No,56,Yes,Yes,No,No internet service,No internet service,No internet service,No internet service,No internet service,No internet service,Two year,Yes,Electronic check,102.26,5645.25,No
TC-01970,Male,0,Yes,No,69,Yes,No,DSL,Yes,Yes,Yes,Yes,No,Yes,Two year,No,Credit card (automatic),94.77,6501.82,No
TC-01971,Male,0,Yes,No,51,Yes,No,Fiber optic,Yes,Yes,No,No,No,No,Month-to-month,Yes,Bank transfer (automatic),63.31,3263.93,No
TC-01972,Male,0,No,No,43,Yes,Yes,No,No internet service,No internet service,No internet service,No internet service,No internet service,No internet service,One year,No,Bank transfer (automatic),37.74,1635.05,No
TC-01973,Male,0,Yes,No,46,Yes,Yes,No,No internet service,No internet service,No internet service,No internet service,No internet service,No internet service,Month-to-month,Yes,Credit card (automatic),35.55,1556.75,No
TC-01974,Female,0,Yes,Yes,12,Yes,Yes,DSL,Yes,No,No,No,No,No,Month-to-month,Yes,Mailed check,66.82,762.48,Yes
TC-01975,Female,0,Yes,No,29,Yes,No,Fiber optic,No,Yes,No,Yes,No,No,Month-to-month,Yes,Electronic check,96.34,2826.02,Yes
TC-01976,Male,0,Yes,Yes,65,Yes,Yes,No,No internet service,No internet service,No internet service,No internet service,No internet service,No internet service,Month-to-month,Yes,Mailed check,89.45,5832.81,No
TC-01977,Male,0,No,Yes,52,Yes,Yes,No,No internet service,No internet service,No internet service,No internet service,No internet service,No internet service,Two year,No,Mailed check,67.36,3531.53,No
TC-01978,Male,0,No,Yes,17,Yes,No,DSL,Yes,Yes,Yes,No,No,No,Two year,Yes,Credit card (automatic),38.44,639.48,Yes
TC-01979,Male,0,No,Yes,27,Yes,Yes,DSL,Yes,No,No,No,No,No,Month-to-month,Yes,Credit card (automatic),41.92,1089.01,No
TC-01980,Female,0,Yes,No,3,Yes,Yes,DSL,Yes,Yes,Yes,Yes,Yes,Yes,One year,Yes,Electronic check,23.76,7.48,No
TC-01981,Male,0,Yes,Yes,41,Yes,Yes,Fiber optic,No,Yes,Yes,Yes,No,Yes,Month-to-month,Yes,Credit card (automatic),35.68,1510.36,No
TC-01982,Female,0,Yes,Yes,5,Yes,Yes,DSL,No,Yes,No,Yes,Yes,No,Two year,No,Mailed check,19.28,193.58,No
TC-01983,Female,0,Yes,Yes,8,Yes,Yes,No,No internet service,No internet service,No internet service,No internet service,No internet service,No internet service,One year,Yes,Bank transfer (automatic),85.45,697.45,Yes
TC-01984,Male,1,No,Yes,19,Yes,No,DSL,No,No,Yes,Yes,Yes,No,One year,No,Credit card (automatic),76.82,1506.37,No
TC-01985,Female,0,Yes,Yes,37,Yes,Yes,No,No internet service,No internet service,No internet service,No internet service,No internet service,No internet service,Two year,Yes,Electronic check,116.8,4281.65,Yes
TC-01986,Female,0,Yes,No,67,Yes,Yes,DSL,Yes,No,No,Yes,No,No,One year,Yes,Electronic check,94.28,6315.72,No
TC-01987,Female,0,No,No,49,Yes,Yes,Fiber optic,No,No,No,No,No,Yes,Month-to-month,Yes,Mailed check,42.62,2085.23,Yes
TC-01988,Female,0,No,No,59,Yes,Yes,Fiber optic,No,Yes,Yes,No,Yes,No,Month-to-month,Yes,Credit card (automatic),88.79,5257.86,No
TC-01989,Male,0,No,No,12,Yes,No,Fiber optic,Yes,Yes,No,Yes,No,Yes,Two year,No,Electronic check,19.22,234.52,No
TC-01990,Male,0,Yes,Yes,41,Yes,Yes,Fiber optic,Yes,Yes,Yes,No,Yes,Yes,One year,Yes,Mailed check,116.62,4920.27,No
TC-01991,Female,0,Yes,Yes,67,Yes,No,Fiber optic,No,Yes,No,Yes,No,Yes,One year,No,Mailed check,79.44,5362.46,No
TC-01992,Male,0,Yes,Yes,24,Yes,Yes,DSL,No,No,No,No,No,No,Month-to-month,Yes,Credit card (automatic),29.97,784.24,No
TC-01993,Male,0,Yes,No,30,Yes,Yes,DSL,No,No,No,Yes,Yes,No,Month-to-month,No,Credit card (automatic),67.85,2049.04,No
TC-01994,Male,0,Yes,Yes,11,Yes,Yes,Fiber optic,No,No,No,Yes,No,Yes,Month-to-month,No,Credit card (automatic),112.06,1126.36,No
TC-01995,Male,0,Yes,No,63,Yes,No,DSL,Yes,Yes,Yes,Yes,Yes,No,Month-to-month,Yes,Mailed check,102.97,6509.53,No
TC-01996,Male,1,No,Yes,60,Yes,Yes,DSL,Yes,Yes,Yes,Yes,Yes,No,Two year,Yes,Mailed check,47.89,2928.16,No
TC-01997,Female,0,Yes,Yes,52,Yes,Yes,DSL,Yes,Yes,Yes,No,Yes,Yes,Month-to-month,Yes,Bank transfer (automatic),57.61,3065.39,No
TC-01998,Male,0,No,No,25,Yes,Yes,Fiber optic,Yes,No,No,No,No,No,Month-to-month,Yes,Mailed check,103.36,2580.64,Yes
TC-01999,Male,0,No,No,60,Yes,Yes,Fiber optic,Yes,Yes,Yes,No,Yes,Yes,Month-to-month,No,Electronic check,108.0,6408.24,No
TC-02000,Male,0,No,No,9,Yes,Yes,DSL,Yes,No,Yes,Yes,No,No,Two year,No,Mailed check,109.46,970.68,No
TC-02001,Male,0,Yes,No,11,Yes,No,DSL,Yes,Yes,Yes,Yes,Yes,No,Month-to-month,No,Credit card (automatic),112.79,1168.2,No
TC-02002,Female,0,Yes,No,21,Yes,Yes,Fiber optic,Yes,No,Yes,No,Yes,Yes,Month-to-month,Yes,Mailed check,68.05,1493.41,Yes
TC-02003,Female,0,No,No,52,Yes,No,Fiber optic,No,Yes,Yes,Yes,Yes,No,Month-to-month,No,Credit card (automatic),104.15,5438.49,No
TC-02004,Female,0,Yes,No,20,Yes,No,Fiber optic,No,Yes,No,No,Yes,Yes,Month-to-month,Yes,Mailed check,52.7,1028.38,Yes
TC-02005,Female,0,Yes,Yes,34,Yes,No,No,No internet service,No internet service,No internet service,No internet service,No internet service,No internet service,Two year,Yes,Bank transfer (automatic),101.81,3498.65,No
TC-02006,Male,0,No,No,70,Yes,Yes,Fiber optic,No,No,Yes,Yes,Yes,No,Two year,No,Mailed check,52.75,3765.96,No
TC-02007,Female,1,Yes,No,26,Yes,No,Fiber optic,Yes,No,No,Yes,Yes,No,One year,Yes,Mailed check,78.83,2088.79,No
TC-02008,Male,0,Yes,No,59,Yes,Yes,Fiber optic,Yes,No,Yes,No,No,No,Month-to-month,No,Electronic check,64.85,3926.13,No
TC-02009,Male,0,Yes,No,46,Yes,No,Fiber optic,No,No,No,Yes,Yes,Yes,Month-to-month,Yes,Bank transfer (automatic),107.29,4891.06,Yes
TC-02010,Male,0,Yes,No,65,Yes,Yes,DSL,Yes,No,Yes,No,Yes,Yes,Month-to-month,No,Credit card (automatic),24.65,1650.9,No
TC-02011,Male,0,No,No,14,Yes,Yes,Fiber optic,No,No,Yes,Yes,Yes,No,Month-to-month,No,Electronic check,112.88,1507.36,Yes
TC-02012,Male,1,No,No,23,Yes,Yes,Fiber optic,Yes,No,Yes,No,No,No,Month-to-month,Yes,Mailed check,64.21,1571.53,Yes
TC-02013,Female,0,Yes,No,9,Yes,Yes,Fiber optic,Yes,No,No,No,No,Yes,Month-to-month,Yes,Electronic check,66.14,631.66,No
TC-02014,Female,0,Yes,No,23,Yes,Yes,DSL,No,No,Yes,No,No,No,Month-to-month,No,Credit card (automatic),100.78,2299.27,No
TC-02015,Female,0,Yes,No,56,Yes,No,Fiber optic,No,No,No,Yes,No,Yes,Month-to-month,Yes,Credit card (automatic),84.62,4680.93,Yes
TC-02016,Female,0,No,Yes,33,Yes,Yes,No,No internet service,No internet service,No internet service,No internet service,No internet service,No internet service,Month-to-month,Yes,Electronic check,113.37,3714.21,No
TC-02017,Male,0,Yes,No,40,Yes,No,Fiber optic,No,No,Yes,No,No,No,Month-to-month,No,Bank transfer (automatic),72.66,2893.43,Yes
TC-02018,Female,0,Yes,Yes,39,No,No phone service,DSL,No,No,Yes,No,Yes,Yes,One year,No,Credit card (automatic),73.87,2891.74,No
TC-02019,Male,0,No,No,10,Yes,Yes,Fiber optic,No,No,Yes,No,Yes,No,Month-to-month,Yes,Bank transfer (automatic),115.17,1150.85,No
TC-02020,Female,1,Yes,No,0,Yes,Yes,No,No internet service,No internet service,No internet service,No internet service,No internet service,No internet service,One year,No,Credit card (automatic),110.64,110.64,No
TC-02021,Male,0,No,No,29,Yes,Yes,Fiber optic,No,No,Yes,No,No,No,One year,No,Bank transfer (automatic),38.87,1185.1,No
TC-02022,Male,0,Yes,No,42,Yes,Yes,DSL,Yes,Yes,No,No,Yes,No,Month-to-month,No,Credit card (automatic),48.69,1960.02,No
TC-02023,Female,0,No,Yes,25,No,No phone service,Fiber optic,Yes,Yes,No,Yes,No,Yes,Two year,Yes,Electronic check,80.53,2041.91,No
TC-02024,Male,0,Yes,Yes,52,Yes,Yes,No,No internet service,No internet service,No internet service,No internet service,No internet service,No internet service,Month-to-month,No,Bank transfer (automatic),111.94,5830.17,No
TC-02025,Male,0,Yes,No,46,Yes,Yes,Fiber optic,No,No,No,Yes,Yes,Yes,Month-to-month,No,Electronic check,74.34,3419.29,No
TC-02026,Female,0,No,Yes,8,Yes,Yes,DSL,Yes,No,No,No,No,Yes,Month-to-month,Yes,Electronic check,91.28,761.75,No
TC-02027,Male,0,No,No,8,Yes,No,Fiber optic,No,No,Yes,No,Yes,No,Two year,Yes,Credit card (automatic),27.4,185.81,No
TC-02028,Female,0,No,No,0,Yes,No,Fiber optic,No,Yes,Yes,No,Yes,No,Month-to-month,No,Mailed check,70.26,70.26,No
TC-02029,Female,1,No,No,70,Yes,No,Fiber optic,No,No,No,No,Yes,Yes,Two year,Yes,Electronic check,32.76,2278.72,No
TC-02030,Female,0,No,No,43,Yes,Yes,Fiber optic,Yes,Yes,Yes,No,No,Yes,Month-to-month,Yes,Mailed check,44.06,1868.25,No
TC-02031,Male,0,Yes,No,58,Yes,No,Fiber optic,Yes,Yes,No,No,Yes,No,One year,Yes,Credit card (automatic),34.63,1996.69,No
TC-02032,Male,0,No,No,55,Yes,Yes,DSL,Yes,Yes,No,Yes,No,No,One year,Yes,Electronic check,34.59,1938.45,No
TC-02033,Male,1,No,Yes,50,Yes,Yes,Fiber optic,No,Yes,No,Yes,No,Yes,One year,No,Mailed check,117.17,5864.02,No
TC-02034,Female,0,No,Yes,15,Yes,Yes,Fiber optic,No,No,No,Yes,No,No,One year,Yes,Bank transfer (automatic),47.82,718.79,No
TC-02035,Male,0,No,No,37,Yes,No,Fiber optic,Yes,Yes,No,No,No,Yes,Month-to-month,Yes,Mailed check,74.55,2769.91,Yes
TC-02036,Female,0,Yes,No,10,No,No phone service,DSL,No,No,Yes,No,No,No,Month-to-month,Yes,Electronic check,20.01,183.59,No
TC-02037,Female,1,Yes,Yes,24,Yes,Yes,Fiber optic,No,Yes,Yes,No,No,No,Month-to-month,Yes,Mailed check,98.64,2412.53,No
TC-02038,Male,1,Yes,No,58,No,No phone service,DSL,No,No,No,Yes,No,No,Month-to-month,No,Credit card (automatic),86.02,5017.43,No
TC-02039,Female,0,Yes,No,28,Yes,No,Fiber optic,Yes,No,Yes,Yes,Yes,No,Month-to-month,No,Mailed check,40.88,1144.92,Yes
TC-02040,Male,0,Yes,No,39,Yes,No,DSL,No,Yes,Yes,No,Yes,No,One year,Yes,Bank transfer (automatic),21.61,786.16,No
TC-02041,Male,0,No,No,7,Yes,No,DSL,Yes,Yes,Yes,No,Yes,No,Month-to-month,No,Mailed check,45.46,383.69,No
TC-02042,Male,0,Yes,No,5,Yes,No,Fiber optic,No,Yes,Yes,No,Yes,No,Month-to-month,Yes,Bank transfer (automatic),80.86,437.53,No
TC-02043,Male,0,Yes,No,44,Yes,No,No,No internet service,No internet service,No internet service,No internet service,No internet service,No internet service,Month-to-month,No,Mailed check,19.52,887.24,No
TC-02044,Male,0,No,No,52,Yes,No,No,No internet service,No internet service,No internet service,No internet service,No internet service,No internet service,Two year,Yes,Credit card (automatic),25.54,1413.04,No
TC-02045,Female,1,No,No,20,Yes,No,Fiber optic,Yes,Yes,Yes,Yes,Yes,No,Month-to-month,No,Credit card (automatic),58.93,1213.37,No
TC-02046,Female,0,Yes,No,56,Yes,No,Fiber optic,No,Yes,No,No,Yes,Yes,One year,No,Mailed check,35.6,1991.17,No
TC-02047,Female,0,Yes,No,5,Yes,No,DSL,No,No,No,No,No,Yes,Two year,Yes,Electronic check,81.18,380.37,No
TC-02048,Male,0,No,Yes,62,Yes,Yes,DSL,Yes,No,No,No,Yes,Yes,Two year,Yes,Electronic check,35.47,2171.66,No
TC-02049,Male,0,Yes,Yes,5,Yes,Yes,Fiber optic,No,No,No,Yes,No,No,Month-to-month,Yes,Bank transfer (automatic),117.36,600.59,Yes
TC-02050,Male,0,No,No,52,Yes,Yes,No,No internet service,No internet service,No internet service,No internet service,No internet service,No internet service,Month-to-month,No,Bank transfer (automatic),61.58,3250.49,No
TC-02051,Female,0,No,No,3,Yes,Yes,No,No internet service,No internet service,No internet service,No internet service,No internet service,No internet service,One year,Yes,Electronic check,32.83,147.39,No
TC-02052,Male,0,Yes,No,8,Yes,No,No,No internet service,No internet service,No internet service,No internet service,No internet service,No internet service,One year,No,Bank transfer (automatic),25.38,134.02,No
TC-02053,Female,1,Yes,No,68,Yes,Yes,No,No internet service,No internet service,No internet service,No internet service,No internet service,No internet service,Month-to-month,No,Electronic check,60.06,4130.31,No
TC-02054,Female,0,Yes,Yes,71,Yes,Yes,DSL,Yes,Yes,No,Yes,Yes,No,Month-to-month,Yes,Mailed check,98.91,7007.79,No
TC-02055,Male,0,No,No,3,Yes,Yes,No,No internet service,No internet service,No internet service,No internet service,No internet service,No internet service,Month-to-month,Yes,Bank transfer (automatic),61.88,156.22,No
TC-02056,Male,0,No,Yes,57,Yes,No,Fiber optic,No,Yes,Yes,No,Yes,No,Two year,Yes,Mailed check,32.11,1848.57,No
TC-02057,Female,0,Yes,No,36,Yes,No,No,No internet service,No internet service,No internet service,No internet service,No internet service,No internet service,Month-to-month,No,Electronic check,66.87,2446.7,No
TC-02058,Male,0,Yes,No,70,Yes,No,Fiber optic,Yes,Yes,No,No,No,No,Two year,Yes,Bank transfer (automatic),51.74,3560.14,No
TC-02059,Female,0,Yes,No,5,Yes,Yes,Fiber optic,Yes,No,Yes,No,No,No,Month-to-month,No,Bank transfer (automatic),68.19,351.82,No
TC-02060,Male,0,No,Yes,50,Yes,Yes,DSL,Yes,No,No,Yes,No,No,Month-to-month,Yes,Bank transfer (automatic),57.11,2774.44,Yes
TC-02061,Male,0,No,No,49,Yes,Yes,DSL,Yes,Yes,Yes,Yes,No,Yes,Month-to-month,No,Bank transfer (automatic),82.79,4096.31,No
TC-02062,Female,0,No,No,13,Yes,Yes,Fiber optic,Yes,Yes,No,Yes,No,Yes,Month-to-month,Yes,Mailed check,98.36,1223.2,Yes
TC-02063,Male,0,Yes,No,10,No,No phone service,No,No internet service,No internet service,No internet service,No internet service,No internet service,No internet service,Month-to-month,Yes,Bank transfer (automatic),106.65,1076.04,No
TC-02064,Female,0,No,No,9,Yes,No,DSL,No,Yes,No,Yes,Yes,Yes,Month-to-month,Yes,Bank transfer (automatic),92.13,810.85,No
TC-02065,Male,1,No,No,60,Yes,Yes,DSL,No,No,No,No,No,Yes,Two year,No,Credit card (automatic),53.5,3181.48,No
TC-02066,Female,0,Yes,No,12,Yes,Yes,DSL,Yes,No,Yes,Yes,Yes,No,Two year,No,Bank transfer (automatic),62.85,654.18,No
TC-02067,Female,0,No,No,33,Yes,No,DSL,No,No,No,No,Yes,No,One year,Yes,Bank transfer (automatic),82.18,2641.98,No
TC-02068,Male,1,Yes,Yes,59,Yes,Yes,DSL,Yes,No,Yes,No,No,No,Two year,No,Credit card (automatic),39.98,2355.06,No
TC-02069,Female,0,No,No,50,Yes,No,DSL,No,No,Yes,Yes,No,No,Month-to-month,Yes,Electronic check,88.18,4362.49,No
TC-02070,Male,0,Yes,No,4,Yes,No,DSL,No,Yes,Yes,No,No,No,Month-to-month,No,Mailed check,82.98,315.99,Yes
TC-02071,Male,1,Yes,No,31,Yes,No,No,No internet service,No internet service,No internet service,No internet service,No internet service,No internet service,One year,No,Electronic check,83.65,2553.81,No
TC-02072,Male,0,No,Yes,11,Yes,Yes,No,No internet service,No internet service,No internet service,No internet service,No internet service,No internet service,Two year,Yes,Credit card (automatic),51.33,550.72,No
TC-02073,Female,1,Yes,Yes,51,No,No phone service,DSL,No,Yes,No,No,No,No,Two year,Yes,Credit card (automatic),78.16,3926.07,No
TC-02074,Female,1,No,Yes,12,No,No phone service,No,No internet service,No internet service,No internet service,No internet service,No internet service,No internet service,Month-to-month,No,Mailed check,37.77,429.43,No
TC-02075,Male,0,Yes,No,53,Yes,Yes,DSL,No,Yes,Yes,Yes,Yes,No,One year,Yes,Bank transfer (automatic),36.97,1946.01,No
TC-02076,Male,0,Yes,No,53,Yes,No,Fiber optic,Yes,No,No,No,No,Yes,Month-to-month,No,Bank transfer (automatic),94.85,5028.53,No
TC-02077,Female,0,Yes,No,40,Yes,Yes,Fiber optic,Yes,No,Yes,No,No,Yes,Two year,No,Electronic check,55.96,2147.15,No
TC-02078,Male,0,No,No,47,Yes,Yes,DSL,No,No,Yes,Yes,Yes,Yes,One year,No,Credit card (automatic),72.46,3408.18,No
TC-02079,Male,0,Yes,No,50,Yes,No,Fiber optic,No,Yes,No,Yes,Yes,No,Month-to-month,No,Mailed check,47.27,2307.91,Yes
TC-02080,Female,0,Yes,No,46,Yes,Yes,No,No internet service,No internet service,No internet service,No internet service,No internet service,No internet service,Month-to-month,No,Credit card (automatic),41.59,1844.84,No
TC-02081,Male,0,No,No,49,No,No phone service,DSL,No,Yes,Yes,No,Yes,No,Month-to-month,No,Bank transfer (automatic),95.99,4765.08,No
TC-02082,Female,0,Yes,No,45,Yes,Yes,DSL,Yes,No,No,Yes,No,No,Month-to-month,Yes,Credit card (automatic),97.42,4420.38,No
TC-02083,Male,0,Yes,No,37,Yes,Yes,No,No internet service,No internet service,No internet service,No internet service,No internet service,No internet service,Month-to-month,Yes,Mailed check,101.63,3787.86,Yes
TC-02084,Female,0,Yes,No,12,Yes,Yes,DSL,No,Yes,Yes,Yes,Yes,No,Month-to-month,Yes,Credit card (automatic),103.44,1230.24,Yes
TC-02085,Male,0,Yes,Yes,21,Yes,Yes,Fiber optic,No,No,No,Yes,Yes,No,Month-to-month,Yes,Mailed check,59.14,1212.9,Yes
TC-02086,Male,0,No,No,1,No,No phone service,No,No internet service,No internet service,No internet service,No internet service,No internet service,No internet service,Month-to-month,Yes,Mailed check,98.9,173.26,Yes
TC-02087,Female,1,Yes,No,12,Yes,Yes,No,No internet service,No internet service,No internet service,No internet service,No internet service,No internet service,Two year,No,Mailed check,52.59,637.82,No
TC-02088,Male,1,Yes,No,56,Yes,Yes,No,No internet service,No internet service,No internet service,No internet service,No internet service,No internet service,Two year,No,Electronic check,23.25,1257.06,No
TC-02089,Female,0,No,No,33,Yes,Yes,Fiber optic,Yes,Yes,Yes,No,No,Yes,Two year,No,Bank transfer (automatic),86.93,2818.95,No
TC-02090,Male,1,Yes,Yes,18,No,No phone service,DSL,Yes,Yes,Yes,Yes,No,Yes,Month-to-month,No,Bank transfer (automatic),37.9,697.76,No
TC-02091,Female,0,Yes,No,8,Yes,Yes,Fiber optic,Yes,Yes,No,No,Yes,Yes,One year,Yes,Bank transfer (automatic),63.15,487.8,No
TC-02092,Female,0,No,No,32,Yes,No,Fiber optic,No,No,Yes,No,No,Yes,Month-to-month,Yes,Mailed check,34.39,1152.14,No
TC-02093,Female,0,No,No,26,Yes,Yes,Fiber optic,Yes,No,No,No,Yes,Yes,Two year,No,Mailed check,57.15,1489.51,No
TC-02094,Female,0,No,Yes,44,Yes,Yes,No,No internet service,No internet service,No internet service,No internet service,No internet service,No internet service,Two year,Yes,Credit card (automatic),106.49,4625.53,No
TC-02095,Male,1,No,No,1,Yes,Yes,No,No internet service,No internet service,No internet service,No internet service,No internet service,No internet service,Two year,No,Mailed check,79.32,172.37,No
TC-02096,Male,0,Yes,No,56,Yes,No,Fiber optic,Yes,Yes,No,Yes,Yes,Yes,Month-to-month,Yes,Mailed check,32.81,1786.33,No
TC-02097,Female,0,No,No,56,Yes,Yes,DSL,No,Yes,No,Yes,No,Yes,Month-to-month,No,Electronic check,90.55,5009.7,No
TC-02098,Female,0,Yes,Yes,15,Yes,Yes,DSL,Yes,Yes,Yes,No,No,No,One year,Yes,Mailed check,102.78,1537.5,No
TC-02099,Female,0,No,Yes,5,No,No phone service,Fiber optic,Yes,No,Yes,No,Yes,Yes,Month-to-month,No,Mailed check,34.64,196.49,Yes
TC-02100,Male,0,Yes,No,13,Yes,Yes,DSL,Yes,No,Yes,Yes,No,Yes,Two year,No,Mailed check,92.41,1156.36,No
TC-02101,Male,0,No,No,26,Yes,No,DSL,Yes,No,No,No,Yes,No,One year,Yes,Mailed check,72.91,1930.44,No
TC-02102,Male,0,No,No,37,Yes,Yes,Fiber optic,No,Yes,No,Yes,No,Yes,Month-to-month,Yes,Credit card (automatic),78.43,2877.24,Yes
TC-02103,Male,0,Yes,No,18,Yes,No,Fiber optic,Yes,Yes,No,No,No,No,Two year,Yes,Electronic check,111.9,2136.46,No
TC-02104,Female,0,No,No,36,No,No phone service,Fiber optic,No,Yes,No,Yes,No,No,Month-to-month,Yes,Mailed check,21.66,796.43,Yes
TC-02105,Female,0,No,No,3,Yes,Yes,DSL,Yes,Yes,No,No,Yes,No,One year,Yes,Bank transfer (automatic),81.88,191.39,No
TC-02106,Female,0,No,Yes,57,Yes,No,DSL,No,No,Yes,Yes,Yes,No,Month-to-month,Yes,Mailed check,26.15,1455.37,Yes
TC-02107,Male,0,Yes,No,8,Yes,No,DSL,Yes,No,No,No,No,Yes,Month-to-month,No,Electronic check,96.96,800.34,Yes
TC-02108,Male,0,No,No,39,Yes,Yes,Fiber optic,Yes,Yes,No,No,No,No,Two year,Yes,Mailed check,107.61,4156.18,No
TC-02109,Male,0,No,No,14,Yes,No,Fiber optic,Yes,Yes,No,Yes,No,Yes,Month-to-month,No,Bank transfer (automatic),26.65,369.29,No
TC-02110,Female,0,Yes,No,3,Yes,Yes,Fiber optic,Yes,Yes,Yes,Yes,Yes,Yes,Month-to-month,Yes,Credit card (automatic),20.58,160.23,No
TC-02111,Female,0,Yes,No,51,Yes,Yes,DSL,No,No,Yes,No,No,No,One year,Yes,Mailed check,113.57,5824.06,No
TC-02112,Male,1,No,Yes,17,Yes,Yes,DSL,Yes,Yes,Yes,No,No,Yes,One year,Yes,Electronic check,110.65,1910.79,No
TC-02113,Female,0,Yes,No,52,Yes,No,No,No internet service,No internet service,No internet service,No internet service,No internet service,No internet service,Month-to-month,No,Mailed check,110.37,5838.44,Yes
TC-02114,Male,0,Yes,No,58,Yes,No,DSL,Yes,Yes,No,Yes,No,No,Month-to-month,Yes,Electronic check,111.97,6456.31,Yes
TC-02115,Male,1,Yes,No,53,Yes,Yes,Fiber optic,Yes,Yes,No,No,No,No,Month-to-month,Yes,Mailed check,68.01,3603.7,Yes
TC-02116,Female,0,No,No,40,Yes,Yes,DSL,No,No,Yes,Yes,No,Yes,Month-to-month,Yes,Mailed check,115.69,4612.43,No
TC-02117,Male,0,No,Yes,59,Yes,Yes,DSL,Yes,No,No,Yes,No,No,Month-to-month,No,Credit card (automatic),107.23,6295.25,No
TC-02118,Female,0,Yes,No,3,Yes,No,DSL,No,No,No,No,Yes,No,Two year,No,Credit card (automatic),27.77,70.55,No
TC-02119,Male,0,No,No,38,Yes,No,No,No internet service,No internet service,No internet service,No internet service,No internet service,No internet service,Month-to-month,Yes,Mailed check,99.27,3749.48,Yes
TC-02120,Female,0,Yes,Yes,6,Yes,Yes,DSL,Yes,No,Yes,No,No,No,One year,Yes,Electronic check,89.24,502.53,No
TC-02121,Female,1,No,No,22,Yes,Yes,No,No internet service,No internet service,No internet service,No internet service,No internet service,No internet service,Month-to-month,Yes,Bank transfer (automatic),31.41,676.25,No
TC-02122,Female,0,Yes,Yes,62,Yes,No,No,No internet service,No internet service,No internet service,No internet service,No internet service,No internet service,Month-to-month,No,Credit card (automatic),91.79,5658.27,No
TC-02123,Male,0,No,No,64,Yes,No,Fiber optic,No,Yes,Yes,Yes,No,Yes,Month-to-month,No,Mailed check,66.49,4271.57,No
TC-02124,Male,1,Yes,No,40,Yes,No,Fiber optic,Yes,Yes,Yes,No,Yes,No,Two year,Yes,Electronic check,103.38,4087.47,No
TC-02125,Female,1,No,No,43,Yes,No,No,No internet service,No internet service,No internet service,No internet service,No internet service,No internet service,Two year,Yes,Mailed check,99.88,4345.68,No
TC-02126,Female,0,No,Yes,44,Yes,Yes,Fiber optic,No,Yes,Yes,No,Yes,No,Month-to-month,Yes,Mailed check,112.23,4974.41,Yes
TC-02127,Male,0,Yes,No,68,Yes,No,Fiber optic,Yes,No,No,No,No,Yes,Month-to-month,No,Credit card (automatic),25.53,1758.34,No
TC-02128,Male,0,No,No,50,Yes,No,Fiber optic,Yes,Yes,Yes,No,Yes,No,One year,No,Electronic check,89.02,4428.06,No
TC-02129,Male,0,No,No,64,Yes,Yes,DSL,No,Yes,No,Yes,Yes,Yes,Month-to-month,No,Mailed check,55.71,3567.64,No
TC-02130,Female,0,No,No,53,Yes,No,DSL,No,No,Yes,Yes,Yes,No,Month-to-month,Yes,Credit card (automatic),95.6,5060.55,No
TC-02131,Male,1,No,Yes,55,Yes,No,No,No internet service,No internet service,No internet service,No internet service,No internet service,No internet service,Month-to-month,No,Electronic check,78.26,4305.65,No
TC-02132,Male,0,No,No,71,Yes,Yes,No,No internet service,No internet service,No internet service,No internet service,No internet service,No internet service,Month-to-month,Yes,Electronic check,67.56,4729.81,No
TC-02133,Female,0,No,No,39,Yes,Yes,Fiber optic,No,Yes,No,No,No,No,Month-to-month,No,Mailed check,18.42,723.61,Yes
TC-02134,Male,0,No,No,57,Yes,Yes,Fiber optic,No,Yes,No,No,No,No,Month-to-month,No,Mailed check,78.72,4503.3,No
TC-02135,Male,0,No,No,14,Yes,Yes,No,No internet service,No internet service,No internet service,No internet service,No internet service,No internet service,Month-to-month,No,Electronic check,60.04,912.76,No
TC-02136,Male,0,Yes,No,18,Yes,No,Fiber optic,Yes,No,Yes,Yes,No,No,Month-to-month,Yes,Electronic check,51.25,872.16,Yes
TC-02137,Female,0,No,No,9,Yes,Yes,Fiber optic,Yes,No,No,No,No,Yes,One year,No,Credit card (automatic),116.88,992.65,No
TC-02138,Female,0,Yes,No,15,Yes,Yes,Fiber optic,No,No,No,Yes,No,No,Month-to-month,No,Bank transfer (automatic),88.04,1369.77,No
TC-02139,Female,0,No,Yes,42,Yes,No,DSL,Yes,Yes,Yes,No,No,Yes,Month-to-month,Yes,Electronic check,71.99,2947.97,No
TC-02140,Female,0,Yes,No,30,Yes,Yes,DSL,Yes,No,Yes,No,Yes,Yes,Two year,No,Mailed check,104.87,3218.88,No
TC-02141,Female,0,No,Yes,15,Yes,Yes,No,No internet service,No internet service,No internet service,No internet service,No internet service,No internet service,Month-to-month,No,Electronic check,40.71,669.8,No
TC-02142,Female,0,Yes,No,27,Yes,Yes,No,No internet service,No internet service,No internet service,No internet service,No internet service,No internet service,Month-to-month,Yes,Mailed check,79.99,2188.79,No
TC-02143,Female,0,Yes,Yes,61,Yes,No,Fiber optic,Yes,Yes,No,No,Yes,No,Month-to-month,Yes,Bank transfer (automatic),104.09,6273.62,Yes
TC-02144,Male,0,No,No,19,Yes,No,Fiber optic,No,No,Yes,Yes,No,No,One year,Yes,Electronic check,30.36,568.87,No
TC-02145,Male,0,Yes,Yes,34,No,No phone service,No,No internet service,No internet service,No internet service,No internet service,No internet service,No internet service,Month-to-month,Yes,Mailed check,41.61,1412.12,No
TC-02146,Female,0,No,Yes,58,Yes,No,Fiber optic,No,Yes,No,No,Yes,Yes,Month-to-month,Yes,Mailed check,26.26,1537.54,Yes
TC-02147,Male,0,No,No,8,Yes,Yes,DSL,Yes,No,Yes,Yes,Yes,No,Two year,No,Mailed check,117.24,965.62,No
TC-02148,Male,0,Yes,Yes,9,Yes,No,Fiber optic,No,No,Yes,Yes,Yes,Yes,Month-to-month,No,Credit card (automatic),76.09,647.34,Yes
TC-02149,Female,0,No,No,44,Yes,No,DSL,Yes,Yes,Yes,No,Yes,Yes,Month-to-month,Yes,Mailed check,66.95,2998.86,Yes
TC-02150,Male,1,Yes,No,14,Yes,Yes,No,No internet service,No internet service,No internet service,No internet service,No internet service,No internet service,One year,Yes,Bank transfer (automatic),51.84,751.78,No
TC-02151,Male,0,Yes,Yes,29,No,No phone service,Fiber optic,Yes,No,No,No,No,Yes,One year,Yes,Mailed check,62.95,1851.08,No
TC-02152,Male,0,No,No,47,Yes,No,DSL,Yes,Yes,Yes,No,Yes,Yes,Two year,No,Electronic check,95.59,4481.56,Yes
TC-02153,Male,0,No,No,39,Yes,No,No,No internet service,No internet service,No internet service,No internet service,No internet service,No internet service,Two year,Yes,Bank transfer (automatic),109.67,4296.54,No
TC-02154,Male,0,No,No,43,Yes,No,No,No internet service,No internet service,No internet service,No internet service,No internet service,No internet service,Month-to-month,No,Mailed check,28.49,1117.93,No
TC-02155,Female,1,No,No,45,Yes,No,DSL,No,Yes,No,No,No,Yes,Month-to-month,Yes,Bank transfer (automatic),47.96,2178.08,Yes
TC-02156,Female,0,No,No,5,Yes,Yes,Fiber optic,No,Yes,Yes,Yes,No,Yes,Two year,Yes,Electronic check,36.91,267.44,No
TC-02157,Female,0,Yes,No,23,Yes,Yes,Fiber optic,Yes,No,No,Yes,Yes,No,Two year,No,Bank transfer (automatic),61.55,1454.69,No
TC-02158,Male,0,Yes,Yes,6,Yes,Yes,Fiber optic,Yes,Yes,No,Yes,Yes,Yes,Month-to-month,Yes,Credit card (automatic),71.05,459.5,No
TC-02159,Female,0,No,No,5,No,No phone service,Fiber optic,Yes,No,No,Yes,No,Yes,Month-to-month,Yes,Credit card (automatic),90.13,489.3,No
TC-02160,Male,0,No,No,32,Yes,Yes,Fiber optic,No,No,Yes,Yes,Yes,No,One year,No,Bank transfer (automatic),105.57,3438.7,No
TC-02161,Male,0,No,No,37,Yes,Yes,No,No internet service,No internet service,No internet service,No internet service,No internet service,No internet service,Month-to-month,Yes,Mailed check,72.21,2661.81,No
TC-02162,Male,0,Yes,No,43,Yes,No,Fiber optic,Yes,No,No,Yes,No,No,Two year,No,Mailed check,66.88,2925.1,No
TC-02163,Male,0,Yes,No,16,Yes,Yes,DSL,Yes,No,Yes,Yes,No,No,Two year,Yes,Mailed check,75.58,1232.15,No
TC-02164,Female,1,Yes,Yes,30,Yes,Yes,DSL,Yes,Yes,Yes,No,No,Yes,Two year,No,Mailed check,106.84,3208.42,No
TC-02165,Female,1,No,No,36,Yes,No,DSL,No,No,No,No,No,No,Month-to-month,No,Electronic check,82.85,3050.13,No
TC-02166,Male,0,No,No,10,Yes,Yes,Fiber optic,No,No,Yes,Yes,No,No,Two year,Yes,Electronic check,96.74,933.02,No
TC-02167,Female,0,Yes,Yes,4,Yes,Yes,DSL,No,Yes,No,Yes,Yes,Yes,One year,No,Credit card (automatic),89.95,327.31,No
TC-02168,Male,0,No,Yes,63,Yes,No,No,No internet service,No internet service,No internet service,No internet service,No internet service,No internet service,Month-to-month,Yes,Bank transfer (automatic),110.35,6834.22,No
TC-02169,Female,0,No,Yes,2,Yes,No,No,No internet service,No internet service,No internet service,No internet service,No internet service,No internet service,Month-to-month,No,Electronic check,99.69,152.93,Yes
TC-02170,Female,1,Yes,No,55,Yes,No,No,No internet service,No internet service,No internet service,No internet service,No internet service,No internet service,Month-to-month,Yes,Credit card (automatic),52.12,2844.59,No
TC-02171,Male,0,Yes,No,62,Yes,No,No,No internet service,No internet service,No internet service,No internet service,No internet service,No internet service,One year,No,Mailed check,103.44,6410.78,No
TC-02172,Female,0,No,Yes,37,Yes,No,DSL,No,Yes,Yes,Yes,No,Yes,Month-to-month,No,Credit card (automatic),64.74,2417.83,No
TC-02173,Male,0,Yes,Yes,53,Yes,No,Fiber optic,No,No,No,No,No,Yes,Month-to-month,No,Electronic check,102.72,5488.22,No
TC-02174,Female,0,No,No,1,Yes,No,DSL,Yes,Yes,No,Yes,Yes,Yes,Two year,No,Bank transfer (automatic),108.57,42.11,No
TC-02175,Male,1,Yes,No,1,Yes,Yes,DSL,No,Yes,No,Yes,Yes,Yes,Two year,Yes,Electronic check,86.53,92.01,No
TC-02176,Male,1,Yes,No,11,Yes,No,No,No internet service,No internet service,No internet service,No internet service,No internet service,No internet service,Two year,Yes,Bank transfer (automatic),89.89,939.63,No
TC-02177,Female,0,No,No,39,No,No phone service,Fiber optic,Yes,No,Yes,No,No,Yes,Two year,Yes,Bank transfer (automatic),32.11,1185.79,No
TC-02178,Female,0,No,No,1,No,No phone service,DSL,No,No,Yes,Yes,No,Yes,Two year,Yes,Mailed check,50.38,66.59,No
TC-02179,Male,1,Yes,Yes,56,Yes,No,DSL,No,No,No,No,No,No,Two year,Yes,Bank transfer (automatic),73.77,4136.2,No
TC-02180,Female,1,No,No,46,Yes,No,Fiber optic,No,No,Yes,No,Yes,Yes,Two year,No,Bank transfer (automatic),18.35,868.77,No
TC-02181,Female,0,Yes,No,35,No,No phone service,DSL,No,No,Yes,Yes,Yes,Yes,Month-to-month,No,Mailed check,102.73,3624.54,Yes
TC-02182,Male,0,No,No,3,Yes,Yes,DSL,No,Yes,Yes,No,No,Yes,Month-to-month,No,Credit card (automatic),54.95,140.74,No
TC-02183,Male,0,Yes,No,23,Yes,Yes,Fiber optic,No,No,Yes,No,No,Yes,One year,No,Bank transfer (automatic),90.34,2132.54,No
TC-02184,Female,0,Yes,No,61,Yes,Yes,No,No internet service,No internet service,No internet service,No internet service,No internet service,No internet service,Month-to-month,No,Electronic check,94.93,5744.81,No
TC-02185,Male,1,Yes,No,1,Yes,Yes,No,No internet service,No internet service,No internet service,No internet service,No internet service,No internet service,Month-to-month,Yes,Electronic check,72.81,20.03,No
TC-02186,Male,0,No,No,14,Yes,No,Fiber optic,No,No,Yes,Yes,No,Yes,Two year,No,Credit card (automatic),97.02,1378.19,No
TC-02187,Male,1,Yes,No,48,Yes,Yes,DSL,Yes,No,No,Yes,Yes,Yes,Two year,No,Credit card (automatic),86.24,4150.25,No
TC-02188,Female,0,Yes,No,34,Yes,Yes,No,No internet service,No internet service,No internet service,No internet service,No internet service,No internet service,Month-to-month,No,Electronic check,53.98,1794.83,Yes
TC-02189,Female,0,Yes,No,46,Yes,Yes,No,No internet service,No internet service,No internet service,No internet service,No internet service,No internet service,Month-to-month,Yes,Bank transfer (automatic),99.62,4540.88,No
TC-02190,Male,0,Yes,Yes,23,Yes,No,Fiber optic,No,No,Yes,No,No,Yes,Month-to-month,Yes,Bank transfer (automatic),81.61,1896.02,Yes
TC-02191,Female,0,No,Yes,59,Yes,Yes,No,No internet service,No internet service,No internet service,No internet service,No internet service,No internet service,Month-to-month,Yes,Mailed check,34.02,2019.69,No
TC-02192,Male,0,No,No,47,Yes,No,Fiber optic,Yes,Yes,Yes,No,Yes,Yes,Month-to-month,Yes,Credit card (automatic),95.28,4426.25,Yes
TC-02193,Female,0,Yes,Yes,22,Yes,No,DSL,No,Yes,No,No,No,No,One year,No,Bank transfer (automatic),85.62,1851.49,No
TC-02194,Male,0,Yes,No,11,Yes,No,No,No internet service,No internet service,No internet service,No internet service,No internet service,No internet service,Month-to-month,No,Credit card (automatic),46.47,465.63,Yes
TC-02195,Male,0,No,Yes,40,Yes,Yes,Fiber optic,Yes,No,Yes,No,No,No,One year,No,Bank transfer (automatic),102.2,3982.01,No
TC-02196,Female,0,Yes,No,28,Yes,No,Fiber optic,No,No,Yes,Yes,Yes,Yes,Month-to-month,Yes,Credit card (automatic),55.4,1619.41,Yes
TC-02197,Male,0,No,No,69,No,No phone service,Fiber optic,No,Yes,Yes,Yes,No,Yes,Two year,Yes,Electronic check,73.27,5067.55,No
TC-02198,Female,0,Yes,No,50,Yes,Yes,DSL,No,No,Yes,Yes,Yes,No,Month-to-month,Yes,Electronic check,52.32,2673.92,No
TC-02199,Female,0,No,Yes,22,Yes,Yes,DSL,Yes,Yes,No,No,No,Yes,One year,No,Bank transfer (automatic),90.44,1974.4,No
TC-02200,Male,0,Yes,No,30,No,No phone service,DSL,No,No,Yes,No,No,Yes,Month-to-month,No,Mailed check,76.12,2235.0,Yes
TC-02201,Male,0,No,No,20,Yes,No,DSL,No,No,No,Yes,No,No,Two year,Yes,Credit card (automatic),65.03,1256.88,No
TC-02202,Female,0,No,No,23,Yes,No,DSL,Yes,No,Yes,No,Yes,No,One year,Yes,Electronic check,20.03,416.93,No
TC-02203,Male,0,No,Yes,71,Yes,No,Fiber optic,Yes,No,Yes,No,Yes,Yes,One year,No,Credit card (automatic),78.72,5563.18,No
TC-02204,Male,0,Yes,Yes,8,Yes,No,No,No internet service,No internet service,No internet service,No internet service,No internet service,No internet service,One year,Yes,Bank transfer (automatic),80.24,564.53,No
TC-02205,Male,0,No,No,21,Yes,Yes,No,No internet service,No internet service,No internet service,No internet service,No internet service,No internet service,Two year,Yes,Mailed check,36.12,739.19,No
TC-02206,Male,1,No,Yes,3,Yes,No,DSL,No,Yes,Yes,Yes,No,Yes,One year,Yes,Mailed check,51.23,124.96,No
TC-02207,Male,0,Yes,No,2,Yes,No,No,No internet service,No internet service,No internet service,No internet service,No internet service,No internet service,One year,No,Bank transfer (automatic),105.88,255.42,No
TC-02208,Female,0,Yes,No,27,Yes,Yes,Fiber optic,No,Yes,No,No,Yes,Yes,Month-to-month,No,Electronic check,72.92,1995.7,Yes
TC-02209,Female,0,Yes,Yes,14,Yes,No,Fiber optic,No,No,No,No,No,Yes,Two year,Yes,Mailed check,61.51,842.01,Yes
TC-02210,Male,0,Yes,No,7,Yes,No,DSL,No,No,Yes,Yes,Yes,No,One year,Yes,Mailed check,111.6,805.0,No
TC-02211,Male,0,No,Yes,47,Yes,No,Fiber optic,No,No,Yes,Yes,No,No,Month-to-month,Yes,Mailed check,99.19,4607.16,Yes
TC-02212,Male,0,Yes,No,51,Yes,Yes,No,No internet service,No internet service,No internet service,No internet service,No internet service,No internet service,One year,Yes,Credit card (automatic),27.75,1352.11,No
TC-02213,Female,0,Yes,No,54,Yes,No,Fiber optic,Yes,Yes,Yes,No,No,No,One year,No,Credit card (automatic),103.89,5605.35,Yes
TC-02214,Male,0,Yes,No,36,Yes,Yes,DSL,No,Yes,No,Yes,No,No,Month-to-month,Yes,Electronic check,32.97,1192.03,No
TC-02215,Female,0,Yes,No,3,No,No phone service,DSL,No,Yes,No,Yes,No,No,Month-to-month,Yes,Bank transfer (automatic),35.48,99.43,No
TC-02216,Female,0,Yes,No,54,Yes,Yes,DSL,Yes,Yes,No,No,No,No,One year,Yes,Credit card (automatic),25.53,1446.42,No
TC-02217,Female,0,Yes,No,11,Yes,No,Fiber optic,No,Yes,No,Yes,No,Yes,Month-to-month,Yes,Mailed check,66.14,761.91,No
TC-02218,Male,0,Yes,No,18,No,No phone service,No,No internet service,No internet service,No internet service,No internet service,No internet service,No internet service,Two year,Yes,Electronic check,82.47,1536.21,Yes
TC-02219,Female,0,No,No,56,Yes,No,Fiber optic,Yes,Yes,Yes,No,Yes,No,Month-to-month,No,Credit card (automatic),93.37,5201.06,Yes
TC-02220,Male,0,No,No,36,Yes,No,No,No internet service,No internet service,No internet service,No internet service,No internet service,No internet service,One year,No,Electronic check,20.67,760.75,No
TC-02221,Female,0,No,Yes,6,Yes,Yes,No,No internet service,No internet service,No internet service,No internet service,No internet service,No internet service,Month-to-month,Yes,Mailed check,35.79,162.57,No
TC-02222,Male,0,No,Yes,54,Yes,No,DSL,No,No,No,No,Yes,Yes,Month-to-month,Yes,Electronic check,80.12,4289.91,Yes
TC-02223,Female,0,No,No,27,Yes,Yes,DSL,Yes,Yes,Yes,Yes,Yes,Yes,Two year,Yes,Mailed check,70.56,1921.68,No
TC-02224,Male,0,Yes,No,36,No,No phone service,Fiber optic,Yes,Yes,Yes,Yes,No,Yes,Month-to-month,Yes,Electronic check,23.14,788.56,No
TC-02225,Female,0,Yes,No,60,Yes,No,DSL,No,Yes,Yes,Yes,No,Yes,One year,No,Bank transfer (automatic),111.54,6652.84,No
TC-02226,Male,0,Yes,No,38,Yes,No,Fiber optic,No,Yes,No,No,No,No,Month-to-month,Yes,Electronic check,93.85,3587.83,Yes
TC-02227,Male,0,Yes,Yes,22,Yes,No,DSL,Yes,No,Yes,No,No,No,Two year,Yes,Bank transfer (automatic),53.88,1147.16,No
TC-02228,Male,0,No,Yes,51,Yes,No,Fiber optic,Yes,No,No,Yes,Yes,No,Month-to-month,Yes,Bank transfer (automatic),71.64,3701.75,No
TC-02229,Male,0,No,Yes,10,Yes,No,Fiber optic,No,Yes,No,No,No,No,Month-to-month,Yes,Mailed check,55.43,543.59,No
TC-02230,Female,1,Yes,No,65,Yes,Yes,Fiber optic,No,No,No,No,No,Yes,Two year,Yes,Electronic check,63.53,4120.81,No
TC-02231,Female,0,Yes,No,12,Yes,No,Fiber optic,Yes,No,No,No,No,No,Two year,Yes,Credit card (automatic),77.62,944.0,Yes
TC-02232,Male,0,No,No,40,Yes,No,No,No internet service,No internet service,No internet service,No internet service,No internet service,No internet service,Two year,Yes,Bank transfer (automatic),57.85,2307.26,No
TC-02233,Female,1,No,Yes,48,Yes,No,DSL,Yes,No,No,No,Yes,Yes,Month-to-month,Yes,Mailed check,80.07,3857.36,No
TC-02234,Male,0,No,No,14,Yes,Yes,Fiber optic,No,No,No,No,No,No,Month-to-month,No,Credit card (automatic),64.51,857.26,Yes
TC-02235,Male,0,Yes,No,55,Yes,Yes,DSL,No,No,No,Yes,Yes,Yes,Two year,Yes,Electronic check,83.73,4469.09,No
TC-02236,Female,0,Yes,No,53,Yes,Yes,DSL,Yes,No,No,No,No,No,Two year,No,Bank transfer (automatic),44.22,2273.01,No
TC-02237,Male,0,No,No,30,Yes,No,DSL,No,No,No,No,Yes,No,Month-to-month,No,Electronic check,35.12,1030.83,No
TC-02238,Male,0,No,No,60,Yes,Yes,Fiber optic,Yes,No,Yes,No,No,No,Month-to-month,Yes,Electronic check,19.36,1186.12,No
TC-02239,Female,0,Yes,No,57,Yes,Yes,Fiber optic,Yes,No,Yes,Yes,No,No,Month-to-month,Yes,Credit card (automatic),78.2,4565.33,No
TC-02240,Male,0,Yes,Yes,59,No,No phone service,DSL,Yes,No,Yes,No,No,No,Month-to-month,No,Mailed check,116.08,6819.07,No
TC-02241,Male,0,Yes,Yes,52,Yes,No,Fiber optic,Yes,Yes,Yes,No,No,Yes,Month-to-month,Yes,Mailed check,60.04,3089.38,Yes
TC-02242,Male,1,Yes,Yes,60,Yes,No,DSL,No,No,Yes,Yes,No,No,Month-to-month,No,Credit card (automatic),39.26,2372.46,No
TC-02243,Male,1,No,No,41,Yes,Yes,Fiber optic,No,No,Yes,No,No,No,Two year,No,Mailed check,19.31,802.79,No
TC-02244,Female,0,No,No,28,Yes,Yes,Fiber optic,Yes,No,Yes,Yes,No,No,Month-to-month,Yes,Electronic check,69.28,1952.62,Yes
TC-02245,Female,0,No,Yes,26,Yes,Yes,No,No internet service,No internet service,No internet service,No internet service,No internet service,No internet service,Two year,Yes,Credit card (automatic),117.27,3036.23,No
TC-02246,Female,0,Yes,No,43,Yes,No,Fiber optic,No,Yes,No,No,Yes,No,One year,No,Bank transfer (automatic),116.38,4905.31,Yes
TC-02247,Male,1,Yes,No,4,Yes,No,Fiber optic,No,No,No,Yes,No,No,Month-to-month,No,Credit card (automatic),28.14,122.43,No
TC-02248,Male,0,Yes,No,51,Yes,Yes,DSL,No,Yes,No,Yes,Yes,Yes,One year,Yes,Credit card (automatic),99.64,5079.26,No
TC-02249,Female,0,No,No,52,Yes,Yes,DSL,No,Yes,No,Yes,Yes,Yes,Two year,No,Credit card (automatic),35.33,1757.71,No
TC-02250,Male,0,No,No,51,Yes,Yes,Fiber optic,No,No,Yes,No,Yes,Yes,Month-to-month,No,Electronic check,98.94,5075.01,No
TC-02251,Male,0,No,No,37,Yes,No,Fiber optic,Yes,Yes,Yes,No,No,Yes,One year,Yes,Credit card (automatic),103.35,3860.44,No
TC-02252,Male,0,Yes,No,43,Yes,No,No,No internet service,No internet service,No internet service,No internet service,No internet service,No internet service,Month-to-month,Yes,Electronic check,18.77,835.01,No
TC-02253,Male,0,Yes,No,52,Yes,Yes,No,No internet service,No internet service,No internet service,No internet service,No internet service,No internet service,Month-to-month,Yes,Mailed check,41.73,2149.61,No
TC-02254,Female,0,No,No,1,Yes,No,No,No internet service,No internet service,No internet service,No internet service,No internet service,No internet service,One year,Yes,Electronic check,23.66,34.71,No
TC-02255,Female,0,Yes,Yes,53,No,No phone service,No,No internet service,No internet service,No internet service,No internet service,No internet service,No internet service,One year,Yes,Bank transfer (automatic),67.89,3553.28,No
TC-02256,Female,0,No,No,34,Yes,No,Fiber optic,Yes,Yes,Yes,Yes,No,No,One year,No,Mailed check,20.67,633.51,No
TC-02257,Male,0,No,No,45,Yes,Yes,DSL,No,Yes,No,Yes,Yes,No,Two year,Yes,Credit card (automatic),80.61,3622.5,No
TC-02258,Female,1,No,No,71,Yes,Yes,DSL,Yes,No,Yes,No,No,Yes,Two year,Yes,Electronic check,73.83,5166.82,No
TC-02259,Female,1,No,No,54,Yes,No,No,No internet service,No internet service,No internet service,No internet service,No internet service,No internet service,Two year,Yes,Bank transfer (automatic),55.94,3014.09,No
TC-02260,Male,1,Yes,No,71,No,No phone service,DSL,No,Yes,Yes,No,No,Yes,One year,Yes,Credit card (automatic),64.18,4554.18,No
TC-02261,Male,1,Yes,No,10,Yes,Yes,DSL,Yes,Yes,No,No,Yes,No,Month-to-month,Yes,Electronic check,117.01,1129.23,No
TC-02262,Female,0,Yes,Yes,28,No,No phone service,Fiber optic,No,No,Yes,No,No,No,One year,Yes,Mailed check,34.77,1070.6,No
TC-02263,Female,0,Yes,No,68,Yes,Yes,DSL,No,No,Yes,No,Yes,No,Month-to-month,Yes,Electronic check,91.1,6164.87,No
TC-02264,Female,0,Yes,Yes,62,Yes,Yes,Fiber optic,No,No,Yes,Yes,No,No,Month-to-month,No,Bank transfer (automatic),82.53,5127.47,Yes
TC-02265,Female,1,Yes,Yes,46,Yes,No,Fiber optic,No,Yes,Yes,No,Yes,No,Month-to-month,No,Electronic check,84.37,3871.47,Yes
TC-02266,Male,0,No,No,6,No,No phone service,Fiber optic,No,No,No,Yes,No,Yes,One year,No,Bank transfer (automatic),52.57,362.39,No
TC-02267,Female,0,Yes,Yes,63,Yes,Yes,Fiber optic,No,Yes,No,Yes,Yes,Yes,One year,Yes,Electronic check,39.65,2481.22,Yes
TC-02268,Female,0,Yes,No,63,Yes,Yes,Fiber optic,No,No,No,Yes,No,No,Two year,Yes,Bank transfer (automatic),83.08,5170.69,No
TC-02269,Male,0,Yes,No,11,Yes,Yes,DSL,No,Yes,No,No,No,Yes,Two year,Yes,Electronic check,109.27,1222.72,No
TC-02270,Female,0,No,No,11,No,No phone service,No,No internet service,No internet service,No internet service,No internet service,No internet service,No internet service,One year,Yes,Electronic check,115.6,1196.46,No
TC-02271,Male,0,Yes,Yes,35,Yes,No,DSL,Yes,Yes,No,No,No,No,Month-to-month,Yes,Electronic check,66.09,2270.74,No
TC-02272,Male,0,No,No,28,Yes,No,Fiber optic,No,No,Yes,Yes,No,Yes,Month-to-month,No,Bank transfer (automatic),60.56,1670.16,No
TC-02273,Male,0,Yes,No,10,Yes,No,Fiber optic,No,No,Yes,Yes,No,No,Month-to-month,Yes,Credit card (automatic),52.89,505.27,Yes
TC-02274,Female,0,Yes,No,52,Yes,Yes,DSL,No,No,No,No,Yes,No,Month-to-month,No,Electronic check,99.0,5130.68,No
TC-02275,Female,0,Yes,No,69,Yes,Yes,DSL,No,No,No,No,Yes,Yes,Two year,Yes,Electronic check,43.54,2982.96,No
TC-02276,Male,1,No,Yes,46,Yes,No,DSL,No,No,No,Yes,No,No,Two year,No,Mailed check,69.3,3194.08,No
TC-02277,Female,0,No,No,32,Yes,Yes,DSL,Yes,Yes,No,Yes,Yes,No,Month-to-month,Yes,Electronic check,52.51,1646.33,No
TC-02278,Female,0,Yes,No,66,Yes,Yes,DSL,Yes,Yes,Yes,Yes,Yes,Yes,Month-to-month,Yes,Electronic check,105.57,6989.37,Yes
TC-02279,Male,0,Yes,Yes,42,Yes,Yes,No,No internet service,No internet service,No internet service,No internet service,No internet service,No internet service,One year,No,Credit card (automatic),46.27,1901.25,No
TC-02280,Male,0,Yes,No,17,Yes,Yes,Fiber optic,Yes,Yes,Yes,Yes,Yes,Yes,Month-to-month,Yes,Bank transfer (automatic),86.65,1409.58,Yes
TC-02281,Female,0,No,No,52,Yes,Yes,DSL,Yes,No,Yes,Yes,No,Yes,Two year,Yes,Mailed check,76.87,3940.67,No
TC-02282,Male,0,No,Yes,38,Yes,Yes,Fiber optic,No,Yes,Yes,No,No,No,Month-to-month,No,Mailed check,50.84,1911.35,No
TC-02283,Female,0,Yes,No,71,Yes,No,DSL,No,Yes,Yes,No,Yes,Yes,Month-to-month,Yes,Mailed check,43.48,3135.63,No
TC-02284,Female,0,No,Yes,33,Yes,Yes,DSL,No,No,No,Yes,No,Yes,One year,Yes,Credit card (automatic),98.38,3245.16,No
TC-02285,Female,0,No,No,36,No,No phone service,No,No internet service,No internet service,No internet service,No internet service,No internet service,No internet service,Month-to-month,Yes,Mailed check,69.05,2462.76,Yes
TC-02286,Female,0,No,No,40,Yes,Yes,No,No internet service,No internet service,No internet service,No internet service,No internet service,No internet service,Two year,Yes,Bank transfer (automatic),79.15,3163.99,No
TC-02287,Male,0,No,No,48,Yes,Yes,Fiber optic,No,Yes,No,Yes,Yes,No,Two year,Yes,Electronic check,114.21,5421.58,No
TC-02288,Male,0,Yes,No,9,Yes,Yes,No,No internet service,No internet service,No internet service,No internet service,No internet service,No internet service,Two year,Yes,Electronic check,57.8,434.88,No
TC-02289,Male,0,Yes,Yes,39,Yes,Yes,No,No internet service,No internet service,No internet service,No internet service,No internet service,No internet service,One year,Yes,Bank transfer (automatic),99.43,3828.39,No
TC-02290,Male,1,No,Yes,17,Yes,No,Fiber optic,Yes,Yes,No,No,Yes,Yes,One year,No,Bank transfer (automatic),81.88,1339.52,No
TC-02291,Female,0,No,Yes,24,No,No phone service,No,No internet service,No internet service,No internet service,No internet service,No internet service,No internet service,Month-to-month,Yes,Bank transfer (automatic),77.35,1976.36,Yes
TC-02292,Female,0,No,No,40,Yes,No,Fiber optic,No,No,No,Yes,No,No,Two year,Yes,Credit card (automatic),23.46,1034.49,No
TC-02293,Male,0,Yes,No,35,Yes,No,DSL,Yes,Yes,Yes,Yes,No,No,One year,Yes,Electronic check,109.24,3918.97,No
TC-02294,Female,0,Yes,No,1,Yes,No,No,No internet service,No internet service,No internet service,No internet service,No internet service,No internet service,Month-to-month,No,Credit card (automatic),40.86,40.86,No
TC-02295,Female,0,No,Yes,48,Yes,No,DSL,No,No,Yes,No,No,Yes,Month-to-month,Yes,Electronic check,65.32,3223.1,No
TC-02296,Female,0,No,No,66,Yes,Yes,DSL,No,No,No,No,Yes,No,Month-to-month,No,Bank transfer (automatic),93.2,6115.57,Yes
TC-02297,Male,0,No,No,52,Yes,No,Fiber optic,Yes,Yes,Yes,No,Yes,No,Two year,Yes,Mailed check,70.23,3734.21,No
TC-02298,Male,0,No,No,18,Yes,Yes,No,No internet service,No internet service,No internet service,No internet service,No internet service,No internet service,One year,Yes,Bank transfer (automatic),18.43,353.67,No
TC-02299,Male,0,Yes,No,25,Yes,No,DSL,Yes,No,No,No,No,Yes,Two year,Yes,Bank transfer (automatic),112.9,2772.88,No
TC-02300,Female,0,Yes,Yes,53,No,No phone service,Fiber optic,Yes,No,Yes,Yes,Yes,No,Two year,No,Credit card (automatic),20.05,1145.4,No
TC-02301,Male,0,Yes,Yes,50,Yes,No,Fiber optic,Yes,No,No,Yes,Yes,Yes,One year,Yes,Mailed check,26.99,1430.24,No
TC-02302,Male,0,Yes,No,24,Yes,Yes,Fiber optic,No,Yes,No,Yes,No,Yes,Month-to-month,Yes,Credit card (automatic),40.41,916.8,No
TC-02303,Male,1,Yes,No,16,Yes,No,Fiber optic,No,Yes,No,Yes,Yes,No,Two year,No,Mailed check,77.9,1262.68,No
TC-02304,Male,0,Yes,Yes,60,Yes,Yes,Fiber optic,No,No,No,Yes,No,No,One year,Yes,Mailed check,115.11,6809.75,No
TC-02305,Male,0,No,Yes,45,Yes,No,No,No internet service,No internet service,No internet service,No internet service,No internet service,No internet service,One year,Yes,Mailed check,110.27,4942.4,No
TC-02306,Male,0,No,No,54,No,No phone service,DSL,No,No,No,No,No,Yes,Month-to-month,No,Bank transfer (automatic),83.13,4469.62,No
TC-02307,Female,0,Yes,No,49,Yes,No,No,No internet service,No internet service,No internet service,No internet service,No internet service,No internet service,Month-to-month,Yes,Credit card (automatic),92.17,4495.88,No
TC-02308,Female,0,Yes,Yes,10,Yes,Yes,DSL,No,No,Yes,No,Yes,No,Month-to-month,Yes,Bank transfer (automatic),89.19,972.49,No
TC-02309,Male,0,Yes,No,11,Yes,Yes,Fiber optic,No,No,No,Yes,No,Yes,One year,No,Electronic check,86.69,886.8,Yes
TC-02310,Male,0,No,No,39,Yes,Yes,Fiber optic,Yes,Yes,No,No,No,No,Two year,Yes,Credit card (automatic),99.24,3859.17,No
TC-02311,Female,0,No,No,47,Yes,No,No,No internet service,No internet service,No internet service,No internet service,No internet service,No internet service,Month-to-month,Yes,Electronic check,51.99,2481.27,No
TC-02312,Female,1,No,No,55,Yes,No,DSL,Yes,No,Yes,Yes,Yes,No,Two year,Yes,Bank transfer (automatic),40.11,2140.29,No
TC-02313,Male,0,No,Yes,7,Yes,No,Fiber optic,No,Yes,Yes,No,Yes,Yes,Month-to-month,Yes,Electronic check,52.76,325.15,No
TC-02314,Male,0,Yes,No,13,Yes,No,DSL,Yes,Yes,Yes,No,No,No,One year,Yes,Electronic check,22.86,352.94,No
TC-02315,Male,1,No,No,55,Yes,Yes,Fiber optic,No,Yes,Yes,No,No,Yes,Month-to-month,No,Electronic check,114.7,6375.75,No
TC-02316,Male,0,Yes,No,53,Yes,No,Fiber optic,No,Yes,No,Yes,No,No,Two year,No,Credit card (automatic),91.95,4851.69,No
TC-02317,Female,0,No,No,16,Yes,Yes,DSL,Yes,Yes,No,No,No,No,Month-to-month,No,Mailed check,39.34,672.32,Yes
TC-02318,Male,0,No,No,44,No,No phone service,Fiber optic,Yes,Yes,No,Yes,No,Yes,Month-to-month,Yes,Mailed check,43.58,1995.36,No
TC-02319,Male,1,No,No,4,Yes,Yes,DSL,Yes,Yes,No,No,Yes,Yes,Two year,No,Credit card (automatic),117.26,448.68,No
TC-02320,Male,0,No,No,2,Yes,No,Fiber optic,Yes,Yes,Yes,Yes,No,Yes,One year,Yes,Mailed check,94.81,229.2,No
TC-02321,Male,0,Yes,Yes,8,Yes,Yes,Fiber optic,No,No,Yes,Yes,No,No,Month-to-month,Yes,Bank transfer (automatic),60.57,463.42,Yes
TC-02322,Female,0,Yes,Yes,19,Yes,Yes,Fiber optic,No,No,No,No,No,Yes,Two year,No,Credit card (automatic),38.67,667.07,No
TC-02323,Female,0,Yes,No,20,Yes,Yes,DSL,Yes,Yes,No,Yes,No,No,One year,No,Credit card (automatic),22.04,440.98,No
TC-02324,Female,0,Yes,No,32,Yes,No,DSL,No,No,No,Yes,Yes,Yes,Month-to-month,No,Mailed check,84.93,2705.54,Yes
TC-02325,Male,0,Yes,No,4,Yes,Yes,No,No internet service,No internet service,No internet service,No internet service,No internet service,No internet service,One year,Yes,Credit card (automatic),96.0,337.67,No
TC-02326,Male,0,Yes,No,23,Yes,Yes,No,No internet service,No internet service,No internet service,No internet service,No internet service,No internet service,Month-to-month,Yes,Electronic check,28.77,644.75,No
TC-02327,Female,0,Yes,No,62,Yes,Yes,Fiber optic,Yes,Yes,Yes,Yes,No,No,Two year,No,Credit card (automatic),18.24,1119.54,No
TC-02328,Male,0,No,No,25,Yes,Yes,Fiber optic,No,No,No,No,No,Yes,Two year,No,Credit card (automatic),53.74,1357.43,No
TC-02329,Male,1,Yes,No,32,Yes,Yes,Fiber optic,No,No,Yes,Yes,No,No,Month-to-month,Yes,Credit card (automatic),84.74,2763.66,No
TC-02330,Female,1,No,No,17,Yes,Yes,Fiber optic,Yes,No,No,No,No,Yes,Month-to-month,No,Bank transfer (automatic),110.38,1928.5,Yes
TC-02331,Female,0,Yes,No,17,Yes,No,DSL,Yes,No,Yes,Yes,Yes,Yes,Two year,Yes,Bank transfer (automatic),105.95,1796.82,No
TC-02332,Female,0,No,No,37,Yes,Yes,Fiber optic,No,Yes,Yes,Yes,No,Yes,Month-to-month,No,Electronic check,86.85,3186.1,No
TC-02333,Female,0,Yes,No,32,Yes,No,DSL,No,No,Yes,No,Yes,Yes,Month-to-month,Yes,Electronic check,99.41,3248.11,No
TC-02334,Male,0,No,No,26,Yes,No,No,No internet service,No internet service,No internet service,No internet service,No internet service,No internet service,Month-to-month,No,Mailed check,53.59,1388.36,No
TC-02335,Male,0,Yes,No,48,Yes,No,Fiber optic,No,No,No,Yes,Yes,Yes,One year,Yes,Electronic check,42.51,2010.62,No
TC-02336,Female,0,Yes,Yes,49,Yes,No,Fiber optic,Yes,Yes,No,No,Yes,Yes,Month-to-month,No,Credit card (automatic),30.42,1499.09,No
TC-02337,Male,1,Yes,Yes,14,Yes,Yes,Fiber optic,No,No,No,Yes,Yes,No,Month-to-month,No,Mailed check,36.16,414.95,Yes
TC-02338,Female,0,Yes,No,51,Yes,No,DSL,Yes,Yes,No,No,Yes,No,Two year,No,Bank transfer (automatic),114.29,5805.31,No
TC-02339,Female,0,No,No,67,Yes,Yes,Fiber optic,Yes,Yes,Yes,No,Yes,No,Month-to-month,No,Mailed check,111.0,7410.13,Yes
TC-02340,Male,0,Yes,No,18,Yes,Yes,Fiber optic,No,Yes,No,No,No,Yes,Month-to-month,No,Bank transfer (automatic),22.69,368.94,No
TC-02341,Female,0,Yes,Yes,24,No,No phone service,DSL,Yes,No,No,Yes,No,Yes,One year,Yes,Credit card (automatic),64.99,1578.76,No
TC-02342,Male,0,No,No,24,Yes,No,Fiber optic,No,Yes,No,No,Yes,No,One year,Yes,Credit card (automatic),55.33,1381.8,Yes
TC-02343,Male,0,Yes,No,32,Yes,Yes,DSL,No,Yes,No,No,Yes,Yes,Month-to-month,Yes,Bank transfer (automatic),83.18,2746.39,Yes
TC-02344,Male,0,No,No,59,Yes,Yes,Fiber optic,No,Yes,Yes,Yes,No,No,Month-to-month,Yes,Mailed check,50.84,2974.77,No
TC-02345,Male,1,No,Yes,36,Yes,No,DSL,No,No,No,No,Yes,Yes,Month-to-month,Yes,Bank transfer (automatic),46.06,1644.02,Yes
TC-02346,Female,0,Yes,No,42,Yes,Yes,Fiber optic,No,No,Yes,No,No,No,Month-to-month,Yes,Electronic check,98.92,4120.65,Yes
TC-02347,Male,1,Yes,No,8,Yes,Yes,DSL,Yes,Yes,Yes,Yes,Yes,Yes,Month-to-month,Yes,Credit card (automatic),112.71,928.59,Yes
TC-02348,Female,0,No,Yes,13,Yes,Yes,Fiber optic,No,No,Yes,No,No,Yes,One year,No,Bank transfer (automatic),38.28,404.26,No
TC-02349,Female,0,Yes,No,2,Yes,No,Fiber optic,No,No,Yes,No,Yes,Yes,Month-to-month,Yes,Mailed check,41.53,63.6,No
TC-02350,Female,0,No,No,68,Yes,Yes,Fiber optic,No,No,Yes,Yes,No,No,Two year,No,Bank transfer (automatic),59.91,4088.45,No
TC-02351,Female,0,Yes,No,55,Yes,Yes,No,No internet service,No internet service,No internet service,No internet service,No internet service,No internet service,Month-to-month,Yes,Mailed check,88.63,4843.49,No
TC-02352,Male,0,Yes,No,25,Yes,Yes,DSL,Yes,No,Yes,Yes,Yes,Yes,Month-to-month,Yes,Credit card (automatic),34.71,846.3,No
TC-02353,Male,0,No,No,52,Yes,Yes,No,No internet service,No internet service,No internet service,No internet service,No internet service,No internet service,One year,Yes,Mailed check,64.79,3418.65,No
TC-02354,Female,0,Yes,No,40,Yes,No,DSL,Yes,Yes,Yes,Yes,Yes,Yes,Month-to-month,Yes,Credit card (automatic),102.08,4080.36,No
TC-02355,Female,0,Yes,No,20,Yes,No,Fiber optic,No,Yes,No,Yes,No,No,Month-to-month,Yes,Credit card (automatic),41.41,887.93,Yes
TC-02356,Male,0,Yes,Yes,38,Yes,No,DSL,No,No,Yes,Yes,No,No,Month-to-month,Yes,Mailed check,22.77,947.13,No
TC-02357,Female,0,No,Yes,22,Yes,Yes,Fiber optic,Yes,No,No,No,No,Yes,Two year,Yes,Bank transfer (automatic),108.68,2417.49,Yes
TC-02358,Male,0,Yes,No,57,Yes,Yes,No,No internet service,No internet service,No internet service,No internet service,No internet service,No internet service,Month-to-month,No,Electronic check,96.75,5500.21,No
TC-02359,Female,0,No,Yes,68,Yes,Yes,No,No internet service,No internet service,No internet service,No internet service,No internet service,No internet service,Two year,No,Bank transfer (automatic),87.88,6054.92,No
TC-02360,Male,0,Yes,No,28,Yes,No,DSL,Yes,Yes,Yes,No,Yes,No,Month-to-month,Yes,Mailed check,26.73,622.11,No
TC-02361,Female,1,No,No,61,Yes,No,DSL,No,Yes,No,No,No,Yes,Two year,Yes,Credit card (automatic),107.93,6506.15,No
TC-02362,Female,0,Yes,No,52,Yes,Yes,Fiber optic,Yes,No,No,No,Yes,Yes,Month-to-month,Yes,Mailed check,48.53,2562.08,Yes
TC-02363,Male,0,Yes,No,44,Yes,Yes,No,No internet service,No internet service,No internet service,No internet service,No internet service,No internet service,One year,No,Bank transfer (automatic),39.15,1846.31,No
TC-02364,Female,0,No,No,26,Yes,Yes,DSL,No,No,No,No,Yes,No,One year,Yes,Mailed check,66.75,1769.63,No
TC-02365,Female,0,Yes,No,33,Yes,No,No,No internet service,No internet service,No internet service,No internet service,No internet service,No internet service,Month-to-month,Yes,Credit card (automatic),110.28,3648.48,No
TC-02366,Male,0,No,Yes,13,Yes,Yes,Fiber optic,No,Yes,No,No,Yes,Yes,One year,No,Mailed check,117.46,1503.66,No
TC-02367,Female,1,Yes,Yes,40,Yes,No,Fiber optic,No,No,No,No,Yes,No,Month-to-month,No,Credit card (automatic),79.41,3204.21,No
TC-02368,Male,1,No,No,59,Yes,No,Fiber optic,Yes,No,Yes,Yes,No,Yes,Month-to-month,No,Credit card (automatic),113.55,6757.35,No
TC-02369,Male,0,Yes,Yes,41,Yes,Yes,No,No internet service,No internet service,No internet service,No internet service,No internet service,No internet service,Month-to-month,Yes,Mailed check,63.33,2633.97,No
TC-02370,Female,0,No,No,50,Yes,Yes,No,No internet service,No internet service,No internet service,No internet service,No internet service,No internet service,Month-to-month,Yes,Bank transfer (automatic),20.97,1051.64,No
TC-02371,Female,0,Yes,No,10,Yes,Yes,DSL,Yes,Yes,Yes,No,Yes,No,Month-to-month,Yes,Bank transfer (automatic),45.57,507.38,No
TC-02372,Female,0,No,No,34,Yes,No,Fiber optic,Yes,Yes,No,Yes,No,Yes,One year,Yes,Electronic check,48.18,1653.37,No
TC-02373,Female,0,No,Yes,18,Yes,Yes,No,No internet service,No internet service,No internet service,No internet service,No internet service,No internet service,Month-to-month,No,Electronic check,96.27,1758.36,Yes
TC-02374,Female,0,Yes,No,64,No,No phone service,DSL,No,No,No,Yes,Yes,Yes,One year,No,Bank transfer (automatic),30.42,1995.42,No
TC-02375,Female,0,No,Yes,60,Yes,No,Fiber optic,Yes,No,Yes,Yes,Yes,Yes,Month-to-month,Yes,Credit card (automatic),35.49,2082.7,No
TC-02376,Female,0,No,No,46,Yes,Yes,DSL,Yes,No,Yes,No,No,Yes,Month-to-month,No,Mailed check,79.43,3652.66,No
TC-02377,Male,0,Yes,Yes,13,Yes,Yes,Fiber optic,No,Yes,No,No,No,No,Month-to-month,Yes,Mailed check,31.06,409.47,Yes
TC-02378,Female,0,Yes,No,66,Yes,No,DSL,No,No,No,No,No,No,Two year,Yes,Mailed check,67.55,4398.26,No
TC-02379,Male,1,Yes,Yes,51,Yes,No,Fiber optic,Yes,No,No,Yes,No,No,Month-to-month,No,Credit card (automatic),21.51,1042.52,No
TC-02380,Female,0,Yes,Yes,31,Yes,Yes,Fiber optic,No,No,Yes,Yes,No,Yes,Month-to-month,Yes,Bank transfer (automatic),84.89,2600.3,Yes
TC-02381,Female,1,Yes,No,9,Yes,No,DSL,No,Yes,Yes,No,No,Yes,Month-to-month,No,Bank transfer (automatic),108.84,1031.64,No
TC-02382,Male,0,Yes,Yes,16,Yes,Yes,Fiber optic,No,Yes,Yes,Yes,Yes,Yes,Month-to-month,Yes,Credit card (automatic),105.49,1678.06,Yes
TC-02383,Female,0,No,No,39,Yes,Yes,DSL,No,Yes,Yes,No,No,No,Two year,No,Credit card (automatic),25.36,995.54,No
TC-02384,Female,1,No,Yes,67,Yes,Yes,No,No internet service,No internet service,No internet service,No internet service,No internet service,No internet service,Month-to-month,Yes,Bank transfer (automatic),77.1,5181.12,No
TC-02385,Male,0,No,No,62,No,No phone service,Fiber optic,Yes,Yes,No,Yes,Yes,No,Two year,Yes,Mailed check,28.38,1791.12,No
TC-02386,Female,0,Yes,No,14,Yes,No,Fiber optic,Yes,Yes,No,Yes,Yes,No,Two year,No,Mailed check,23.35,351.96,No
TC-02387,Female,0,Yes,Yes,38,Yes,Yes,Fiber optic,Yes,No,No,Yes,No,No,One year,No,Mailed check,79.04,3006.89,No
TC-02388,Female,0,No,No,56,Yes,Yes,DSL,Yes,No,Yes,Yes,Yes,No,Month-to-month,No,Bank transfer (automatic),75.25,4207.08,No
TC-02389,Male,0,No,No,9,Yes,No,Fiber optic,Yes,Yes,No,No,No,Yes,Month-to-month,Yes,Mailed check,27.38,301.15,No
TC-02390,Female,1,Yes,Yes,70,Yes,No,No,No internet service,No internet service,No internet service,No internet service,No internet service,No internet service,Two year,Yes,Credit card (automatic),53.99,3754.66,No
TC-02391,Female,1,No,Yes,16,No,No phone service,Fiber optic,No,No,Yes,Yes,Yes,Yes,Month-to-month,Yes,Bank transfer (automatic),49.67,862.73,Yes
TC-02392,Female,1,Yes,No,16,Yes,Yes,Fiber optic,No,No,Yes,Yes,Yes,No,Two year,Yes,Bank transfer (automatic),52.25,807.46,Yes
TC-02393,Female,0,Yes,No,15,No,No phone service,No,No internet service,No internet service,No internet service,No internet service,No internet service,No internet service,Month-to-month,No,Mailed check,51.32,755.62,No
TC-02394,Male,0,No,No,2,Yes,No,Fiber optic,No,Yes,No,No,No,Yes,Month-to-month,Yes,Electronic check,100.47,236.36,Yes
TC-02395,Male,0,Yes,No,50,Yes,Yes,Fiber optic,Yes,Yes,No,No,Yes,Yes,Two year,No,Bank transfer (automatic),53.36,2786.26,No
TC-02396,Female,1,Yes,No,45,Yes,No,No,No internet service,No internet service,No internet service,No internet service,No internet service,No internet service,One year,No,Credit card (automatic),51.04,2199.99,No
TC-02397,Female,0,Yes,Yes,54,Yes,No,Fiber optic,Yes,Yes,No,No,Yes,No,One year,Yes,Bank transfer (automatic),20.96,1175.13,No
TC-02398,Male,0,Yes,No,25,Yes,No,DSL,No,No,Yes,Yes,No,Yes,Month-to-month,Yes,Mailed check,97.04,2449.63,Yes
TC-02399,Male,0,No,No,30,Yes,No,DSL,No,No,No,Yes,Yes,No,Two year,Yes,Credit card (automatic),83.99,2497.03,No
TC-02400,Female,0,Yes,No,71,No,No phone service,Fiber optic,No,Yes,No,Yes,No,Yes,Month-to-month,No,Electronic check,52.14,3719.9,Yes
TC-02401,Male,0,Yes,No,18,Yes,Yes,Fiber optic,No,No,No,Yes,No,No,Two year,Yes,Electronic check,63.18,1077.19,No
TC-02402,Female,1,No,No,67,Yes,Yes,DSL,Yes,No,No,No,Yes,Yes,Two year,No,Mailed check,97.41,6486.83,No
TC-02403,Male,1,Yes,No,14,Yes,Yes,DSL,No,No,Yes,Yes,Yes,Yes,Month-to-month,Yes,Credit card (automatic),52.42,755.28,Yes
TC-02404,Male,0,Yes,No,57,Yes,No,No,No internet service,No internet service,No internet service,No internet service,No internet service,No internet service,Month-to-month,Yes,Credit card (automatic),65.34,3673.96,Yes
TC-02405,Male,0,No,Yes,29,Yes,No,DSL,No,No,Yes,No,No,No,Month-to-month,No,Electronic check,19.98,586.97,No
TC-02406,Male,1,No,Yes,47,Yes,No,Fiber optic,Yes,Yes,No,Yes,Yes,Yes,Month-to-month,Yes,Mailed check,109.83,5128.82,Yes
TC-02407,Female,0,Yes,No,55,Yes,No,DSL,Yes,Yes,Yes,Yes,No,No,Month-to-month,No,Mailed check,55.12,3008.93,No
TC-02408,Male,0,Yes,No,41,Yes,Yes,Fiber optic,No,No,No,Yes,Yes,Yes,Month-to-month,Yes,Electronic check,47.64,2007.03,No
TC-02409,Male,0,No,Yes,23,No,No phone service,Fiber optic,No,Yes,Yes,Yes,Yes,No,One year,Yes,Bank transfer (automatic),78.91,1756.67,Yes
TC-02410,Female,0,Yes,No,51,Yes,No,No,No internet service,No internet service,No internet service,No internet service,No internet service,No internet service,Two year,No,Electronic check,70.67,3602.48,No
TC-02411,Male,0,Yes,No,42,Yes,Yes,No,No internet service,No internet service,No internet service,No internet service,No internet service,No internet service,Month-to-month,Yes,Credit card (automatic),58.09,2463.71,No
TC-02412,Male,0,Yes,Yes,33,Yes,Yes,DSL,No,Yes,Yes,Yes,Yes,Yes,One year,No,Bank transfer (automatic),110.24,3650.82,No
TC-02413,Female,0,No,Yes,59,Yes,No,Fiber optic,Yes,No,Yes,No,Yes,Yes,Month-to-month,No,Bank transfer (automatic),54.3,3174.12,No
TC-02414,Male,0,Yes,No,2,Yes,Yes,Fiber optic,Yes,Yes,Yes,Yes,Yes,Yes,One year,No,Bank transfer (automatic),117.84,253.94,Yes
TC-02415,Female,1,No,No,67,Yes,Yes,DSL,No,No,No,No,Yes,Yes,One year,Yes,Credit card (automatic),96.91,6441.48,No
TC-02416,Female,0,No,No,10,Yes,No,Fiber optic,Yes,No,No,Yes,Yes,Yes,Two year,No,Electronic check,108.33,1058.95,Yes
TC-02417,Female,1,No,No,12,Yes,No,No,No internet service,No internet service,No internet service,No internet service,No internet service,No internet service,One year,No,Bank transfer (automatic),46.28,634.89,No
TC-02418,Female,0,No,No,49,Yes,No,Fiber optic,No,Yes,No,No,Yes,No,Month-to-month,No,Mailed check,25.02,1257.95,No
TC-02419,Male,0,Yes,Yes,18,Yes,Yes,Fiber optic,No,Yes,No,No,Yes,No,Two year,Yes,Mailed check,59.92,1078.7,Yes
TC-02420,Female,0,No,No,43,Yes,No,Fiber optic,No,No,Yes,No,No,Yes,Month-to-month,Yes,Bank transfer (automatic),49.34,2144.12,Yes
TC-02421,Male,1,Yes,No,32,Yes,No,Fiber optic,Yes,Yes,No,No,No,No,Two year,No,Electronic check,24.07,729.93,No
TC-02422,Male,0,No,No,37,Yes,Yes,Fiber optic,No,No,No,No,No,No,Two year,Yes,Credit card (automatic),25.15,944.62,No
TC-02423,Male,0,No,Yes,2,Yes,Yes,Fiber optic,No,Yes,Yes,Yes,Yes,No,Month-to-month,No,Bank transfer (automatic),35.43,48.29,Yes
TC-02424,Male,0,Yes,Yes,64,Yes,No,Fiber optic,Yes,No,Yes,Yes,No,No,Month-to-month,No,Credit card (automatic),55.78,3540.92,No
TC-02425,Male,0,No,No,34,Yes,Yes,DSL,Yes,No,No,Yes,Yes,Yes,Month-to-month,Yes,Mailed check,111.52,3785.49,No
TC-02426,Male,0,No,No,35,Yes,Yes,No,No internet service,No internet service,No internet service,No internet service,No internet service,No internet service,Month-to-month,No,Mailed check,83.78,2902.23,Yes
TC-02427,Male,1,Yes,No,37,Yes,No,DSL,Yes,Yes,No,Yes,No,No,Month-to-month,Yes,Bank transfer (automatic),57.84,2147.14,No
TC-02428,Male,1,No,No,38,Yes,No,Fiber optic,No,No,No,Yes,Yes,Yes,Two year,Yes,Credit card (automatic),97.94,3742.55,No
TC-02429,Male,0,No,No,24,Yes,Yes,No,No internet service,No internet service,No internet service,No internet service,No internet service,No internet service,Two year,Yes,Electronic check,74.85,1782.76,No
TC-02430,Male,1,No,No,63,Yes,No,Fiber optic,No,Yes,Yes,Yes,No,Yes,One year,No,Mailed check,59.74,3621.03,No
TC-02431,Female,0,Yes,No,12,Yes,Yes,DSL,Yes,Yes,No,Yes,Yes,No,Month-to-month,Yes,Credit card (automatic),32.44,345.85,No
TC-02432,Female,0,No,No,67,Yes,Yes,No,No internet service,No internet service,No internet service,No internet service,No internet service,No internet service,Two year,No,Electronic check,110.7,7362.82,No
TC-02433,Female,0,Yes,No,69,Yes,Yes,No,No internet service,No internet service,No internet service,No internet service,No internet service,No internet service,One year,No,Credit card (automatic),80.39,5565.42,No
TC-02434,Male,0,Yes,Yes,0,Yes,Yes,Fiber optic,Yes,No,No,No,Yes,No,Month-to-month,No,Mailed check,61.93,61.93,No
TC-02435,Female,0,Yes,Yes,71,Yes,No,Fiber optic,No,No,Yes,Yes,No,Yes,Two year,No,Mailed check,61.83,4364.89,No
TC-02436,Female,1,No,No,53,Yes,Yes,Fiber optic,No,Yes,No,No,Yes,Yes,One year,No,Bank transfer (automatic),94.5,5050.49,No
TC-02437,Female,0,No,No,8,No,No phone service,Fiber optic,No,Yes,No,Yes,No,Yes,One year,Yes,Credit card (automatic),35.95,248.57,No
TC-02438,Male,0,No,No,35,Yes,Yes,Fiber optic,Yes,No,Yes,No,No,No,Two year,No,Mailed check,59.75,2101.39,Yes
TC-02439,Male,0,No,No,36,No,No phone service,DSL,Yes,No,Yes,No,No,Yes,Two year,Yes,Credit card (automatic),24.3,843.91,No
TC-02440,Male,1,Yes,No,58,Yes,No,DSL,No,Yes,Yes,Yes,Yes,No,Month-to-month,Yes,Bank transfer (automatic),25.99,1483.87,No
TC-02441,Male,0,Yes,No,20,No,No phone service,DSL,Yes,Yes,No,Yes,Yes,No,Month-to-month,Yes,Mailed check,70.63,1354.42,Yes
TC-02442,Female,0,No,No,19,No,No phone service,DSL,Yes,Yes,Yes,No,No,Yes,Month-to-month,No,Mailed check,56.08,1039.46,No
TC-02443,Female,0,No,Yes,0,Yes,Yes,No,No internet service,No internet service,No internet service,No internet service,No internet service,No internet service,Month-to-month,Yes,Electronic check,89.95,89.95,Yes
TC-02444,Female,0,Yes,No,58,Yes,No,Fiber optic,No,No,Yes,Yes,Yes,No,Month-to-month,Yes,Bank transfer (automatic),116.67,6718.61,Yes
TC-02445,Female,0,No,No,27,Yes,No,Fiber optic,No,No,Yes,Yes,No,No,Month-to-month,No,Credit card (automatic),103.94,2770.6,No
TC-02446,Male,0,No,No,70,No,No phone service,No,No internet service,No internet service,No internet service,No internet service,No internet service,No internet service,Month-to-month,No,Credit card (automatic),62.19,4462.8,Yes
TC-02447,Male,0,No,No,55,Yes,Yes,DSL,Yes,Yes,Yes,No,Yes,No,Month-to-month,Yes,Electronic check,55.79,3081.29,No
TC-02448,Male,0,No,Yes,8,Yes,No,No,No internet service,No internet service,No internet service,No internet service,No internet service,No internet service,Two year,Yes,Bank transfer (automatic),76.51,629.0,No
TC-02449,Female,0,No,No,64,Yes,Yes,No,No internet service,No internet service,No internet service,No internet service,No internet service,No internet service,One year,Yes,Credit card (automatic),27.17,1707.57,No
TC-02450,Male,0,No,No,35,Yes,No,No,No internet service,No internet service,No internet service,No internet service,No internet service,No internet service,Month-to-month,No,Credit card (automatic),116.77,4139.06,No
TC-02451,Male,0,Yes,No,33,Yes,No,DSL,No,Yes,No,Yes,Yes,No,Month-to-month,Yes,Electronic check,116.1,3891.55,Yes
TC-02452,Female,1,Yes,No,31,Yes,No,DSL,No,No,Yes,No,No,Yes,Two year,Yes,Mailed check,110.3,3389.05,No
TC-02453,Female,0,Yes,No,65,Yes,Yes,Fiber optic,No,Yes,No,No,Yes,No,Month-to-month,Yes,Credit card (automatic),84.22,5527.73,No
TC-02454,Male,1,Yes,No,24,No,No phone service,DSL,Yes,No,No,No,No,Yes,Month-to-month,No,Bank transfer (automatic),68.31,1706.43,Yes
TC-02455,Male,0,No,Yes,50,Yes,No,Fiber optic,No,Yes,No,Yes,No,Yes,Two year,No,Credit card (automatic),88.67,4330.05,No
TC-02456,Male,0,No,No,62,Yes,Yes,DSL,Yes,Yes,Yes,No,No,Yes,One year,Yes,Credit card (automatic),49.44,3108.26,No
TC-02457,Male,0,Yes,No,44,Yes,No,Fiber optic,No,No,No,Yes,No,Yes,Month-to-month,Yes,Bank transfer (automatic),103.22,4503.47,Yes
TC-02458,Male,1,Yes,No,25,No,No phone service,Fiber optic,No,No,No,No,No,Yes,Month-to-month,No,Bank transfer (automatic),31.46,852.78,Yes
TC-02459,Male,0,Yes,No,20,Yes,Yes,Fiber optic,No,No,Yes,No,No,Yes,Month-to-month,Yes,Mailed check,98.35,1926.97,No
TC-02460,Female,0,Yes,No,50,Yes,Yes,DSL,No,Yes,Yes,No,Yes,No,One year,No,Credit card (automatic),104.75,5267.85,No
TC-02461,Female,1,Yes,No,23,Yes,No,No,No internet service,No internet service,No internet service,No internet service,No internet service,No internet service,One year,Yes,Mailed check,35.02,717.48,No
TC-02462,Female,0,No,Yes,11,Yes,No,DSL,No,Yes,No,Yes,No,No,Month-to-month,No,Bank transfer (automatic),65.86,780.24,No
TC-02463,Male,0,No,No,10,Yes,Yes,DSL,Yes,Yes,No,No,No,No,Month-to-month,No,Electronic check,107.17,1075.37,No
TC-02464,Female,0,Yes,Yes,26,Yes,Yes,Fiber optic,No,No,Yes,No,Yes,No,One year,No,Electronic check,113.93,3026.75,No
TC-02465,Male,0,Yes,Yes,22,Yes,Yes,Fiber optic,Yes,No,Yes,No,Yes,Yes,Month-to-month,Yes,Mailed check,99.14,2145.25,No
TC-02466,Male,0,No,No,32,Yes,No,Fiber optic,No,No,No,No,No,Yes,Two year,Yes,Credit card (automatic),112.09,3597.54,Yes
TC-02467,Female,0,No,Yes,37,No,No phone service,No,No internet service,No internet service,No internet service,No internet service,No internet service,No internet service,Month-to-month,Yes,Mailed check,111.7,4208.85,Yes
TC-02468,Male,0,No,No,54,Yes,Yes,No,No internet service,No internet service,No internet service,No internet service,No internet service,No internet service,Month-to-month,No,Credit card (automatic),115.97,6261.09,Yes
TC-02469,Male,0,Yes,No,69,Yes,No,DSL,Yes,Yes,Yes,No,No,Yes,Month-to-month,Yes,Electronic check,59.34,4115.94,No
TC-02470,Female,1,No,No,41,Yes,No,Fiber optic,No,No,Yes,Yes,No,No,Two year,No,Electronic check,46.69,1949.26,No
TC-02471,Female,1,Yes,No,28,Yes,Yes,Fiber optic,Yes,No,No,No,Yes,Yes,One year,No,Mailed check,81.29,2198.52,Yes
TC-02472,Female,0,Yes,No,33,Yes,Yes,No,No internet service,No internet service,No internet service,No internet service,No internet service,No internet service,Two year,Yes,Credit card (automatic),36.89,1191.32,No
TC-02473,Male,0,No,No,56,Yes,Yes,Fiber optic,Yes,No,Yes,Yes,Yes,Yes,Month-to-month,Yes,Credit card (automatic),73.7,4184.09,No
TC-02474,Female,0,No,No,2,Yes,Yes,Fiber optic,No,Yes,Yes,No,Yes,No,One year,Yes,Credit card (automatic),75.93,49.48,No
TC-02475,Female,0,No,Yes,5,Yes,No,Fiber optic,Yes,No,No,No,Yes,Yes,Month-to-month,No,Credit card (automatic),98.64,549.1,No
TC-02476,Male,0,Yes,No,47,Yes,Yes,Fiber optic,Yes,No,No,Yes,No,Yes,One year,No,Electronic check,54.18,2517.02,No
TC-02477,Female,0,No,No,63,Yes,No,No,No internet service,No internet service,No internet service,No internet service,No internet service,No internet service,Month-to-month,Yes,Electronic check,78.18,5028.1,No
TC-02478,Female,0,No,No,12,Yes,No,DSL,Yes,Yes,No,No,Yes,Yes,Month-to-month,Yes,Electronic check,108.33,1321.8,No
TC-02479,Female,0,Yes,No,35,Yes,Yes,No,No internet service,No internet service,No internet service,No internet service,No internet service,No internet service,Two year,Yes,Mailed check,60.18,2066.27,No
TC-02480,Male,0,No,No,69,Yes,No,Fiber optic,Yes,Yes,No,Yes,No,Yes,One year,Yes,Electronic check,75.17,5235.7,No
TC-02481,Male,1,No,No,32,Yes,Yes,Fiber optic,Yes,Yes,Yes,Yes,No,No,Two year,No,Bank transfer (automatic),96.74,3167.34,No
TC-02482,Male,0,Yes,No,56,Yes,No,Fiber optic,No,Yes,Yes,No,Yes,No,Month-to-month,No,Mailed check,42.96,2435.97,No
TC-02483,Male,0,Yes,No,54,No,No phone service,DSL,Yes,Yes,Yes,Yes,No,No,Month-to-month,Yes,Bank transfer (automatic),28.34,1508.06,No
TC-02484,Female,0,Yes,Yes,12,Yes,No,No,No internet service,No internet service,No internet service,No internet service,No internet service,No internet service,Two year,Yes,Credit card (automatic),86.18,1106.07,Yes
TC-02485,Male,0,Yes,No,50,Yes,No,DSL,No,Yes,No,No,No,Yes,Month-to-month,Yes,Bank transfer (automatic),55.05,2706.05,No
TC-02486,Male,0,Yes,Yes,52,Yes,Yes,DSL,Yes,No,Yes,Yes,No,Yes,Month-to-month,No,Credit card (automatic),56.16,2973.9,No
TC-02487,Female,0,No,No,35,Yes,No,DSL,Yes,Yes,No,Yes,Yes,Yes,Month-to-month,Yes,Electronic check,111.01,3764.93,No
TC-02488,Female,0,No,No,4,Yes,No,DSL,No,No,Yes,Yes,No,Yes,Month-to-month,Yes,Bank transfer (automatic),58.79,241.04,No
TC-02489,Female,0,Yes,Yes,24,Yes,No,Fiber optic,Yes,Yes,Yes,Yes,No,No,Two year,Yes,Mailed check,113.37,2692.97,No
TC-02490,Male,0,No,No,36,Yes,No,DSL,Yes,No,Yes,No,No,Yes,Month-to-month,Yes,Credit card (automatic),28.64,962.42,No
TC-02491,Male,0,No,No,18,Yes,No,Fiber optic,No,Yes,Yes,No,Yes,Yes,Two year,Yes,Mailed check,52.3,1006.64,No
TC-02492,Male,1,Yes,No,34,Yes,No,Fiber optic,No,Yes,Yes,No,No,Yes,Two year,Yes,Mailed check,87.29,2860.5,No
TC-02493,Female,0,Yes,Yes,33,Yes,No,No,No internet service,No internet service,No internet service,No internet service,No internet service,No internet service,Month-to-month,No,Mailed check,30.6,1078.99,Yes
TC-02494,Female,0,Yes,No,53,Yes,No,DSL,Yes,No,Yes,Yes,Yes,Yes,Two year,Yes,Electronic check,56.7,2928.46,No
TC-02495,Male,1,No,No,45,Yes,No,DSL,Yes,No,No,No,No,No,One year,Yes,Mailed check,103.17,4695.32,No
TC-02496,Female,0,Yes,No,5,Yes,Yes,DSL,Yes,No,No,Yes,Yes,Yes,Two year,No,Bank transfer (automatic),94.18,431.93,No
TC-02497,Female,0,No,No,0,Yes,No,No,No internet service,No internet service,No internet service,No internet service,No internet service,No internet service,Two year,No,Electronic check,46.21,46.21,No
TC-02498,Female,0,No,No,70,Yes,No,Fiber optic,No,No,No,Yes,Yes,Yes,Month-to-month,No,Credit card (automatic),53.65,3732.86,No
TC-02499,Male,0,No,No,33,Yes,Yes,Fiber optic,Yes,Yes,Yes,Yes,Yes,No,Two year,Yes,Credit card (automatic),68.51,2289.02,No
TC-02500,Female,0,No,No,55,Yes,No,Fiber optic,No,No,No,Yes,No,Yes,Month-to-month,Yes,Mailed check,91.13,4967.23,Yes
TC-02501,Female,0,Yes,Yes,25,Yes,No,DSL,No,No,No,Yes,No,Yes,One year,Yes,Credit card (automatic),33.19,842.76,No
TC-02502,Male,1,No,Yes,41,Yes,Yes,DSL,No,Yes,No,No,Yes,Yes,Month-to-month,Yes,Credit card (automatic),70.77,2936.06,No
TC-02503,Male,1,Yes,Yes,37,Yes,No,No,No internet service,No internet service,No internet service,No internet service,No internet service,No internet service,One year,No,Bank transfer (automatic),25.34,1012.23,No
TC-02504,Female,0,No,No,25,Yes,Yes,DSL,No,No,No,No,Yes,Yes,Month-to-month,Yes,Bank transfer (automatic),57.78,1447.66,Yes
TC-02505,Female,0,Yes,No,58,No,No phone service,No,No internet service,No internet service,No internet service,No internet service,No internet service,No internet service,Month-to-month,No,Mailed check,37.1,2210.09,No
TC-02506,Male,0,Yes,No,23,Yes,No,No,No internet service,No internet service,No internet service,No internet service,No internet service,No internet service,One year,Yes,Mailed check,48.9,1167.16,No
TC-02507,Male,0,Yes,No,20,Yes,Yes,Fiber optic,No,No,No,No,Yes,Yes,Month-to-month,Yes,Bank transfer (automatic),51.15,1018.38,Yes
TC-02508,Female,0,No,No,59,Yes,Yes,No,No internet service,No internet service,No internet service,No internet service,No internet service,No internet service,One year,No,Bank transfer (automatic),95.01,5662.95,No
TC-02509,Female,0,No,No,19,Yes,No,DSL,Yes,No,Yes,No,No,Yes,Two year,Yes,Mailed check,44.52,890.58,No
TC-02510,Female,1,No,Yes,5,Yes,No,DSL,Yes,No,No,Yes,Yes,Yes,Month-to-month,No,Bank transfer (automatic),84.38,413.6,No
TC-02511,Female,1,Yes,Yes,66,Yes,Yes,DSL,Yes,No,No,Yes,No,Yes,One year,Yes,Mailed check,71.33,4743.45,No
TC-02512,Male,0,No,No,9,No,No phone service,DSL,Yes,No,Yes,No,No,No,One year,Yes,Electronic check,98.42,899.37,No
TC-02513,Female,0,No,No,11,Yes,Yes,DSL,Yes,Yes,No,Yes,No,Yes,Two year,Yes,Electronic check,50.16,579.16,No
TC-02514,Female,0,No,No,21,Yes,Yes,Fiber optic,Yes,No,Yes,No,No,Yes,One year,No,Credit card (automatic),117.47,2561.01,Yes
TC-02515,Male,0,Yes,No,61,Yes,No,DSL,No,No,No,Yes,Yes,Yes,Month-to-month,No,Credit card (automatic),47.58,2862.17,Yes
TC-02516,Female,0,No,No,60,Yes,Yes,Fiber optic,No,No,No,Yes,No,No,Month-to-month,No,Mailed check,75.95,4569.73,Yes
TC-02517,Male,0,No,No,16,Yes,No,DSL,No,No,Yes,No,Yes,Yes,Two year,No,Mailed check,81.22,1301.05,No
TC-02518,Female,0,Yes,No,9,Yes,No,DSL,Yes,Yes,No,No,No,Yes,Month-to-month,Yes,Mailed check,71.82,685.79,No
TC-02519,Female,0,Yes,Yes,11,Yes,No,Fiber optic,No,No,Yes,Yes,Yes,Yes,Month-to-month,No,Credit card (automatic),103.88,1120.09,Yes
TC-02520,Male,0,Yes,No,39,Yes,No,Fiber optic,Yes,No,No,No,Yes,Yes,Two year,No,Bank transfer (automatic),29.3,1114.38,No
TC-02521,Male,0,Yes,No,22,Yes,Yes,No,No internet service,No internet service,No internet service,No internet service,No internet service,No internet service,Month-to-month,No,Bank transfer (automatic),77.73,1706.84,Yes
TC-02522,Female,0,Yes,No,39,No,No phone service,No,No internet service,No internet service,No internet service,No internet service,No internet service,No internet service,Month-to-month,Yes,Credit card (automatic),68.63,2700.32,No
TC-02523,Female,0,Yes,Yes,49,Yes,No,Fiber optic,Yes,No,Yes,No,Yes,Yes,Two year,Yes,Electronic check,59.72,2903.42,No
TC-02524,Female,0,No,No,9,Yes,No,No,No internet service,No internet service,No internet service,No internet service,No internet service,No internet service,One year,Yes,Mailed check,52.62,340.85,No
TC-02525,Male,1,No,No,3,Yes,Yes,DSL,No,Yes,No,No,Yes,No,Month-to-month,No,Mailed check,33.29,52.26,Yes
TC-02526,Female,0,Yes,No,0,Yes,No,Fiber optic,No,No,Yes,Yes,No,Yes,Month-to-month,No,Credit card (automatic),83.0,83.0,Yes
TC-02527,Male,0,No,Yes,42,Yes,Yes,Fiber optic,No,No,Yes,No,No,No,Month-to-month,No,Mailed check,29.77,1327.69,No
TC-02528,Male,0,Yes,Yes,4,Yes,Yes,Fiber optic,Yes,No,No,Yes,No,Yes,Month-to-month,No,Bank transfer (automatic),100.93,378.91,No
TC-02529,Female,0,No,No,33,Yes,Yes,Fiber optic,No,No,No,Yes,Yes,No,Month-to-month,No,Mailed check,62.77,2161.28,Yes
TC-02530,Male,0,Yes,No,65,No,No phone service,No,No internet service,No internet service,No internet service,No internet service,No internet service,No internet service,Month-to-month,No,Bank transfer (automatic),78.54,5088.77,No
TC-02531,Female,0,Yes,Yes,23,Yes,No,Fiber optic,No,Yes,No,No,Yes,Yes,Month-to-month,Yes,Credit card (automatic),25.78,516.19,No
TC-02532,Female,0,No,No,13,Yes,No,DSL,No,No,Yes,Yes,Yes,Yes,Two year,No,Electronic check,27.34,340.12,No
TC-02533,Female,0,No,Yes,40,Yes,Yes,Fiber optic,Yes,Yes,Yes,Yes,No,No,Two year,Yes,Mailed check,41.59,1699.87,No
TC-02534,Female,0,No,No,41,Yes,Yes,Fiber optic,Yes,Yes,No,Yes,No,Yes,Month-to-month,Yes,Credit card (automatic),95.97,3906.5,No
TC-02535,Female,0,No,No,12,Yes,No,Fiber optic,Yes,No,Yes,Yes,Yes,Yes,Month-to-month,Yes,Mailed check,66.58,829.13,Yes
TC-02536,Male,0,No,No,28,Yes,Yes,DSL,No,No,Yes,Yes,No,Yes,Two year,Yes,Bank transfer (automatic),49.09,1387.86,No
TC-02537,Male,0,No,No,64,Yes,Yes,No,No internet service,No internet service,No internet service,No internet service,No internet service,No internet service,Month-to-month,Yes,Mailed check,102.95,6574.48,No
TC-02538,Female,0,No,No,45,Yes,Yes,No,No internet service,No internet service,No internet service,No internet service,No internet service,No internet service,One year,Yes,Credit card (automatic),37.19,1712.37,No
TC-02539,Female,0,No,No,33,Yes,No,Fiber optic,Yes,Yes,No,No,No,No,Two year,Yes,Credit card (automatic),43.95,1511.81,Yes
TC-02540,Male,0,Yes,No,62,Yes,Yes,DSL,No,Yes,No,Yes,No,No,Month-to-month,Yes,Bank transfer (automatic),95.67,5940.63,No
TC-02541,Male,1,No,No,3,Yes,Yes,Fiber optic,Yes,No,Yes,Yes,No,Yes,Month-to-month,No,Mailed check,20.7,91.59,No
TC-02542,Male,0,No,No,27,No,No phone service,Fiber optic,No,No,No,Yes,Yes,No,Two year,Yes,Electronic check,40.03,1007.99,Yes
TC-02543,Male,1,Yes,No,0,Yes,No,Fiber optic,Yes,Yes,No,No,Yes,Yes,One year,Yes,Credit card (automatic),70.13,70.13,No
TC-02544,Female,1,Yes,Yes,35,No,No phone service,DSL,No,No,Yes,Yes,No,Yes,Month-to-month,Yes,Mailed check,109.5,3805.85,Yes
TC-02545,Female,0,Yes,Yes,12,Yes,No,Fiber optic,Yes,Yes,No,No,No,No,Two year,Yes,Bank transfer (automatic),44.59,491.99,No
TC-02546,Male,0,Yes,No,4,No,No phone service,Fiber optic,No,No,Yes,Yes,No,No,Two year,No,Credit card (automatic),39.31,201.58,No
TC-02547,Female,0,No,No,13,Yes,No,No,No internet service,No internet service,No internet service,No internet service,No internet service,No internet service,Month-to-month,Yes,Mailed check,115.49,1482.18,No
TC-02548,Male,1,No,Yes,31,Yes,No,Fiber optic,No,No,No,Yes,Yes,No,Month-to-month,No,Bank transfer (automatic),70.45,2149.24,Yes
TC-02549,Female,0,Yes,No,49,Yes,Yes,No,No internet service,No internet service,No internet service,No internet service,No internet service,No internet service,Month-to-month,Yes,Mailed check,24.25,1173.57,No
TC-02550,Male,0,Yes,No,26,Yes,Yes,No,No internet service,No internet service,No internet service,No internet service,No internet service,No internet service,Two year,Yes,Bank transfer (automatic),45.65,1126.1,No
TC-02551,Female,0,No,No,34,Yes,No,Fiber optic,Yes,No,Yes,Yes,No,No,Month-to-month,No,Mailed check,71.37,2391.34,No
TC-02552,Male,0,No,Yes,2,Yes,Yes,Fiber optic,No,Yes,Yes,No,Yes,No,Month-to-month,No,Electronic check,25.2,101.51,No
TC-02553,Male,0,No,No,3,Yes,Yes,DSL,Yes,Yes,No,No,Yes,No,Month-to-month,No,Mailed check,87.26,320.07,Yes
TC-02554,Female,0,No,No,6,Yes,No,Fiber optic,No,Yes,No,No,Yes,No,Month-to-month,Yes,Bank transfer (automatic),70.25,424.77,Yes
TC-02555,Male,0,Yes,No,2,Yes,No,DSL,Yes,No,No,No,Yes,No,Two year,No,Electronic check,88.97,143.97,No
TC-02556,Female,1,No,Yes,58,Yes,Yes,DSL,Yes,No,Yes,No,No,Yes,Two year,Yes,Electronic check,52.17,3046.55,No
TC-02557,Female,0,Yes,No,0,Yes,Yes,No,No internet service,No internet service,No internet service,No internet service,No internet service,No internet service,Month-to-month,Yes,Credit card (automatic),60.0,60.0,No
TC-02558,Male,0,Yes,No,27,Yes,Yes,No,No internet service,No internet service,No internet service,No internet service,No internet service,No internet service,Two year,Yes,Credit card (automatic),110.81,3050.42,Yes
TC-02559,Female,0,Yes,No,58,No,No phone service,DSL,Yes,Yes,Yes,Yes,Yes,Yes,Month-to-month,Yes,Credit card (automatic),39.07,2262.58,Yes
TC-02560,Female,0,No,No,52,Yes,No,Fiber optic,No,Yes,Yes,No,Yes,Yes,One year,No,Bank transfer (automatic),21.95,1089.68,Yes
TC-02561,Female,0,Yes,No,9,No,No phone service,Fiber optic,No,Yes,Yes,No,Yes,Yes,Two year,Yes,Bank transfer (automatic),116.22,1120.34,No
TC-02562,Female,0,No,No,70,Yes,No,Fiber optic,Yes,Yes,No,No,Yes,Yes,Month-to-month,No,Mailed check,18.74,1313.93,Yes
TC-02563,Female,0,Yes,Yes,2,No,No phone service,DSL,No,Yes,No,No,Yes,No,Two year,No,Electronic check,106.82,192.33,No
TC-02564,Male,0,No,No,6,Yes,No,Fiber optic,Yes,No,No,Yes,No,No,One year,Yes,Bank transfer (automatic),100.6,706.08,No
TC-02565,Female,0,Yes,Yes,8,Yes,Yes,Fiber optic,No,No,Yes,Yes,No,Yes,One year,Yes,Mailed check,66.76,507.81,No
TC-02566,Female,0,Yes,Yes,68,Yes,No,DSL,Yes,No,Yes,Yes,Yes,Yes,Month-to-month,No,Mailed check,88.53,6057.47,No
TC-02567,Female,0,No,No,12,Yes,Yes,Fiber optic,No,No,No,Yes,No,Yes,Two year,Yes,Bank transfer (automatic),28.51,376.78,No
TC-02568,Female,0,No,No,39,Yes,Yes,No,No internet service,No internet service,No internet service,No internet service,No internet service,No internet service,Two year,Yes,Electronic check,94.37,3638.06,No
TC-02569,Female,0,Yes,No,61,Yes,No,No,No internet service,No internet service,No internet service,No internet service,No internet service,No internet service,Month-to-month,Yes,Bank transfer (automatic),96.38,5872.2,No
TC-02570,Male,0,Yes,No,61,Yes,No,Fiber optic,No,Yes,Yes,Yes,Yes,No,One year,No,Mailed check,23.13,1398.33,No
TC-02571,Female,0,No,No,9,Yes,Yes,DSL,Yes,Yes,No,Yes,No,No,One year,Yes,Bank transfer (automatic),67.72,521.14,No
TC-02572,Male,0,Yes,Yes,10,Yes,Yes,Fiber optic,No,No,No,No,Yes,Yes,Two year,Yes,Credit card (automatic),112.81,1029.9,No
TC-02573,Male,1,No,Yes,61,Yes,No,No,No internet service,No internet service,No internet service,No internet service,No internet service,No internet service,Month-to-month,No,Mailed check,113.11,6790.92,No
TC-02574,Male,1,No,Yes,55,Yes,Yes,Fiber optic,No,No,Yes,No,Yes,No,One year,Yes,Bank transfer (automatic),116.45,6382.26,No
TC-02575,Male,0,Yes,No,48,Yes,Yes,No,No internet service,No internet service,No internet service,No internet service,No internet service,No internet service,Month-to-month,Yes,Bank transfer (automatic),83.67,3966.5,No
TC-02576,Female,0,No,Yes,15,Yes,Yes,DSL,Yes,No,Yes,Yes,No,Yes,Month-to-month,No,Electronic check,32.11,435.06,No
TC-02577,Male,0,Yes,No,8,Yes,No,Fiber optic,No,Yes,No,Yes,Yes,Yes,Month-to-month,No,Electronic check,59.29,453.28,No
TC-02578,Male,0,No,No,32,Yes,Yes,DSL,Yes,Yes,No,Yes,No,No,Month-to-month,No,Credit card (automatic),90.69,2902.26,No
TC-02579,Female,0,No,Yes,34,No,No phone service,No,No internet service,No internet service,No internet service,No internet service,No internet service,No internet service,Month-to-month,Yes,Mailed check,46.38,1561.28,No
TC-02580,Female,0,Yes,Yes,38,Yes,Yes,DSL,No,No,Yes,No,No,No,Two year,Yes,Credit card (automatic),99.01,3727.14,No
TC-02581,Female,0,No,No,24,Yes,No,DSL,No,Yes,Yes,No,No,No,Two year,No,Credit card (automatic),104.14,2595.91,No
TC-02582,Male,0,Yes,No,55,Yes,No,Fiber optic,Yes,No,Yes,Yes,No,Yes,Month-to-month,Yes,Credit card (automatic),94.35,5179.2,No
TC-02583,Female,0,No,No,47,Yes,No,Fiber optic,Yes,Yes,Yes,Yes,Yes,No,Month-to-month,Yes,Electronic check,52.21,2503.79,No
TC-02584,Female,0,No,No,9,Yes,Yes,No,No internet service,No internet service,No internet service,No internet service,No internet service,No internet service,Two year,Yes,Bank transfer (automatic),92.15,767.52,No
TC-02585,Male,0,No,No,40,Yes,Yes,Fiber optic,No,Yes,Yes,Yes,No,No,Month-to-month,No,Credit card (automatic),25.23,1075.96,Yes
TC-02586,Female,0,No,No,58,Yes,Yes,No,No internet service,No internet service,No internet service,No internet service,No internet service,No internet service,One year,No,Electronic check,51.52,2960.74,No
TC-02587,Female,0,Yes,No,27,Yes,Yes,DSL,Yes,No,Yes,Yes,No,No,Month-to-month,Yes,Bank transfer (automatic),94.56,2693.2,No
TC-02588,Female,0,No,No,40,Yes,Yes,Fiber optic,Yes,Yes,No,No,Yes,No,Two year,Yes,Bank transfer (automatic),97.48,3833.61,No
TC-02589,Female,0,No,No,65,Yes,Yes,No,No internet service,No internet service,No internet service,No internet service,No internet service,No internet service,One year,Yes,Mailed check,49.88,3188.85,No
TC-02590,Male,0,No,No,50,Yes,No,Fiber optic,Yes,Yes,No,No,Yes,No,Month-to-month,Yes,Electronic check,114.03,5692.06,No
TC-02591,Female,0,Yes,No,61,No,No phone service,No,No internet service,No internet service,No internet service,No internet service,No internet service,No internet service,Month-to-month,No,Credit card (automatic),45.33,2747.39,No
TC-02592,Female,0,Yes,No,29,Yes,No,Fiber optic,Yes,Yes,No,Yes,No,Yes,Month-to-month,Yes,Mailed check,84.0,2377.37,No
TC-02593,Male,0,Yes,Yes,39,Yes,Yes,Fiber optic,Yes,Yes,Yes,Yes,No,Yes,One year,No,Bank transfer (automatic),105.9,4203.8,No
TC-02594,Female,1,Yes,No,39,Yes,Yes,Fiber optic,Yes,Yes,Yes,Yes,No,No,Month-to-month,Yes,Credit card (automatic),73.14,2920.9,No
TC-02595,Male,0,No,No,68,Yes,No,No,No internet service,No internet service,No internet service,No internet service,No internet service,No internet service,Month-to-month,No,Credit card (automatic),59.25,4011.98,Yes
TC-02596,Female,0,No,No,61,Yes,No,No,No internet service,No internet service,No internet service,No internet service,No internet service,No internet service,Month-to-month,Yes,Bank transfer (automatic),39.14,2438.02,No
TC-02597,Male,0,No,Yes,14,Yes,Yes,Fiber optic,Yes,Yes,Yes,No,No,No,Month-to-month,Yes,Mailed check,37.64,598.07,No
TC-02598,Male,0,Yes,No,2,No,No phone service,DSL,No,No,Yes,Yes,Yes,Yes,Month-to-month,No,Mailed check,33.89,67.3,No
TC-02599,Male,0,Yes,Yes,23,Yes,Yes,DSL,No,No,No,No,Yes,Yes,Two year,Yes,Mailed check,62.3,1399.42,No
TC-02600,Male,0,No,Yes,40,Yes,No,Fiber optic,Yes,Yes,Yes,No,Yes,Yes,Month-to-month,Yes,Bank transfer (automatic),72.79,2975.69,No
TC-02601,Female,0,No,Yes,62,Yes,Yes,DSL,Yes,No,No,Yes,Yes,No,Two year,Yes,Electronic check,101.9,6374.11,No
TC-02602,Male,0,No,No,47,Yes,Yes,Fiber optic,No,Yes,No,Yes,Yes,No,Month-to-month,Yes,Bank transfer (automatic),39.73,1804.65,Yes
TC-02603,Female,0,Yes,No,60,Yes,No,No,No internet service,No internet service,No internet service,No internet service,No internet service,No internet service,Month-to-month,No,Bank transfer (automatic),93.52,5682.0,No
TC-02604,Male,1,No,No,47,No,No phone service,Fiber optic,Yes,No,Yes,No,No,No,Two year,No,Credit card (automatic),87.41,4057.26,No
TC-02605,Male,0,No,No,46,No,No phone service,Fiber optic,No,Yes,No,Yes,No,No,Month-to-month,Yes,Bank transfer (automatic),81.45,3765.65,Yes
TC-02606,Male,0,Yes,No,55,Yes,Yes,DSL,No,No,Yes,No,Yes,No,One year,No,Bank transfer (automatic),51.93,2815.35,Yes
TC-02607,Female,0,Yes,No,7,Yes,No,Fiber optic,No,No,Yes,No,No,No,One year,Yes,Electronic check,49.8,356.8,No
TC-02608,Male,0,No,Yes,17,Yes,Yes,Fiber optic,No,No,No,No,No,No,One year,Yes,Bank transfer (automatic),93.89,1601.91,No
TC-02609,Female,0,Yes,No,22,Yes,No,Fiber optic,Yes,No,No,Yes,No,Yes,One year,No,Credit card (automatic),45.45,1111.51,No
TC-02610,Female,0,No,No,68,Yes,No,Fiber optic,No,Yes,No,Yes,No,Yes,One year,Yes,Mailed check,50.97,3384.87,No
TC-02611,Female,1,No,No,64,Yes,Yes,DSL,No,Yes,No,Yes,No,Yes,Month-to-month,Yes,Credit card (automatic),114.52,7290.75,No
TC-02612,Female,0,No,No,45,Yes,No,Fiber optic,No,Yes,Yes,No,Yes,Yes,One year,Yes,Electronic check,117.85,5279.98,No
TC-02613,Female,0,No,No,65,Yes,No,No,No internet service,No internet service,No internet service,No internet service,No internet service,No internet service,Month-to-month,Yes,Credit card (automatic),18.17,1197.49,Yes
TC-02614,Female,0,Yes,Yes,68,Yes,Yes,DSL,No,No,Yes,Yes,Yes,Yes,Month-to-month,Yes,Mailed check,86.68,5878.64,No
TC-02615,Female,0,Yes,No,21,Yes,No,No,No internet service,No internet service,No internet service,No internet service,No internet service,No internet service,Two year,Yes,Mailed check,71.55,1392.65,No
TC-02616,Female,0,Yes,Yes,64,Yes,No,Fiber optic,No,No,No,Yes,No,Yes,One year,Yes,Bank transfer (automatic),64.02,4134.13,No
TC-02617,Female,0,No,Yes,11,Yes,Yes,Fiber optic,Yes,No,Yes,No,No,No,Two year,Yes,Credit card (automatic),45.57,568.01,No
TC-02618,Male,1,No,No,18,Yes,Yes,Fiber optic,Yes,Yes,Yes,Yes,No,Yes,Month-to-month,Yes,Credit card (automatic),68.72,1258.59,No
TC-02619,Male,0,No,No,21,Yes,No,Fiber optic,No,No,Yes,Yes,No,Yes,Two year,Yes,Credit card (automatic),63.66,1314.04,No
TC-02620,Male,0,Yes,Yes,54,Yes,Yes,Fiber optic,Yes,No,Yes,No,No,No,One year,Yes,Electronic check,58.13,3149.25,No
TC-02621,Male,1,Yes,No,61,Yes,No,No,No internet service,No internet service,No internet service,No internet service,No internet service,No internet service,Month-to-month,No,Bank transfer (automatic),102.98,6220.94,No
TC-02622,Male,0,No,No,50,Yes,No,DSL,Yes,No,No,No,Yes,Yes,Two year,No,Electronic check,45.06,2306.06,No
TC-02623,Female,0,Yes,No,47,Yes,No,Fiber optic,Yes,No,No,Yes,No,No,Two year,Yes,Electronic check,77.75,3679.13,No
TC-02624,Female,0,Yes,No,16,Yes,Yes,No,No internet service,No internet service,No internet service,No internet service,No internet service,No internet service,Two year,Yes,Mailed check,104.42,1644.05,Yes
TC-02625,Female,0,Yes,No,12,Yes,No,DSL,No,Yes,No,Yes,Yes,No,Month-to-month,No,Electronic check,115.9,1394.9,Yes
TC-02626,Female,0,Yes,No,27,Yes,No,No,No internet service,No internet service,No internet service,No internet service,No internet service,No internet service,Month-to-month,Yes,Mailed check,78.28,2165.13,No
TC-02627,Female,0,No,No,66,Yes,Yes,Fiber optic,Yes,No,Yes,No,Yes,Yes,Month-to-month,Yes,Credit card (automatic),70.0,4678.22,No
TC-02628,Female,1,Yes,No,4,Yes,Yes,DSL,Yes,No,No,Yes,Yes,No,Two year,Yes,Bank transfer (automatic),102.05,404.48,No
TC-02629,Female,0,No,No,59,Yes,Yes,Fiber optic,No,No,Yes,Yes,No,Yes,One year,No,Mailed check,36.84,2280.89,No
TC-02630,Male,0,Yes,No,14,Yes,Yes,DSL,No,No,Yes,Yes,No,Yes,One year,No,Mailed check,81.0,1202.4,No
TC-02631,Male,0,No,Yes,43,Yes,No,DSL,Yes,Yes,Yes,No,Yes,No,One year,Yes,Electronic check,24.42,1076.46,No
TC-02632,Male,0,No,Yes,45,Yes,Yes,DSL,Yes,Yes,Yes,No,No,No,One year,No,Credit card (automatic),84.0,3760.23,No
TC-02633,Male,0,Yes,Yes,28,Yes,Yes,DSL,No,No,Yes,No,No,No,Month-to-month,Yes,Electronic check,97.58,2713.98,No
TC-02634,Female,0,No,No,67,Yes,No,DSL,No,No,Yes,Yes,No,No,One year,Yes,Mailed check,24.3,1638.13,No
TC-02635,Female,0,No,No,48,Yes,No,DSL,Yes,Yes,No,Yes,No,Yes,Two year,Yes,Bank transfer (automatic),102.84,4930.8,No
TC-02636,Female,0,Yes,No,42,Yes,Yes,DSL,No,Yes,Yes,No,Yes,Yes,One year,No,Credit card (automatic),30.34,1359.3,No
TC-02637,Male,1,No,No,67,Yes,Yes,No,No internet service,No internet service,No internet service,No internet service,No internet service,No internet service,Two year,Yes,Credit card (automatic),35.58,2337.01,No
TC-02638,Female,0,Yes,No,19,Yes,Yes,No,No internet service,No internet service,No internet service,No internet service,No internet service,No internet service,Month-to-month,No,Mailed check,101.64,1956.45,No
TC-02639,Female,0,No,No,17,Yes,Yes,No,No internet service,No internet service,No internet service,No internet service,No internet service,No internet service,Month-to-month,No,Bank transfer (automatic),30.47,417.9,No
TC-02640,Female,1,Yes,No,63,Yes,No,DSL,Yes,No,No,Yes,No,Yes,Month-to-month,No,Bank transfer (automatic),85.39,5398.43,No
TC-02641,Male,0,Yes,Yes,48,Yes,Yes,DSL,Yes,Yes,No,Yes,No,Yes,Month-to-month,Yes,Electronic check,47.48,2322.64,No
TC-02642,Female,0,Yes,Yes,41,No,No phone service,DSL,Yes,No,Yes,No,Yes,No,Month-to-month,No,Bank transfer (automatic),42.84,1828.46,No
TC-02643,Male,1,Yes,No,11,Yes,No,Fiber optic,Yes,No,No,Yes,Yes,Yes,One year,No,Mailed check,83.02,883.65,No
TC-02644,Male,0,Yes,No,35,No,No phone service,No,No internet service,No internet service,No internet service,No internet service,No internet service,No internet service,Two year,No,Electronic check,28.68,968.2,No
TC-02645,Male,0,No,No,7,Yes,No,No,No internet service,No internet service,No internet service,No internet service,No internet service,No internet service,Two year,No,Credit card (automatic),75.46,579.39,No
TC-02646,Male,0,No,Yes,27,No,No phone service,DSL,Yes,Yes,No,No,Yes,No,Month-to-month,Yes,Electronic check,110.45,3041.9,No
TC-02647,Female,0,Yes,Yes,59,No,No phone service,Fiber optic,No,No,No,No,No,No,Month-to-month,No,Electronic check,103.14,6073.91,No
TC-02648,Male,0,No,No,48,No,No phone service,No,No internet service,No internet service,No internet service,No internet service,No internet service,No internet service,Month-to-month,Yes,Bank transfer (automatic),103.11,4851.31,Yes
TC-02649,Male,0,No,No,37,Yes,Yes,Fiber optic,No,Yes,Yes,Yes,No,No,One year,Yes,Mailed check,48.29,1733.79,No
TC-02650,Female,0,No,No,57,Yes,No,DSL,No,No,Yes,Yes,No,Yes,Two year,No,Credit card (automatic),88.13,5018.79,No
TC-02651,Female,0,Yes,No,4,No,No phone service,DSL,Yes,No,No,Yes,Yes,Yes,Month-to-month,No,Mailed check,96.01,313.14,No
TC-02652,Male,0,Yes,No,45,Yes,No,Fiber optic,No,No,No,No,Yes,Yes,Month-to-month,No,Electronic check,108.14,4902.74,Yes
TC-02653,Female,0,No,No,1,Yes,Yes,DSL,Yes,Yes,Yes,No,Yes,Yes,Month-to-month,Yes,Bank transfer (automatic),44.41,5.78,No
TC-02654,Male,1,Yes,No,24,Yes,No,No,No internet service,No internet service,No internet service,No internet service,No internet service,No internet service,Month-to-month,Yes,Mailed check,94.09,2254.54,No
TC-02655,Male,0,Yes,No,0,Yes,No,DSL,No,Yes,No,No,No,No,Month-to-month,No,Credit card (automatic),41.23,41.23,No
TC-02656,Male,1,No,No,68,Yes,Yes,DSL,No,Yes,No,No,No,Yes,Month-to-month,Yes,Bank transfer (automatic),20.78,1431.42,No
TC-02657,Male,0,Yes,No,39,Yes,Yes,DSL,Yes,No,No,No,No,Yes,One year,Yes,Credit card (automatic),66.18,2678.24,No
TC-02658,Female,0,Yes,No,67,Yes,No,DSL,Yes,No,No,No,Yes,Yes,Month-to-month,No,Credit card (automatic),94.59,6407.42,Yes
TC-02659,Male,0,Yes,Yes,68,Yes,No,Fiber optic,No,Yes,No,Yes,Yes,Yes,Month-to-month,Yes,Electronic check,39.44,2629.98,No
TC-02660,Female,0,Yes,No,68,Yes,No,DSL,No,Yes,Yes,No,No,No,Month-to-month,No,Mailed check,22.86,1584.13,No
TC-02661,Female,0,Yes,No,15,Yes,Yes,DSL,No,No,No,Yes,No,Yes,Month-to-month,Yes,Mailed check,55.38,838.35,Yes
TC-02662,Female,0,No,Yes,53,Yes,Yes,Fiber optic,Yes,No,No,Yes,Yes,No,Month-to-month,Yes,Credit card (automatic),38.29,2088.73,No
TC-02663,Female,0,Yes,No,62,Yes,Yes,DSL,Yes,Yes,Yes,No,Yes,Yes,Month-to-month,Yes,Bank transfer (automatic),56.21,3511.19,No
TC-02664,Male,0,Yes,Yes,17,Yes,Yes,DSL,Yes,No,Yes,Yes,Yes,No,Two year,Yes,Bank transfer (automatic),110.08,1846.37,No
TC-02665,Female,0,No,No,16,Yes,No,DSL,No,Yes,Yes,Yes,No,Yes,Two year,Yes,Electronic check,92.39,1502.04,No
TC-02666,Male,0,No,No,3,Yes,No,DSL,No,No,Yes,Yes,Yes,Yes,Month-to-month,No,Electronic check,55.29,147.42,Yes
TC-02667,Female,0,Yes,Yes,8,Yes,No,Fiber optic,Yes,Yes,Yes,Yes,No,No,Month-to-month,Yes,Mailed check,50.5,371.69,No
TC-02668,Female,0,No,No,30,Yes,No,DSL,Yes,No,Yes,No,Yes,No,One year,Yes,Credit card (automatic),110.12,3298.03,No
TC-02669,Male,0,Yes,No,4,Yes,No,Fiber optic,Yes,Yes,Yes,Yes,Yes,No,Month-to-month,No,Mailed check,106.88,439.96,No
TC-02670,Male,0,No,No,15,Yes,Yes,Fiber optic,No,Yes,No,No,Yes,No,Month-to-month,Yes,Electronic check,78.41,1241.16,No
TC-02671,Male,0,Yes,No,41,Yes,Yes,Fiber optic,No,No,Yes,Yes,Yes,Yes,Month-to-month,No,Mailed check,53.76,2179.33,No
TC-02672,Female,1,No,No,40,No,No phone service,No,No internet service,No internet service,No internet service,No internet service,No internet service,No internet service,Month-to-month,Yes,Credit card (automatic),97.23,3793.37,No
TC-02673,Female,0,Yes,No,29,Yes,Yes,DSL,Yes,No,Yes,No,No,Yes,Month-to-month,No,Mailed check,84.37,2436.88,Yes
TC-02674,Male,0,No,No,25,Yes,Yes,Fiber optic,Yes,Yes,Yes,No,No,No,Month-to-month,No,Credit card (automatic),74.47,1874.57,No
TC-02675,Male,0,Yes,Yes,48,No,No phone service,No,No internet service,No internet service,No internet service,No internet service,No internet service,No internet service,One year,No,Bank transfer (automatic),91.86,4418.4,No
TC-02676,Male,1,Yes,No,30,Yes,Yes,No,No internet service,No internet service,No internet service,No internet service,No internet service,No internet service,Month-to-month,Yes,Mailed check,31.45,930.81,No
TC-02677,Male,0,Yes,Yes,49,Yes,Yes,Fiber optic,No,Yes,No,No,No,No,Month-to-month,Yes,Bank transfer (automatic),111.01,5486.97,No
TC-02678,Female,1,No,No,14,Yes,No,DSL,No,Yes,No,No,No,Yes,One year,No,Electronic check,115.29,1629.68,No
TC-02679,Male,0,No,No,51,Yes,No,DSL,No,Yes,Yes,No,No,Yes,One year,Yes,Electronic check,53.44,2755.59,No
TC-02680,Male,0,Yes,Yes,37,Yes,Yes,DSL,No,No,No,No,No,No,Month-to-month,Yes,Credit card (automatic),112.68,4077.31,Yes
TC-02681,Male,1,Yes,No,37,No,No phone service,No,No internet service,No internet service,No internet service,No internet service,No internet service,No internet service,Month-to-month,Yes,Electronic check,97.58,3601.78,No
TC-02682,Male,0,Yes,Yes,59,Yes,No,Fiber optic,Yes,No,No,No,No,No,Month-to-month,No,Bank transfer (automatic),112.1,6606.94,Yes
TC-02683,Female,0,Yes,No,19,Yes,Yes,Fiber optic,Yes,No,No,Yes,No,No,Month-to-month,Yes,Credit card (automatic),109.75,2169.45,No
TC-02684,Male,0,No,No,43,Yes,Yes,Fiber optic,Yes,No,Yes,Yes,Yes,Yes,Two year,Yes,Credit card (automatic),38.09,1632.56,No
TC-02685,Female,1,No,No,62,Yes,Yes,DSL,No,No,Yes,Yes,No,No,Month-to-month,Yes,Credit card (automatic),44.0,2694.99,No
TC-02686,Male,0,No,No,49,Yes,Yes,DSL,Yes,No,No,No,Yes,No,Two year,Yes,Electronic check,44.06,2123.0,No
TC-02687,Male,0,Yes,No,21,Yes,No,No,No internet service,No internet service,No internet service,No internet service,No internet service,No internet service,Month-to-month,Yes,Credit card (automatic),27.43,624.99,No
TC-02688,Female,0,Yes,No,71,Yes,Yes,Fiber optic,Yes,Yes,No,No,No,Yes,One year,Yes,Credit card (automatic),57.77,4072.65,No
TC-02689,Male,0,No,No,53,Yes,Yes,Fiber optic,No,No,No,No,No,Yes,Month-to-month,Yes,Bank transfer (automatic),54.26,2833.13,Yes
TC-02690,Female,1,No,No,8,Yes,No,Fiber optic,Yes,Yes,No,No,No,No,One year,No,Credit card (automatic),52.4,465.04,No
TC-02691,Female,0,No,No,14,Yes,Yes,Fiber optic,Yes,Yes,Yes,Yes,Yes,No,One year,Yes,Mailed check,52.89,760.06,No
TC-02692,Male,0,No,No,47,Yes,No,DSL,No,Yes,No,No,No,No,Month-to-month,Yes,Credit card (automatic),24.21,1126.06,No
TC-02693,Female,1,Yes,No,19,Yes,No,DSL,No,Yes,No,Yes,No,No,Month-to-month,Yes,Credit card (automatic),36.6,629.02,No
TC-02694,Female,0,Yes,No,34,Yes,Yes,DSL,No,Yes,No,No,Yes,No,Two year,Yes,Bank transfer (automatic),47.59,1645.77,Yes
TC-02695,Female,0,Yes,No,66,Yes,No,Fiber optic,Yes,No,Yes,Yes,Yes,No,Two year,No,Mailed check,106.9,7096.75,No
TC-02696,Female,0,No,No,59,Yes,Yes,DSL,Yes,Yes,No,Yes,No,No,Month-to-month,Yes,Electronic check,110.65,6480.69,No
TC-02697,Female,0,Yes,Yes,33,Yes,No,DSL,No,Yes,Yes,No,No,Yes,Month-to-month,No,Mailed check,46.52,1553.4,No
TC-02698,Female,0,No,No,53,Yes,Yes,Fiber optic,Yes,No,Yes,No,Yes,Yes,One year,Yes,Credit card (automatic),87.42,4628.23,No
TC-02699,Female,0,No,No,11,Yes,Yes,No,No internet service,No internet service,No internet service,No internet service,No internet service,No internet service,Two year,No,Mailed check,103.06,1089.46,No
TC-02700,Female,0,No,No,18,Yes,No,DSL,Yes,Yes,No,Yes,No,Yes,One year,Yes,Electronic check,68.62,1212.95,No
TC-02701,Male,0,No,No,25,Yes,Yes,DSL,Yes,No,Yes,No,Yes,Yes,Two year,Yes,Mailed check,93.55,2336.4,No
TC-02702,Male,0,No,No,22,Yes,No,Fiber optic,No,No,No,Yes,Yes,No,Month-to-month,Yes,Mailed check,115.59,2477.06,No
TC-02703,Female,0,Yes,No,32,Yes,No,No,No internet service,No internet service,No internet service,No internet service,No internet service,No internet service,Month-to-month,Yes,Credit card (automatic),34.22,1123.58,No
TC-02704,Male,0,Yes,No,56,Yes,Yes,Fiber optic,No,Yes,No,Yes,No,Yes,Month-to-month,No,Bank transfer (automatic),25.04,1366.72,Yes
TC-02705,Female,0,Yes,No,29,Yes,No,Fiber optic,Yes,Yes,No,No,Yes,No,Month-to-month,Yes,Credit card (automatic),82.0,2344.48,No
TC-02706,Female,1,No,Yes,22,Yes,Yes,DSL,No,Yes,Yes,No,No,No,Two year,No,Credit card (automatic),68.85,1539.98,No
TC-02707,Male,0,Yes,No,35,Yes,No,No,No internet service,No internet service,No internet service,No internet service,No internet service,No internet service,Month-to-month,Yes,Mailed check,47.66,1645.46,Yes
TC-02708,Female,0,No,No,42,Yes,Yes,No,No internet service,No internet service,No internet service,No internet service,No internet service,No internet service,One year,No,Electronic check,109.66,4594.94,No
TC-02709,Female,0,Yes,No,65,Yes,No,Fiber optic,Yes,Yes,No,Yes,Yes,Yes,Two year,No,Bank transfer (automatic),102.58,6662.42,No
TC-02710,Female,0,No,Yes,52,No,No phone service,No,No internet service,No internet service,No internet service,No internet service,No internet service,No internet service,Month-to-month,Yes,Credit card (automatic),44.44,2272.12,No
TC-02711,Female,0,No,Yes,59,Yes,No,DSL,Yes,Yes,Yes,No,Yes,Yes,Month-to-month,Yes,Mailed check,95.42,5603.88,No
TC-02712,Male,0,Yes,Yes,36,No,No phone service,DSL,No,Yes,No,No,Yes,Yes,Month-to-month,No,Credit card (automatic),100.84,3629.35,Yes
TC-02713,Female,0,No,Yes,60,Yes,No,Fiber optic,Yes,Yes,No,Yes,No,Yes,One year,Yes,Electronic check,50.53,3031.03,No
TC-02714,Female,1,Yes,No,52,Yes,Yes,DSL,Yes,Yes,Yes,No,Yes,No,Two year,Yes,Credit card (automatic),27.91,1477.67,No
TC-02715,Female,0,Yes,No,11,Yes,Yes,No,No internet service,No internet service,No internet service,No internet service,No internet service,No internet service,Two year,Yes,Bank transfer (automatic),103.04,1162.0,Yes
TC-02716,Male,0,Yes,No,34,Yes,No,Fiber optic,No,Yes,Yes,Yes,Yes,No,Two year,No,Bank transfer (automatic),27.68,1002.05,Yes
TC-02717,Female,0,No,No,66,Yes,Yes,Fiber optic,No,No,No,No,Yes,No,Month-to-month,No,Mailed check,65.86,4271.44,No
TC-02718,Male,0,No,No,37,Yes,Yes,DSL,No,Yes,No,Yes,Yes,No,Month-to-month,Yes,Credit card (automatic),37.44,1430.93,No
TC-02719,Male,0,No,No,23,Yes,Yes,Fiber optic,Yes,No,No,Yes,No,No,Month-to-month,Yes,Bank transfer (automatic),110.75,2530.22,Yes
TC-02720,Female,0,No,No,39,Yes,No,DSL,Yes,Yes,No,Yes,Yes,No,Month-to-month,No,Credit card (automatic),28.71,1152.6,No
TC-02721,Female,0,Yes,No,64,Yes,Yes,DSL,Yes,No,No,No,Yes,No,Month-to-month,No,Bank transfer (automatic),29.69,1917.13,No
TC-02722,Male,0,No,No,56,Yes,Yes,Fiber optic,No,No,No,Yes,No,Yes,Month-to-month,Yes,Electronic check,88.17,4908.66,No
TC-02723,Female,0,Yes,No,71,Yes,No,DSL,No,Yes,No,No,No,No,Two year,Yes,Electronic check,38.56,2813.77,No
TC-02724,Male,0,Yes,Yes,44,Yes,No,No,No internet service,No internet service,No internet service,No internet service,No internet service,No internet service,Month-to-month,No,Bank transfer (automatic),31.24,1412.62,No
TC-02725,Male,0,No,No,71,Yes,No,DSL,Yes,Yes,Yes,No,Yes,Yes,Month-to-month,Yes,Bank transfer (automatic),34.82,2493.26,No
TC-02726,Female,0,No,No,12,Yes,No,Fiber optic,No,Yes,No,Yes,Yes,No,Month-to-month,Yes,Credit card (automatic),77.59,1040.58,Yes
TC-02727,Female,0,Yes,No,5,Yes,No,No,No internet service,No internet service,No internet service,No internet service,No internet service,No internet service,Two year,Yes,Credit card (automatic),40.26,152.59,No
TC-02728,Male,0,No,No,70,Yes,Yes,Fiber optic,Yes,No,Yes,Yes,No,No,Month-to-month,Yes,Bank transfer (automatic),55.72,3901.65,Yes
TC-02729,Male,0,Yes,No,46,Yes,Yes,Fiber optic,No,Yes,No,Yes,Yes,No,Month-to-month,No,Bank transfer (automatic),102.97,4764.73,No
TC-02730,Male,1,No,Yes,43,Yes,Yes,Fiber optic,No,No,No,No,No,Yes,Month-to-month,Yes,Credit card (automatic),35.57,1476.16,No
TC-02731,Male,0,No,No,31,Yes,No,Fiber optic,No,No,Yes,Yes,No,No,Month-to-month,No,Bank transfer (automatic),100.63,3086.33,No
TC-02732,Female,0,Yes,Yes,2,Yes,Yes,Fiber optic,No,Yes,No,Yes,Yes,Yes,Two year,No,Electronic check,95.54,240.91,No
TC-02733,Female,0,Yes,No,53,Yes,No,No,No internet service,No internet service,No internet service,No internet service,No internet service,No internet service,Month-to-month,Yes,Credit card (automatic),101.12,5334.54,Yes
TC-02734,Female,0,Yes,No,37,Yes,Yes,No,No internet service,No internet service,No internet service,No internet service,No internet service,No internet service,Two year,Yes,Electronic check,52.7,1993.49,No
TC-02735,Female,0,No,Yes,3,Yes,Yes,Fiber optic,Yes,Yes,Yes,Yes,No,Yes,Two year,No,Credit card (automatic),65.24,164.24,No
TC-02736,Female,1,No,No,16,Yes,No,Fiber optic,No,No,Yes,No,Yes,No,Month-to-month,Yes,Bank transfer (automatic),88.7,1520.2,Yes
TC-02737,Male,0,No,Yes,36,Yes,Yes,No,No internet service,No internet service,No internet service,No internet service,No internet service,No internet service,Month-to-month,No,Mailed check,21.74,665.51,No
TC-02738,Female,1,Yes,Yes,35,Yes,Yes,Fiber optic,No,No,No,No,No,No,Month-to-month,No,Credit card (automatic),84.38,3003.73,Yes
TC-02739,Female,1,Yes,No,57,Yes,No,No,No internet service,No internet service,No internet service,No internet service,No internet service,No internet service,Month-to-month,Yes,Credit card (automatic),30.01,1723.11,No
TC-02740,Female,0,No,Yes,40,Yes,Yes,Fiber optic,Yes,Yes,Yes,No,No,Yes,Month-to-month,No,Mailed check,46.81,1795.87,No
TC-02741,Female,0,Yes,No,7,Yes,Yes,No,No internet service,No internet service,No internet service,No internet service,No internet service,No internet service,Two year,No,Mailed check,98.98,681.71,No
TC-02742,Female,0,No,Yes,66,Yes,Yes,No,No internet service,No internet service,No internet service,No internet service,No internet service,No internet service,Month-to-month,No,Electronic check,81.54,5285.31,Yes
TC-02743,Male,0,Yes,Yes,29,Yes,No,No,No internet service,No internet service,No internet service,No internet service,No internet service,No internet service,Two year,No,Bank transfer (automatic),80.19,2343.13,No
TC-02744,Male,1,No,No,51,Yes,No,Fiber optic,Yes,No,No,No,No,No,One year,Yes,Mailed check,40.69,2045.35,No
TC-02745,Male,0,No,No,24,Yes,Yes,Fiber optic,No,No,Yes,Yes,Yes,Yes,Month-to-month,Yes,Credit card (automatic),84.79,1937.47,Yes
TC-02746,Female,1,No,Yes,51,Yes,Yes,Fiber optic,Yes,No,No,Yes,No,No,One year,No,Mailed check,31.17,1597.95,No
TC-02747,Male,0,Yes,No,58,Yes,No,DSL,Yes,Yes,Yes,No,Yes,No,Two year,Yes,Mailed check,114.48,6647.08,No
TC-02748,Male,1,Yes,No,29,Yes,No,DSL,No,Yes,No,Yes,Yes,Yes,Month-to-month,Yes,Bank transfer (automatic),43.27,1360.18,No
TC-02749,Female,1,No,No,66,Yes,No,No,No internet service,No internet service,No internet service,No internet service,No internet service,No internet service,Month-to-month,No,Bank transfer (automatic),100.67,6685.62,No
TC-02750,Female,0,No,Yes,3,No,No phone service,Fiber optic,No,Yes,No,No,Yes,Yes,Month-to-month,Yes,Electronic check,110.02,210.69,Yes
TC-02751,Female,0,No,No,56,Yes,Yes,DSL,No,No,Yes,Yes,Yes,No,Month-to-month,No,Bank transfer (automatic),35.18,1943.66,No
TC-02752,Male,0,No,No,62,Yes,No,Fiber optic,No,No,No,No,No,Yes,Month-to-month,No,Electronic check,18.97,1231.38,No
TC-02753,Male,0,No,Yes,31,No,No phone service,DSL,No,No,Yes,Yes,Yes,No,One year,No,Mailed check,105.43,3186.99,No
TC-02754,Female,1,No,No,50,No,No phone service,Fiber optic,Yes,Yes,Yes,No,Yes,No,Month-to-month,Yes,Electronic check,94.4,4681.42,No
TC-02755,Female,0,Yes,No,62,Yes,No,No,No internet service,No internet service,No internet service,No internet service,No internet service,No internet service,Month-to-month,Yes,Electronic check,33.43,2072.75,No
TC-02756,Male,0,Yes,No,0,Yes,Yes,No,No internet service,No internet service,No internet service,No internet service,No internet service,No internet service,Month-to-month,Yes,Bank transfer (automatic),101.04,101.04,Yes
TC-02757,Male,0,Yes,No,18,Yes,No,DSL,No,No,No,No,No,No,Two year,Yes,Mailed check,99.05,1862.46,No
TC-02758,Female,1,Yes,No,34,Yes,No,DSL,No,Yes,No,Yes,No,No,Month-to-month,No,Electronic check,64.13,2189.58,No
TC-02759,Female,0,No,No,62,Yes,Yes,DSL,Yes,No,No,Yes,Yes,Yes,One year,Yes,Mailed check,112.68,6987.83,No
TC-02760,Male,0,No,No,25,Yes,No,DSL,No,No,No,Yes,Yes,No,Month-to-month,Yes,Credit card (automatic),76.21,1859.41,No
TC-02761,Female,0,No,No,12,Yes,No,Fiber optic,No,Yes,No,No,No,No,Two year,No,Credit card (automatic),62.29,692.36,No
TC-02762,Male,0,Yes,No,22,Yes,Yes,Fiber optic,No,No,No,No,Yes,Yes,Month-to-month,No,Credit card (automatic),19.32,430.24,Yes
TC-02763,Male,0,Yes,No,34,Yes,Yes,DSL,No,No,No,Yes,Yes,Yes,Two year,Yes,Mailed check,113.28,3847.51,No
TC-02764,Male,0,No,No,11,Yes,Yes,DSL,Yes,No,No,Yes,No,No,Month-to-month,No,Credit card (automatic),30.84,278.38,No
TC-02765,Male,0,Yes,No,8,Yes,Yes,DSL,No,No,No,Yes,Yes,Yes,Month-to-month,Yes,Bank transfer (automatic),47.62,392.66,Yes
TC-02766,Female,0,Yes,Yes,66,Yes,Yes,No,No internet service,No internet service,No internet service,No internet service,No internet service,No internet service,One year,Yes,Mailed check,90.94,6004.91,No
TC-02767,Female,0,No,No,43,Yes,No,DSL,No,Yes,No,Yes,No,Yes,One year,Yes,Credit card (automatic),18.53,781.38,No
TC-02768,Male,0,No,No,60,Yes,No,DSL,No,Yes,No,Yes,No,No,Month-to-month,No,Credit card (automatic),72.26,4395.23,No
TC-02769,Male,0,No,No,20,No,No phone service,DSL,Yes,Yes,Yes,Yes,No,No,Two year,No,Electronic check,33.89,677.18,No
TC-02770,Male,0,Yes,No,6,Yes,Yes,Fiber optic,Yes,No,Yes,Yes,No,No,Month-to-month,No,Mailed check,20.25,109.6,No
TC-02771,Male,1,No,No,10,Yes,No,Fiber optic,Yes,Yes,No,Yes,No,Yes,Month-to-month,Yes,Credit card (automatic),82.17,878.26,Yes
TC-02772,Male,0,No,Yes,44,Yes,Yes,Fiber optic,No,No,Yes,Yes,Yes,Yes,Month-to-month,No,Mailed check,78.3,3437.65,No
TC-02773,Female,1,No,No,31,Yes,Yes,Fiber optic,No,No,No,No,Yes,Yes,Two year,Yes,Mailed check,91.43,2814.26,Yes
TC-02774,Female,0,Yes,Yes,35,Yes,Yes,DSL,Yes,Yes,Yes,Yes,No,No,Month-to-month,Yes,Bank transfer (automatic),79.82,2735.19,No
TC-02775,Female,0,Yes,No,36,Yes,No,DSL,No,No,Yes,No,Yes,Yes,One year,No,Credit card (automatic),62.2,2242.23,No
TC-02776,Female,0,No,No,40,Yes,Yes,No,No internet service,No internet service,No internet service,No internet service,No internet service,No internet service,Month-to-month,No,Bank transfer (automatic),65.86,2681.02,No
TC-02777,Male,0,No,Yes,48,Yes,No,No,No internet service,No internet service,No internet service,No internet service,No internet service,No internet service,Month-to-month,Yes,Credit card (automatic),40.01,1899.63,No
TC-02778,Male,0,Yes,No,14,Yes,No,Fiber optic,Yes,No,No,No,No,No,Month-to-month,Yes,Mailed check,26.37,302.71,No
TC-02779,Male,0,Yes,No,12,Yes,Yes,DSL,Yes,Yes,No,No,No,Yes,Month-to-month,Yes,Mailed check,104.09,1299.63,No
TC-02780,Male,0,No,No,52,Yes,Yes,DSL,No,Yes,Yes,No,Yes,No,Two year,Yes,Mailed check,87.13,4583.27,No
TC-02781,Male,0,Yes,No,32,Yes,Yes,Fiber optic,Yes,No,No,No,Yes,No,One year,No,Mailed check,30.29,998.53,No
TC-02782,Female,0,No,Yes,71,Yes,No,No,No internet service,No internet service,No internet service,No internet service,No internet service,No internet service,Two year,Yes,Credit card (automatic),44.42,3158.63,No
TC-02783,Male,0,No,Yes,31,No,No phone service,Fiber optic,No,Yes,No,Yes,No,No,Month-to-month,No,Electronic check,104.32,3254.93,Yes
TC-02784,Female,0,Yes,No,47,Yes,No,DSL,Yes,No,No,No,Yes,No,Two year,Yes,Mailed check,113.98,5279.55,No
TC-02785,Female,0,No,No,67,No,No phone service,Fiber optic,No,Yes,Yes,No,No,No,One year,No,Credit card (automatic),97.11,6477.26,No
TC-02786,Female,0,No,No,56,Yes,No,No,No internet service,No internet service,No internet service,No internet service,No internet service,No internet service,Month-to-month,Yes,Mailed check,75.0,4233.78,No
TC-02787,Female,0,Yes,Yes,61,Yes,Yes,Fiber optic,Yes,No,Yes,No,Yes,No,One year,No,Electronic check,104.91,6416.43,No
TC-02788,Male,0,No,No,1,Yes,No,No,No internet service,No internet service,No internet service,No internet service,No internet service,No internet service,One year,Yes,Credit card (automatic),80.68,125.81,Yes
TC-02789,Female,1,Yes,No,15,Yes,No,Fiber optic,Yes,No,No,Yes,Yes,No,One year,Yes,Mailed check,87.94,1395.79,No
TC-02790,Female,1,No,No,7,Yes,Yes,DSL,Yes,No,Yes,No,No,Yes,Month-to-month,No,Bank transfer (automatic),100.69,643.07,No
TC-02791,Female,0,No,Yes,18,Yes,Yes,DSL,Yes,Yes,No,No,Yes,No,One year,No,Electronic check,53.4,985.38,No
TC-02792,Male,0,Yes,No,31,Yes,Yes,DSL,No,No,No,Yes,No,Yes,Month-to-month,Yes,Bank transfer (automatic),96.45,2977.03,No
TC-02793,Male,0,Yes,Yes,66,Yes,No,Fiber optic,No,No,Yes,No,Yes,No,Month-to-month,No,Bank transfer (automatic),38.7,2531.88,Yes
TC-02794,Male,0,Yes,Yes,31,Yes,No,Fiber optic,Yes,Yes,Yes,No,Yes,No,Two year,Yes,Mailed check,37.43,1283.92,No
TC-02795,Female,0,Yes,No,24,Yes,Yes,Fiber optic,No,Yes,No,No,Yes,Yes,Month-to-month,No,Bank transfer (automatic),99.13,2300.61,Yes
TC-02796,Female,0,Yes,No,52,Yes,No,DSL,No,No,No,Yes,No,Yes,Two year,No,Credit card (automatic),74.38,3858.66,No
TC-02797,Male,0,Yes,No,24,Yes,No,No,No internet service,No internet service,No internet service,No internet service,No internet service,No internet service,Month-to-month,No,Electronic check,59.39,1413.55,No
TC-02798,Female,0,No,No,32,Yes,Yes,DSL,No,Yes,No,Yes,Yes,Yes,Month-to-month,Yes,Credit card (automatic),70.35,2253.58,Yes
TC-02799,Male,0,Yes,No,30,Yes,No,DSL,Yes,No,Yes,Yes,No,No,Two year,Yes,Bank transfer (automatic),115.79,3375.08,No
TC-02800,Male,0,No,No,35,Yes,No,DSL,Yes,Yes,Yes,Yes,Yes,No,One year,No,Credit card (automatic),107.42,3710.64,No
TC-02801,Female,0,Yes,No,48,Yes,Yes,DSL,Yes,No,No,No,No,No,Month-to-month,No,Electronic check,68.76,3302.92,No
TC-02802,Female,0,No,No,43,Yes,Yes,No,No internet service,No internet service,No internet service,No internet service,No internet service,No internet service,Month-to-month,Yes,Bank transfer (automatic),72.72,3057.19,Yes
TC-02803,Female,0,No,Yes,47,No,No phone service,DSL,No,No,Yes,No,No,No,Month-to-month,Yes,Electronic check,79.42,3780.41,No
TC-02804,Female,0,Yes,Yes,29,Yes,No,DSL,Yes,No,No,No,Yes,No,Month-to-month,No,Mailed check,97.08,2844.3,No
TC-02805,Male,0,No,No,12,No,No phone service,Fiber optic,Yes,No,Yes,Yes,Yes,Yes,Two year,No,Mailed check,105.38,1185.2,No
TC-02806,Male,0,No,No,42,Yes,Yes,Fiber optic,Yes,No,No,Yes,Yes,No,Month-to-month,Yes,Credit card (automatic),32.65,1359.78,No
TC-02807,Male,0,No,Yes,15,Yes,Yes,DSL,Yes,Yes,Yes,No,Yes,No,Two year,No,Credit card (automatic),80.82,1231.08,No
TC-02808,Male,1,Yes,No,25,Yes,Yes,DSL,Yes,No,No,No,Yes,Yes,One year,Yes,Bank transfer (automatic),40.72,949.21,No
TC-02809,Male,0,Yes,No,46,Yes,Yes,DSL,Yes,No,Yes,No,No,Yes,Two year,Yes,Bank transfer (automatic),80.18,3609.41,No
TC-02810,Female,1,No,No,36,Yes,Yes,No,No internet service,No internet service,No internet service,No internet service,No internet service,No internet service,Month-to-month,No,Mailed check,35.13,1216.8,Yes
TC-02811,Male,0,Yes,Yes,2,Yes,Yes,Fiber optic,No,Yes,No,No,No,Yes,Month-to-month,No,Mailed check,98.8,331.97,Yes
TC-02812,Male,0,Yes,No,25,Yes,Yes,No,No internet service,No internet service,No internet service,No internet service,No internet service,No internet service,One year,Yes,Electronic check,84.09,2156.97,No
TC-02813,Male,0,No,No,14,Yes,No,DSL,Yes,Yes,No,No,Yes,Yes,Two year,No,Mailed check,104.6,1433.97,Yes
TC-02814,Female,0,No,No,65,Yes,Yes,Fiber optic,Yes,No,No,No,Yes,Yes,Month-to-month,No,Mailed check,112.44,7242.05,Yes
TC-02815,Female,0,Yes,Yes,27,Yes,Yes,Fiber optic,No,Yes,Yes,Yes,Yes,No,Two year,Yes,Electronic check,111.39,2966.26,Yes
TC-02816,Female,0,Yes,Yes,37,Yes,Yes,DSL,No,No,Yes,Yes,Yes,No,Month-to-month,Yes,Mailed check,32.52,1279.36,No
TC-02817,Female,0,Yes,No,43,No,No phone service,Fiber optic,Yes,No,Yes,Yes,No,Yes,Month-to-month,No,Credit card (automatic),55.68,2495.93,Yes
TC-02818,Male,1,No,No,52,Yes,No,Fiber optic,Yes,No,Yes,Yes,No,No,Month-to-month,Yes,Electronic check,66.31,3407.53,No
TC-02819,Male,0,Yes,No,3,Yes,Yes,Fiber optic,No,No,No,Yes,No,No,Month-to-month,Yes,Mailed check,96.89,306.22,Yes
TC-02820,Female,0,Yes,No,71,Yes,Yes,Fiber optic,Yes,No,No,No,Yes,Yes,Two year,Yes,Electronic check,19.48,1369.97,No
TC-02821,Female,0,Yes,No,43,Yes,No,Fiber optic,Yes,No,Yes,No,Yes,Yes,Month-to-month,No,Mailed check,110.54,4816.74,Yes
TC-02822,Male,0,No,Yes,45,Yes,Yes,No,No internet service,No internet service,No internet service,No internet service,No internet service,No internet service,One year,Yes,Mailed check,58.72,2587.7,No
TC-02823,Male,0,No,No,25,Yes,No,No,No internet service,No internet service,No internet service,No internet service,No internet service,No internet service,Month-to-month,No,Bank transfer (automatic),81.11,2076.7,Yes
TC-02824,Female,0,No,Yes,12,Yes,Yes,Fiber optic,No,No,Yes,Yes,Yes,Yes,Two year,Yes,Electronic check,116.06,1325.71,No
TC-02825,Female,1,Yes,No,68,Yes,Yes,DSL,Yes,Yes,No,Yes,Yes,No,Two year,Yes,Credit card (automatic),106.27,7273.75,No
TC-02826,Female,0,Yes,No,43,Yes,No,Fiber optic,No,Yes,Yes,No,No,No,One year,No,Mailed check,54.22,2288.92,No
TC-02827,Female,0,No,No,52,Yes,No,DSL,No,No,Yes,No,No,No,One year,No,Credit card (automatic),66.45,3439.68,No
TC-02828,Male,0,Yes,Yes,50,Yes,No,DSL,Yes,Yes,Yes,Yes,Yes,No,One year,No,Bank transfer (automatic),94.99,4717.23,No
TC-02829,Male,1,Yes,Yes,12,No,No phone service,Fiber optic,No,Yes,No,Yes,No,Yes,Month-to-month,Yes,Credit card (automatic),92.36,1206.38,Yes
TC-02830,Male,0,Yes,No,40,Yes,No,Fiber optic,No,Yes,Yes,No,Yes,No,Month-to-month,No,Bank transfer (automatic),88.48,3588.9,No
TC-02831,Female,0,No,No,10,No,No phone service,No,No internet service,No internet service,No internet service,No internet service,No internet service,No internet service,One year,Yes,Electronic check,19.07,170.13,No
TC-02832,Female,0,Yes,No,36,Yes,No,No,No internet service,No internet service,No internet service,No internet service,No internet service,No internet service,Month-to-month,No,Bank transfer (automatic),37.9,1323.16,No
TC-02833,Male,0,Yes,No,59,Yes,No,No,No internet service,No internet service,No internet service,No internet service,No internet service,No internet service,Month-to-month,Yes,Mailed check,40.17,2435.71,Yes
TC-02834,Male,0,No,No,31,Yes,No,No,No internet service,No internet service,No internet service,No internet service,No internet service,No internet service,Month-to-month,No,Bank transfer (automatic),43.06,1164.94,No
TC-02835,Male,0,Yes,No,44,No,No phone service,Fiber optic,Yes,No,No,Yes,No,No,One year,Yes,Electronic check,27.62,1239.24,No
TC-02836,Male,1,No,Yes,17,Yes,Yes,DSL,Yes,No,No,Yes,Yes,Yes,Month-to-month,No,Electronic check,98.66,1629.26,No
TC-02837,Female,1,Yes,No,19,No,No phone service,Fiber optic,Yes,No,No,Yes,Yes,Yes,Two year,No,Mailed check,52.13,1103.18,No
TC-02838,Male,0,No,No,43,Yes,Yes,Fiber optic,No,Yes,No,Yes,No,No,Month-to-month,Yes,Mailed check,95.56,4245.62,Yes
TC-02839,Male,0,No,No,35,Yes,Yes,Fiber optic,Yes,No,Yes,No,Yes,No,Month-to-month,Yes,Credit card (automatic),111.15,3891.78,Yes
TC-02840,Male,1,Yes,No,68,Yes,No,Fiber optic,Yes,No,No,No,No,No,Month-to-month,No,Mailed check,49.3,3334.13,Yes
TC-02841,Male,1,Yes,Yes,36,Yes,Yes,No,No internet service,No internet service,No internet service,No internet service,No internet service,No internet service,One year,Yes,Bank transfer (automatic),63.38,2285.08,No
TC-02842,Male,0,No,Yes,32,Yes,Yes,DSL,No,No,Yes,No,Yes,Yes,Month-to-month,Yes,Mailed check,26.75,824.92,No
TC-02843,Male,0,Yes,Yes,18,Yes,Yes,DSL,Yes,Yes,No,Yes,No,Yes,One year,Yes,Credit card (automatic),47.48,814.92,No
TC-02844,Male,0,No,No,50,Yes,No,Fiber optic,Yes,Yes,Yes,No,No,Yes,Month-to-month,Yes,Mailed check,72.62,3642.73,No
TC-02845,Female,0,Yes,No,31,Yes,No,No,No internet service,No internet service,No internet service,No internet service,No internet service,No internet service,Two year,Yes,Credit card (automatic),36.02,1147.81,No
TC-02846,Female,0,Yes,No,21,Yes,No,DSL,Yes,Yes,No,Yes,No,Yes,Two year,Yes,Mailed check,71.7,1512.36,No
TC-02847,Female,0,Yes,Yes,0,Yes,Yes,No,No internet service,No internet service,No internet service,No internet service,No internet service,No internet service,Month-to-month,Yes,Electronic check,49.29,49.29,Yes
TC-02848,Female,0,Yes,Yes,53,Yes,Yes,No,No internet service,No internet service,No internet service,No internet service,No internet service,No internet service,One year,Yes,Mailed check,117.0,6169.37,No
TC-02849,Male,1,No,Yes,19,Yes,Yes,DSL,No,No,Yes,Yes,Yes,Yes,Month-to-month,No,Bank transfer (automatic),55.57,1009.14,No
TC-02850,Female,0,No,No,57,Yes,Yes,No,No internet service,No internet service,No internet service,No internet service,No internet service,No internet service,Month-to-month,Yes,Electronic check,21.91,1201.69,No
TC-02851,Female,0,Yes,Yes,34,Yes,Yes,DSL,No,Yes,No,Yes,No,No,Month-to-month,No,Mailed check,65.3,2258.8,Yes
TC-02852,Male,0,Yes,Yes,69,Yes,Yes,Fiber optic,Yes,No,No,No,Yes,No,Month-to-month,Yes,Mailed check,51.4,3550.58,No
TC-02853,Male,0,Yes,No,69,No,No phone service,Fiber optic,No,No,Yes,No,Yes,Yes,Two year,No,Electronic check,55.0,3805.08,No
TC-02854,Female,0,Yes,No,60,Yes,No,No,No internet service,No internet service,No internet service,No internet service,No internet service,No internet service,Two year,Yes,Electronic check,55.05,3320.07,No
TC-02855,Female,0,Yes,No,62,Yes,No,Fiber optic,No,No,No,No,Yes,Yes,Month-to-month,Yes,Electronic check,106.12,6576.55,No
TC-02856,Male,0,No,Yes,60,Yes,No,Fiber optic,Yes,Yes,No,Yes,Yes,No,Month-to-month,Yes,Bank transfer (automatic),67.83,4075.22,No
TC-02857,Female,1,No,No,56,Yes,Yes,Fiber optic,No,No,Yes,Yes,Yes,No,Month-to-month,Yes,Mailed check,43.28,2488.47,Yes
TC-02858,Male,0,Yes,No,2,Yes,Yes,Fiber optic,Yes,Yes,Yes,No,Yes,Yes,Month-to-month,No,Credit card (automatic),97.25,233.35,Yes
TC-02859,Male,0,No,Yes,44,Yes,Yes,Fiber optic,No,Yes,Yes,Yes,No,No,One year,Yes,Mailed check,62.34,2734.34,No
TC-02860,Male,0,No,Yes,14,Yes,Yes,No,No internet service,No internet service,No internet service,No internet service,No internet service,No internet service,Two year,Yes,Mailed check,32.54,431.95,Yes
TC-02861,Male,0,Yes,No,16,Yes,Yes,DSL,Yes,No,Yes,No,No,Yes,Two year,Yes,Electronic check,117.85,1936.96,No
TC-02862,Female,0,No,No,14,Yes,Yes,Fiber optic,No,No,No,No,Yes,No,Month-to-month,No,Credit card (automatic),20.74,307.0,Yes
TC-02863,Male,1,No,Yes,4,Yes,Yes,DSL,Yes,No,No,No,Yes,No,One year,No,Mailed check,88.92,340.28,No
TC-02864,Male,0,No,No,45,Yes,Yes,No,No internet service,No internet service,No internet service,No internet service,No internet service,No internet service,Month-to-month,No,Mailed check,102.76,4559.63,No
TC-02865,Female,0,No,No,10,No,No phone service,DSL,No,Yes,Yes,Yes,No,Yes,Month-to-month,No,Electronic check,53.38,618.5,No
TC-02866,Male,1,Yes,Yes,63,Yes,Yes,DSL,Yes,Yes,Yes,No,Yes,No,Month-to-month,No,Mailed check,33.73,2068.64,Yes
TC-02867,Female,0,No,No,13,Yes,No,No,No internet service,No internet service,No internet service,No internet service,No internet service,No internet service,Month-to-month,No,Bank transfer (automatic),61.66,815.8,No
TC-02868,Female,0,No,No,38,Yes,Yes,Fiber optic,Yes,No,No,Yes,Yes,No,Two year,Yes,Mailed check,66.25,2608.76,No
TC-02869,Female,0,No,No,66,Yes,Yes,Fiber optic,No,No,Yes,Yes,Yes,No,Month-to-month,Yes,Bank transfer (automatic),117.97,7768.96,No
TC-02870,Male,0,Yes,No,54,Yes,No,No,No internet service,No internet service,No internet service,No internet service,No internet service,No internet service,Two year,Yes,Electronic check,19.95,1075.03,No
TC-02871,Female,0,No,Yes,41,Yes,Yes,Fiber optic,No,No,Yes,No,Yes,No,Month-to-month,Yes,Mailed check,83.59,3469.88,Yes
TC-02872,Female,0,No,Yes,4,Yes,Yes,DSL,No,Yes,No,No,Yes,Yes,Month-to-month,Yes,Bank transfer (automatic),98.44,334.1,No
TC-02873,Male,0,No,No,51,Yes,No,DSL,No,No,No,No,No,Yes,One year,Yes,Mailed check,79.79,3985.8,No
TC-02874,Female,0,Yes,No,21,Yes,Yes,Fiber optic,No,No,No,Yes,Yes,No,Month-to-month,Yes,Electronic check,80.99,1682.93,No
TC-02875,Female,0,Yes,No,43,Yes,No,DSL,Yes,No,Yes,No,No,No,Two year,Yes,Electronic check,105.53,4541.83,No
TC-02876,Female,1,Yes,No,58,Yes,Yes,Fiber optic,Yes,No,Yes,No,Yes,Yes,One year,Yes,Mailed check,74.52,4325.63,No
TC-02877,Female,0,Yes,No,24,Yes,Yes,DSL,Yes,Yes,No,No,Yes,Yes,Month-to-month,No,Electronic check,106.16,2618.7,No
TC-02878,Female,1,Yes,No,20,Yes,No,Fiber optic,Yes,Yes,No,Yes,Yes,No,Two year,Yes,Bank transfer (automatic),39.02,733.1,No
TC-02879,Male,0,No,No,63,Yes,Yes,DSL,Yes,Yes,No,No,Yes,No,Two year,No,Electronic check,69.61,4378.24,No
TC-02880,Female,0,Yes,No,67,Yes,No,Fiber optic,No,Yes,No,Yes,Yes,Yes,Month-to-month,Yes,Electronic check,21.36,1506.48,Yes
TC-02881,Female,0,No,No,46,Yes,Yes,DSL,No,Yes,Yes,No,Yes,No,Two year,No,Bank transfer (automatic),98.35,4510.21,No
TC-02882,Male,0,Yes,Yes,34,Yes,Yes,DSL,No,No,Yes,No,No,Yes,Two year,Yes,Mailed check,95.73,3354.17,No
TC-02883,Male,1,Yes,No,6,Yes,No,Fiber optic,Yes,No,Yes,Yes,Yes,No,Month-to-month,Yes,Electronic check,71.9,419.69,Yes
TC-02884,Male,0,Yes,No,55,Yes,Yes,DSL,No,No,Yes,No,Yes,No,Month-to-month,Yes,Mailed check,57.58,3132.2,No
TC-02885,Female,0,No,Yes,51,Yes,No,No,No internet service,No internet service,No internet service,No internet service,No internet service,No internet service,One year,Yes,Bank transfer (automatic),55.01,2803.55,No
TC-02886,Male,0,No,No,45,Yes,Yes,Fiber optic,Yes,Yes,Yes,Yes,Yes,Yes,Two year,Yes,Mailed check,38.11,1727.93,No
TC-02887,Female,0,No,No,8,Yes,No,DSL,Yes,No,No,Yes,Yes,Yes,One year,No,Electronic check,60.79,465.74,No
TC-02888,Female,0,Yes,No,57,Yes,No,No,No internet service,No internet service,No internet service,No internet service,No internet service,No internet service,Month-to-month,No,Electronic check,48.39,2778.14,No
TC-02889,Male,0,Yes,Yes,22,Yes,No,Fiber optic,No,No,Yes,Yes,No,Yes,Month-to-month,No,Electronic check,75.77,1659.48,No
TC-02890,Male,0,Yes,No,2,Yes,No,Fiber optic,No,No,No,No,Yes,Yes,Two year,Yes,Bank transfer (automatic),96.65,256.77,Yes
TC-02891,Female,0,Yes,Yes,60,Yes,Yes,DSL,No,No,No,No,Yes,No,Month-to-month,Yes,Electronic check,87.41,5269.99,No
TC-02892,Male,0,Yes,No,8,Yes,No,DSL,No,Yes,Yes,Yes,No,No,Month-to-month,Yes,Mailed check,69.4,555.74,No
TC-02893,Female,0,Yes,Yes,52,No,No phone service,Fiber optic,Yes,Yes,Yes,No,No,No,Month-to-month,Yes,Credit card (automatic),112.86,5852.89,No
TC-02894,Male,0,No,No,67,Yes,Yes,DSL,No,Yes,Yes,No,Yes,No,Month-to-month,No,Credit card (automatic),37.73,2568.05,No
TC-02895,Male,1,No,No,48,Yes,Yes,Fiber optic,No,Yes,Yes,No,No,Yes,Month-to-month,Yes,Electronic check,82.0,3937.56,Yes
TC-02896,Male,0,Yes,No,69,Yes,No,Fiber optic,No,No,No,No,No,Yes,Month-to-month,Yes,Bank transfer (automatic),26.8,1826.58,No
TC-02897,Female,0,No,No,47,Yes,No,DSL,Yes,No,Yes,No,No,Yes,Month-to-month,No,Mailed check,85.3,3972.94,No
TC-02898,Male,0,No,No,6,Yes,Yes,No,No internet service,No internet service,No internet service,No internet service,No internet service,No internet service,Month-to-month,No,Mailed check,90.53,578.15,Yes
TC-02899,Female,0,No,Yes,30,No,No phone service,DSL,No,Yes,Yes,No,Yes,No,Two year,No,Bank transfer (automatic),96.26,2864.22,No
TC-02900,Female,1,Yes,Yes,55,Yes,Yes,DSL,Yes,Yes,No,Yes,Yes,No,Month-to-month,Yes,Mailed check,84.38,4625.9,No
TC-02901,Female,0,Yes,Yes,60,Yes,No,No,No internet service,No internet service,No internet service,No internet service,No internet service,No internet service,Two year,No,Electronic check,30.26,1843.26,No
TC-02902,Female,0,Yes,Yes,4,Yes,No,DSL,Yes,No,No,Yes,Yes,No,Two year,Yes,Mailed check,22.43,143.26,No
TC-02903,Male,0,Yes,No,29,Yes,No,No,No internet service,No internet service,No internet service,No internet service,No internet service,No internet service,One year,No,Credit card (automatic),89.43,2623.23,No
TC-02904,Female,0,No,No,21,Yes,Yes,Fiber optic,No,Yes,No,No,No,No,One year,No,Bank transfer (automatic),97.82,2096.86,No
TC-02905,Female,0,Yes,Yes,16,Yes,No,Fiber optic,No,Yes,No,Yes,Yes,Yes,Month-to-month,Yes,Mailed check,21.26,375.64,No
TC-02906,Male,0,Yes,No,9,Yes,No,Fiber optic,No,No,No,Yes,No,No,One year,Yes,Mailed check,32.99,297.33,No
TC-02907,Female,0,Yes,No,70,Yes,No,DSL,Yes,No,Yes,Yes,Yes,No,Two year,Yes,Bank transfer (automatic),97.03,6811.83,No
TC-02908,Male,0,No,Yes,67,Yes,No,Fiber optic,No,No,Yes,Yes,No,Yes,Two year,No,Mailed check,114.78,7781.55,Yes
TC-02909,Female,0,No,No,41,No,No phone service,No,No internet service,No internet service,No internet service,No internet service,No internet service,No internet service,Month-to-month,No,Bank transfer (automatic),70.05,2862.25,No
TC-02910,Male,0,No,No,26,No,No phone service,DSL,Yes,Yes,No,Yes,Yes,Yes,Month-to-month,Yes,Electronic check,33.33,811.96,No
TC-02911,Female,0,No,No,6,Yes,Yes,DSL,No,No,No,No,Yes,No,Month-to-month,No,Bank transfer (automatic),50.13,174.46,Yes
TC-02912,Male,0,No,No,22,Yes,Yes,Fiber optic,No,Yes,Yes,No,Yes,Yes,Month-to-month,Yes,Mailed check,96.14,2211.86,No
TC-02913,Female,0,Yes,No,7,Yes,No,DSL,Yes,No,Yes,Yes,No,No,Two year,Yes,Mailed check,72.32,605.28,No
TC-02914,Female,0,No,Yes,7,Yes,Yes,Fiber optic,No,No,No,No,Yes,Yes,Month-to-month,No,Electronic check,23.78,116.92,No
TC-02915,Male,0,No,No,4,Yes,Yes,Fiber optic,Yes,No,No,Yes,Yes,No,Month-to-month,Yes,Mailed check,48.84,259.66,No
TC-02916,Male,0,Yes,No,70,Yes,Yes,DSL,No,Yes,No,Yes,No,No,One year,No,Credit card (automatic),93.28,6581.23,No
TC-02917,Male,1,Yes,No,1,Yes,Yes,Fiber optic,No,No,Yes,Yes,No,Yes,Month-to-month,Yes,Credit card (automatic),50.58,82.64,No
TC-02918,Male,1,Yes,No,50,Yes,Yes,Fiber optic,No,No,No,Yes,Yes,No,Month-to-month,No,Mailed check,61.23,3086.66,No
TC-02919,Female,0,No,No,65,Yes,No,DSL,No,Yes,No,No,Yes,Yes,Month-to-month,Yes,Mailed check,108.5,7015.27,No
TC-02920,Female,0,Yes,No,11,Yes,Yes,No,No internet service,No internet service,No internet service,No internet service,No internet service,No internet service,Month-to-month,Yes,Mailed check,116.46,1287.53,Yes
TC-02921,Male,0,No,No,46,Yes,No,DSL,Yes,No,Yes,No,No,Yes,One year,No,Bank transfer (automatic),93.72,4328.52,No
TC-02922,Female,0,Yes,No,54,Yes,No,Fiber optic,Yes,Yes,No,No,Yes,Yes,One year,No,Mailed check,42.01,2272.03,No
TC-02923,Male,0,No,No,25,No,No phone service,Fiber optic,Yes,No,No,No,No,No,Two year,No,Bank transfer (automatic),42.31,1055.01,No
TC-02924,Male,0,No,No,44,Yes,Yes,Fiber optic,Yes,No,No,No,No,No,One year,Yes,Mailed check,48.43,2195.94,No
TC-02925,Female,1,No,No,61,Yes,Yes,DSL,Yes,Yes,No,Yes,No,No,One year,No,Mailed check,34.06,2128.44,No
TC-02926,Female,0,No,No,69,Yes,No,No,No internet service,No internet service,No internet service,No internet service,No internet service,No internet service,Month-to-month,No,Mailed check,35.88,2519.43,Yes
TC-02927,Female,0,Yes,No,1,Yes,Yes,No,No internet service,No internet service,No internet service,No internet service,No internet service,No internet service,Month-to-month,Yes,Electronic check,43.6,90.22,No
TC-02928,Female,0,Yes,Yes,25,Yes,No,Fiber optic,Yes,No,No,No,No,Yes,Month-to-month,Yes,Bank transfer (automatic),83.99,2111.22,Yes
TC-02929,Female,0,No,Yes,13,Yes,No,DSL,Yes,No,No,Yes,No,No,Two year,No,Electronic check,79.25,1088.55,No
TC-02930,Female,0,Yes,No,56,Yes,Yes,No,No internet service,No internet service,No internet service,No internet service,No internet service,No internet service,Month-to-month,Yes,Mailed check,52.09,2857.13,No
TC-02931,Female,0,No,No,31,Yes,Yes,No,No internet service,No internet service,No internet service,No internet service,No internet service,No internet service,Month-to-month,No,Electronic check,37.67,1171.25,No
TC-02932,Male,0,Yes,Yes,61,Yes,No,Fiber optic,Yes,Yes,No,Yes,No,Yes,Two year,Yes,Electronic check,80.4,4939.8,No
TC-02933,Male,0,Yes,No,29,Yes,Yes,DSL,Yes,Yes,No,Yes,No,No,Month-to-month,Yes,Credit card (automatic),31.09,928.78,No
TC-02934,Male,0,No,No,12,Yes,No,DSL,No,No,Yes,No,No,Yes,Month-to-month,Yes,Electronic check,32.62,410.16,No
TC-02935,Male,0,No,Yes,39,Yes,No,DSL,No,Yes,Yes,No,No,Yes,Month-to-month,No,Bank transfer (automatic),56.34,2243.61,No
TC-02936,Male,0,Yes,Yes,30,No,No phone service,DSL,Yes,Yes,Yes,Yes,Yes,Yes,One year,No,Mailed check,74.74,2314.25,No
TC-02937,Female,0,No,No,36,Yes,No,DSL,Yes,No,Yes,No,Yes,No,Two year,No,Mailed check,90.83,3216.7,No
TC-02938,Male,0,Yes,Yes,44,Yes,Yes,No,No internet service,No internet service,No internet service,No internet service,No internet service,No internet service,Two year,Yes,Credit card (automatic),86.7,3829.82,No
TC-02939,Male,1,Yes,No,58,Yes,Yes,Fiber optic,No,No,No,No,Yes,No,Month-to-month,Yes,Credit card (automatic),55.85,3203.18,No
TC-02940,Male,0,Yes,No,27,Yes,No,DSL,No,Yes,No,No,Yes,No,Month-to-month,No,Bank transfer (automatic),83.47,2307.19,No
TC-02941,Male,1,No,No,60,Yes,Yes,Fiber optic,No,No,Yes,Yes,No,Yes,Month-to-month,Yes,Bank transfer (automatic),39.13,2384.0,No
TC-02942,Male,1,No,No,18,Yes,No,DSL,No,No,Yes,No,No,Yes,Month-to-month,Yes,Mailed check,67.37,1164.14,No
TC-02943,Male,0,Yes,No,42,Yes,Yes,Fiber optic,Yes,No,Yes,No,No,Yes,Month-to-month,Yes,Mailed check,79.53,3339.93,No
TC-02944,Male,0,No,No,58,No,No phone service,Fiber optic,No,Yes,Yes,No,Yes,Yes,Month-to-month,No,Electronic check,92.44,5286.46,No
TC-02945,Female,1,No,No,15,Yes,No,DSL,No,Yes,Yes,No,Yes,No,Month-to-month,No,Bank transfer (automatic),25.96,436.89,Yes
TC-02946,Female,0,Yes,No,68,Yes,No,DSL,No,Yes,No,Yes,Yes,No,Month-to-month,No,Credit card (automatic),28.11,1884.69,No
TC-02947,Male,0,No,No,43,Yes,Yes,Fiber optic,No,No,Yes,No,Yes,Yes,One year,Yes,Mailed check,25.39,1035.26,No
TC-02948,Female,1,No,No,65,Yes,No,Fiber optic,No,Yes,No,Yes,No,Yes,Month-to-month,Yes,Mailed check,72.65,4704.97,No
TC-02949,Female,0,Yes,No,9,Yes,No,Fiber optic,No,Yes,Yes,Yes,Yes,No,Month-to-month,Yes,Electronic check,75.01,704.28,Yes
TC-02950,Female,0,No,No,46,Yes,No,No,No internet service,No internet service,No internet service,No internet service,No internet service,No internet service,Two year,Yes,Credit card (automatic),19.1,892.94,No
TC-02951,Female,0,Yes,Yes,18,Yes,Yes,Fiber optic,No,No,No,Yes,Yes,Yes,One year,Yes,Mailed check,83.67,1481.6,No
TC-02952,Male,0,No,Yes,50,Yes,No,Fiber optic,No,Yes,No,Yes,Yes,Yes,One year,Yes,Bank transfer (automatic),94.33,4711.25,No
TC-02953,Female,0,No,No,12,Yes,No,No,No internet service,No internet service,No internet service,No internet service,No internet service,No internet service,Month-to-month,Yes,Bank transfer (automatic),29.66,341.33,No
TC-02954,Female,0,Yes,No,62,Yes,No,DSL,No,Yes,No,Yes,No,Yes,Month-to-month,Yes,Bank transfer (automatic),51.73,3160.56,No
TC-02955,Female,0,Yes,No,15,No,No phone service,DSL,Yes,Yes,Yes,Yes,No,No,Month-to-month,Yes,Electronic check,103.0,1451.72,No
TC-02956,Male,0,No,No,52,Yes,No,No,No internet service,No internet service,No internet service,No internet service,No internet service,No internet service,Month-to-month,No,Electronic check,86.72,4509.12,Yes
TC-02957,Male,0,Yes,Yes,34,Yes,Yes,No,No internet service,No internet service,No internet service,No internet service,No internet service,No internet service,One year,Yes,Bank transfer (automatic),48.46,1676.89,No
TC-02958,Male,0,Yes,No,58,Yes,Yes,DSL,Yes,Yes,Yes,No,Yes,Yes,Month-to-month,Yes,Credit card (automatic),92.22,5347.96,No
TC-02959,Male,0,No,Yes,38,Yes,Yes,No,No internet service,No internet service,No internet service,No internet service,No internet service,No internet service,Month-to-month,No,Mailed check,106.73,4158.23,No
TC-02960,Male,0,Yes,No,66,Yes,Yes,DSL,No,No,Yes,No,No,Yes,Month-to-month,Yes,Mailed check,48.93,3199.59,No
TC-02961,Male,0,No,No,60,Yes,Yes,No,No internet service,No internet service,No internet service,No internet service,No internet service,No internet service,Month-to-month,Yes,Mailed check,86.43,5183.71,No
TC-02962,Male,0,No,No,49,Yes,No,DSL,Yes,Yes,No,No,Yes,No,Month-to-month,Yes,Bank transfer (automatic),27.34,1363.96,No
TC-02963,Female,1,Yes,No,52,No,No phone service,DSL,Yes,Yes,Yes,No,Yes,Yes,One year,No,Bank transfer (automatic),23.87,1263.28,No
TC-02964,Female,0,No,Yes,45,Yes,Yes,Fiber optic,Yes,No,No,No,No,No,Two year,Yes,Bank transfer (automatic),76.63,3435.56,No
TC-02965,Female,0,Yes,No,51,Yes,Yes,No,No internet service,No internet service,No internet service,No internet service,No internet service,No internet service,Month-to-month,Yes,Electronic check,67.24,3426.53,No
TC-02966,Male,0,No,Yes,28,Yes,No,No,No internet service,No internet service,No internet service,No internet service,No internet service,No internet service,One year,Yes,Electronic check,99.01,2768.11,No
TC-02967,Male,0,Yes,Yes,4,Yes,No,No,No internet service,No internet service,No internet service,No internet service,No internet service,No internet service,Month-to-month,Yes,Bank transfer (automatic),96.03,418.28,Yes
TC-02968,Male,0,Yes,Yes,66,No,No phone service,Fiber optic,Yes,Yes,No,Yes,No,No,One year,No,Bank transfer (automatic),46.67,3045.47,No
TC-02969,Male,0,No,No,39,Yes,Yes,Fiber optic,No,No,Yes,No,No,Yes,Month-to-month,Yes,Credit card (automatic),69.23,2578.28,No
TC-02970,Male,0,Yes,Yes,71,Yes,No,DSL,Yes,Yes,No,No,Yes,Yes,Month-to-month,Yes,Mailed check,93.58,6627.02,No
TC-02971,Female,0,Yes,No,1,Yes,No,DSL,Yes,No,No,Yes,Yes,Yes,Month-to-month,No,Electronic check,45.1,129.49,No
TC-02972,Female,0,Yes,No,67,Yes,Yes,Fiber optic,No,No,No,No,Yes,No,Month-to-month,No,Mailed check,54.2,3671.46,Yes
TC-02973,Male,0,No,No,61,Yes,Yes,Fiber optic,No,Yes,No,No,No,No,Month-to-month,Yes,Bank transfer (automatic),23.99,1384.96,No
TC-02974,Male,0,No,Yes,57,Yes,No,No,No internet service,No internet service,No internet service,No internet service,No internet service,No internet service,One year,Yes,Bank transfer (automatic),31.05,1803.6,No
TC-02975,Male,1,Yes,Yes,68,Yes,No,DSL,No,Yes,No,No,No,No,Month-to-month,No,Credit card (automatic),79.02,5383.78,No
TC-02976,Male,0,Yes,No,57,Yes,Yes,Fiber optic,No,Yes,Yes,Yes,Yes,Yes,Two year,No,Credit card (automatic),67.68,3839.01,Yes
TC-02977,Female,0,No,No,34,Yes,No,No,No internet service,No internet service,No internet service,No internet service,No internet service,No internet service,Month-to-month,No,Electronic check,34.86,1131.33,No
TC-02978,Male,0,No,Yes,13,Yes,No,Fiber optic,No,No,No,No,No,No,Month-to-month,Yes,Electronic check,18.73,202.81,Yes
TC-02979,Male,1,No,No,14,No,No phone service,Fiber optic,No,Yes,Yes,No,No,No,Two year,Yes,Mailed check,34.9,460.6,No
TC-02980,Male,0,Yes,No,5,Yes,No,Fiber optic,No,Yes,No,No,Yes,Yes,Month-to-month,Yes,Mailed check,92.96,556.56,Yes
TC-02981,Male,1,No,No,15,Yes,No,No,No internet service,No internet service,No internet service,No internet service,No internet service,No internet service,Two year,Yes,Electronic check,27.37,442.56,No
TC-02982,Female,1,Yes,No,45,Yes,Yes,DSL,No,No,No,Yes,No,Yes,Month-to-month,No,Bank transfer (automatic),58.24,2585.32,No
TC-02983,Male,0,No,No,62,Yes,No,Fiber optic,Yes,Yes,Yes,No,Yes,Yes,Month-to-month,Yes,Electronic check,41.88,2569.46,No
TC-02984,Male,0,Yes,No,11,Yes,No,DSL,No,No,Yes,No,Yes,Yes,One year,Yes,Mailed check,72.94,800.47,No
TC-02985,Female,0,No,No,40,Yes,Yes,No,No internet service,No internet service,No internet service,No internet service,No internet service,No internet service,Two year,Yes,Electronic check,69.16,2744.74,No
TC-02986,Female,0,Yes,No,18,No,No phone service,DSL,No,Yes,No,No,No,Yes,Month-to-month,No,Mailed check,116.3,2094.18,No
TC-02987,Female,0,No,No,1,Yes,No,Fiber optic,Yes,Yes,No,No,No,No,One year,Yes,Mailed check,95.29,88.0,No
TC-02988,Male,0,No,No,19,Yes,Yes,Fiber optic,No,No,Yes,No,Yes,Yes,Month-to-month,Yes,Mailed check,111.83,2129.63,No
TC-02989,Male,1,Yes,No,8,Yes,Yes,Fiber optic,No,No,No,Yes,Yes,No,Two year,No,Credit card (automatic),75.8,506.48,No
TC-02990,Female,0,No,Yes,20,Yes,No,Fiber optic,Yes,No,Yes,Yes,Yes,Yes,One year,Yes,Bank transfer (automatic),91.78,1875.61,No
TC-02991,Female,1,No,Yes,7,Yes,Yes,DSL,No,No,Yes,No,No,No,Two year,No,Mailed check,107.51,724.56,No
TC-02992,Female,0,No,No,38,Yes,No,DSL,Yes,No,No,No,Yes,No,Month-to-month,Yes,Bank transfer (automatic),22.11,885.52,No
TC-02993,Female,0,No,No,36,Yes,No,No,No internet service,No internet service,No internet service,No internet service,No internet service,No internet service,Two year,No,Bank transfer (automatic),109.55,4053.6,Yes
TC-02994,Female,1,Yes,No,28,Yes,Yes,Fiber optic,No,No,No,No,No,Yes,Month-to-month,No,Electronic check,39.18,1024.41,Yes
TC-02995,Female,0,Yes,No,34,Yes,Yes,No,No internet service,No internet service,No internet service,No internet service,No internet service,No internet service,Month-to-month,Yes,Credit card (automatic),88.5,3013.92,Yes
TC-02996,Male,0,No,No,37,Yes,No,Fiber optic,No,No,Yes,No,Yes,Yes,Two year,Yes,Credit card (automatic),95.33,3506.21,No
TC-02997,Male,0,Yes,Yes,34,Yes,No,DSL,No,No,Yes,Yes,Yes,Yes,Month-to-month,Yes,Bank transfer (automatic),28.93,1003.36,No
TC-02998,Male,0,Yes,No,67,Yes,No,DSL,No,No,Yes,Yes,No,No,One year,Yes,Bank transfer (automatic),113.31,7486.4,No
TC-02999,Female,0,Yes,No,2,Yes,Yes,DSL,Yes,Yes,No,No,No,No,One year,No,Electronic check,110.66,203.41,No
TC-03000,Female,0,Yes,No,11,Yes,Yes,No,No internet service,No internet service,No internet service,No internet service,No internet service,No internet service,Month-to-month,No,Electronic check,83.46,877.13,No
TC-03001,Female,0,Yes,No,31,Yes,No,Fiber optic,No,No,No,No,No,No,Month-to-month,No,Mailed check,33.53,1120.78,Yes
TC-03002,Female,1,No,Yes,46,Yes,No,Fiber optic,Yes,Yes,Yes,Yes,Yes,Yes,Month-to-month,Yes,Credit card (automatic),74.61,3525.03,No
TC-03003,Female,0,Yes,No,62,Yes,No,No,No internet service,No internet service,No internet service,No internet service,No internet service,No internet service,Two year,No,Credit card (automatic),52.41,3235.11,No
TC-03004,Female,1,No,No,25,Yes,No,Fiber optic,No,Yes,Yes,Yes,Yes,Yes,Month-to-month,Yes,Bank transfer (automatic),111.08,2719.64,Yes
TC-03005,Male,0,Yes,Yes,42,Yes,No,No,No internet service,No internet service,No internet service,No internet service,No internet service,No internet service,Month-to-month,No,Mailed check,58.67,2422.21,No
TC-03006,Male,0,No,No,43,Yes,No,DSL,Yes,Yes,No,Yes,No,Yes,One year,Yes,Bank transfer (automatic),87.37,3758.86,No
TC-03007,Female,0,No,No,37,Yes,No,No,No internet service,No internet service,No internet service,No internet service,No internet service,No internet service,Month-to-month,Yes,Bank transfer (automatic),81.7,2952.83,No
TC-03008,Male,0,No,No,28,Yes,No,No,No internet service,No internet service,No internet service,No internet service,No internet service,No internet service,Month-to-month,No,Mailed check,45.1,1288.75,No
TC-03009,Female,1,Yes,No,54,Yes,No,Fiber optic,Yes,Yes,Yes,No,Yes,No,One year,Yes,Credit card (automatic),71.55,3853.89,No
TC-03010,Male,0,Yes,No,51,No,No phone service,Fiber optic,Yes,No,Yes,Yes,Yes,No,Month-to-month,No,Bank transfer (automatic),59.0,3026.82,No
TC-03011,Female,0,No,No,18,Yes,Yes,No,No internet service,No internet service,No internet service,No internet service,No internet service,No internet service,Month-to-month,No,Bank transfer (automatic),55.46,1018.0,Yes
TC-03012,Female,0,No,Yes,34,Yes,No,Fiber optic,No,Yes,Yes,No,No,Yes,One year,Yes,Electronic check,104.4,3618.57,No
TC-03013,Male,0,Yes,No,47,No,No phone service,DSL,Yes,Yes,Yes,Yes,No,No,Month-to-month,Yes,Credit card (automatic),31.98,1534.81,No
TC-03014,Male,1,Yes,Yes,59,Yes,Yes,No,No internet service,No internet service,No internet service,No internet service,No internet service,No internet service,Two year,Yes,Bank transfer (automatic),59.04,3498.01,No
TC-03015,Female,1,No,No,30,Yes,Yes,Fiber optic,No,Yes,Yes,No,Yes,No,One year,Yes,Mailed check,18.68,572.86,No
TC-03016,Female,0,Yes,No,2,Yes,Yes,Fiber optic,Yes,Yes,Yes,No,Yes,Yes,Month-to-month,No,Bank transfer (automatic),44.19,44.19,Yes
TC-03017,Male,0,Yes,No,34,Yes,Yes,DSL,No,Yes,Yes,No,No,Yes,Month-to-month,Yes,Electronic check,80.17,2734.76,Yes
TC-03018,Male,0,Yes,No,51,Yes,No,DSL,Yes,No,No,No,No,Yes,Month-to-month,Yes,Credit card (automatic),26.75,1394.86,No
TC-03019,Female,0,Yes,Yes,70,Yes,No,Fiber optic,Yes,Yes,Yes,No,Yes,No,Two year,Yes,Credit card (automatic),45.12,3152.34,No
TC-03020,Male,1,Yes,No,50,Yes,Yes,Fiber optic,Yes,Yes,Yes,Yes,Yes,No,Two year,No,Electronic check,106.02,5384.24,No
TC-03021,Female,0,Yes,No,55,Yes,No,No,No internet service,No internet service,No internet service,No internet service,No internet service,No internet service,Month-to-month,Yes,Electronic check,87.18,4720.63,No
TC-03022,Female,0,No,No,20,Yes,No,Fiber optic,No,Yes,Yes,Yes,Yes,Yes,One year,No,Mailed check,25.03,463.61,No
TC-03023,Female,0,No,No,0,Yes,No,No,No internet service,No internet service,No internet service,No internet service,No internet service,No internet service,Two year,Yes,Electronic check,117.24,117.24,No
TC-03024,Female,1,No,No,52,Yes,Yes,DSL,No,No,No,No,No,Yes,One year,Yes,Bank transfer (automatic),112.51,5850.98,No
TC-03025,Male,0,No,No,5,Yes,Yes,DSL,Yes,Yes,No,Yes,Yes,Yes,One year,No,Credit card (automatic),32.17,128.53,No
TC-03026,Male,0,No,No,61,Yes,No,Fiber optic,Yes,No,No,No,No,Yes,Month-to-month,No,Credit card (automatic),110.19,6659.56,No
TC-03027,Male,0,No,No,46,No,No phone service,DSL,No,No,No,No,Yes,Yes,Two year,Yes,Bank transfer (automatic),72.99,3339.75,No
TC-03028,Male,0,Yes,No,49,Yes,Yes,Fiber optic,Yes,No,No,No,No,Yes,Two year,No,Bank transfer (automatic),110.94,5486.8,No
TC-03029,Male,0,Yes,No,30,Yes,Yes,Fiber optic,No,Yes,No,No,No,No,Month-to-month,No,Bank transfer (automatic),114.81,3482.01,No
TC-03030,Male,0,No,No,63,Yes,No,Fiber optic,Yes,No,Yes,Yes,Yes,Yes,Month-to-month,No,Mailed check,87.36,5468.93,No
TC-03031,Male,0,No,Yes,28,Yes,No,DSL,Yes,No,Yes,Yes,No,Yes,Month-to-month,Yes,Mailed check,47.13,1300.97,No
TC-03032,Female,0,No,Yes,14,Yes,No,DSL,No,Yes,No,Yes,No,No,One year,Yes,Bank transfer (automatic),110.47,1507.7,No
TC-03033,Male,0,Yes,No,57,Yes,Yes,DSL,No,Yes,Yes,Yes,Yes,No,Month-to-month,No,Credit card (automatic),75.35,4231.88,Yes
TC-03034,Male,0,Yes,Yes,22,Yes,Yes,Fiber optic,No,Yes,Yes,Yes,No,No,Two year,No,Credit card (automatic),52.15,1168.65,No
TC-03035,Female,0,Yes,Yes,37,Yes,No,DSL,Yes,No,No,No,No,Yes,Two year,Yes,Bank transfer (automatic),64.0,2303.94,No
TC-03036,Male,0,Yes,No,40,Yes,Yes,No,No internet service,No internet service,No internet service,No internet service,No internet service,No internet service,Month-to-month,No,Credit card (automatic),58.62,2377.94,No
TC-03037,Male,0,No,Yes,14,Yes,Yes,Fiber optic,No,No,Yes,No,No,Yes,One year,No,Electronic check,111.53,1652.35,No
TC-03038,Female,0,No,No,2,Yes,Yes,No,No internet service,No internet service,No internet service,No internet service,No internet service,No internet service,Month-to-month,No,Mailed check,99.98,218.74,No
TC-03039,Male,1,No,No,0,Yes,Yes,Fiber optic,Yes,No,No,Yes,No,Yes,Two year,No,Bank transfer (automatic),21.14,21.14,No
TC-03040,Male,0,No,No,10,Yes,No,No,No internet service,No internet service,No internet service,No internet service,No internet service,No internet service,Month-to-month,Yes,Electronic check,18.99,219.61,No
TC-03041,Male,0,Yes,Yes,59,Yes,No,Fiber optic,Yes,Yes,No,Yes,Yes,No,Month-to-month,Yes,Mailed check,24.94,1447.03,Yes
TC-03042,Female,0,Yes,No,64,Yes,Yes,Fiber optic,Yes,No,No,No,Yes,Yes,Month-to-month,No,Bank transfer (automatic),79.04,5077.06,No
TC-03043,Male,0,No,No,3,Yes,No,DSL,No,Yes,No,Yes,No,No,Month-to-month,Yes,Electronic check,99.45,313.97,Yes
TC-03044,Male,0,Yes,No,24,No,No phone service,No,No internet service,No internet service,No internet service,No internet service,No internet service,No internet service,Month-to-month,Yes,Mailed check,69.49,1636.47,No
TC-03045,Female,0,Yes,No,71,Yes,No,DSL,No,No,Yes,No,Yes,Yes,One year,No,Credit card (automatic),71.47,4948.55,No
TC-03046,Male,0,Yes,Yes,42,Yes,Yes,DSL,Yes,No,No,Yes,No,Yes,Month-to-month,Yes,Mailed check,42.04,1713.28,Yes
TC-03047,Female,0,Yes,No,39,Yes,No,DSL,Yes,No,No,Yes,Yes,Yes,One year,Yes,Mailed check,63.93,2446.17,No
TC-03048,Female,0,No,Yes,43,Yes,Yes,DSL,Yes,No,Yes,Yes,Yes,Yes,Month-to-month,Yes,Bank transfer (automatic),43.68,1903.29,No
TC-03049,Male,0,Yes,No,71,Yes,No,DSL,Yes,Yes,No,Yes,No,Yes,Month-to-month,Yes,Mailed check,45.4,3149.45,No
TC-03050,Female,0,No,No,58,No,No phone service,Fiber optic,No,Yes,Yes,No,Yes,Yes,Two year,Yes,Bank transfer (automatic),57.12,3406.51,Yes
TC-03051,Female,0,Yes,No,22,Yes,No,Fiber optic,No,No,Yes,Yes,Yes,Yes,Month-to-month,Yes,Credit card (automatic),22.75,581.96,No
TC-03052,Male,0,Yes,No,61,Yes,No,Fiber optic,No,Yes,Yes,No,No,No,Month-to-month,No,Bank transfer (automatic),113.5,6976.11,Yes
TC-03053,Female,0,No,No,22,Yes,Yes,DSL,Yes,Yes,Yes,No,Yes,No,Two year,Yes,Mailed check,109.43,2381.96,No
TC-03054,Female,1,No,No,57,Yes,No,DSL,No,No,Yes,Yes,Yes,No,Month-to-month,Yes,Bank transfer (automatic),97.63,5460.98,No
TC-03055,Male,0,Yes,No,54,Yes,No,DSL,No,Yes,Yes,Yes,No,Yes,Two year,No,Credit card (automatic),74.85,4083.51,No
TC-03056,Male,0,Yes,No,32,Yes,No,No,No internet service,No internet service,No internet service,No internet service,No internet service,No internet service,Month-to-month,Yes,Bank transfer (automatic),99.3,3140.21,No
TC-03057,Male,0,No,No,62,No,No phone service,DSL,No,No,Yes,Yes,Yes,No,Two year,Yes,Electronic check,115.41,7194.8,No
TC-03058,Female,1,Yes,No,59,Yes,No,No,No internet service,No internet service,No internet service,No internet service,No internet service,No internet service,Month-to-month,No,Mailed check,46.36,2765.3,No
TC-03059,Male,0,Yes,No,60,No,No phone service,DSL,Yes,No,No,Yes,No,No,Month-to-month,Yes,Electronic check,54.43,3243.8,No
TC-03060,Female,0,No,No,60,Yes,Yes,Fiber optic,Yes,Yes,No,Yes,Yes,Yes,Month-to-month,Yes,Electronic check,90.9,5392.99,No
TC-03061,Female,1,Yes,No,68,No,No phone service,Fiber optic,Yes,Yes,Yes,Yes,No,Yes,Two year,No,Mailed check,82.29,5605.08,No
TC-03062,Female,1,Yes,Yes,20,Yes,Yes,DSL,Yes,Yes,No,Yes,No,Yes,Two year,No,Bank transfer (automatic),100.48,1931.12,No
TC-03063,Female,0,Yes,No,2,Yes,No,Fiber optic,No,Yes,No,No,Yes,Yes,Month-to-month,Yes,Credit card (automatic),52.7,119.46,No
TC-03064,Female,0,Yes,Yes,47,Yes,Yes,Fiber optic,No,No,Yes,Yes,No,Yes,Two year,No,Electronic check,49.06,2329.33,No
TC-03065,Female,0,Yes,No,9,Yes,Yes,Fiber optic,No,No,Yes,No,Yes,No,Two year,No,Credit card (automatic),76.54,655.88,No
TC-03066,Female,0,No,No,41,Yes,No,No,No internet service,No internet service,No internet service,No internet service,No internet service,No internet service,Month-to-month,No,Bank transfer (automatic),32.59,1261.03,No
TC-03067,Male,0,Yes,No,65,Yes,Yes,DSL,Yes,Yes,No,No,No,No,Month-to-month,Yes,Bank transfer (automatic),21.96,1508.81,No
TC-03068,Male,0,No,No,45,Yes,Yes,Fiber optic,No,No,Yes,Yes,Yes,No,Month-to-month,Yes,Electronic check,42.41,1881.71,No
TC-03069,Female,0,No,No,8,Yes,No,DSL,No,No,Yes,No,No,No,Two year,Yes,Credit card (automatic),33.83,260.28,No
TC-03070,Female,0,Yes,No,48,Yes,Yes,Fiber optic,No,Yes,No,No,Yes,No,One year,Yes,Bank transfer (automatic),18.67,950.73,No
TC-03071,Male,0,No,No,3,Yes,Yes,DSL,No,No,No,No,Yes,Yes,Two year,Yes,Mailed check,95.8,258.98,No
TC-03072,Female,0,Yes,No,59,Yes,Yes,DSL,Yes,Yes,No,Yes,No,Yes,Month-to-month,No,Electronic check,72.32,4228.8,No
TC-03073,Male,0,No,No,28,Yes,Yes,DSL,No,No,Yes,No,No,Yes,Two year,No,Bank transfer (automatic),84.9,2477.71,No
TC-03074,Male,0,No,Yes,46,Yes,No,Fiber optic,Yes,Yes,No,No,No,Yes,One year,No,Electronic check,34.31,1541.63,No
TC-03075,Male,1,No,No,62,Yes,Yes,Fiber optic,Yes,No,Yes,Yes,No,No,Month-to-month,Yes,Electronic check,43.67,2768.38,No
TC-03076,Female,0,Yes,No,30,No,No phone service,No,No internet service,No internet service,No internet service,No internet service,No internet service,No internet service,Month-to-month,No,Mailed check,24.01,727.95,No
TC-03077,Female,0,No,No,50,Yes,No,Fiber optic,Yes,No,No,No,Yes,Yes,Two year,No,Bank transfer (automatic),117.75,5894.09,No
TC-03078,Male,1,No,No,40,Yes,No,Fiber optic,Yes,Yes,No,No,No,Yes,Month-to-month,Yes,Mailed check,28.31,1107.07,No
TC-03079,Male,0,No,No,35,Yes,No,DSL,No,Yes,No,Yes,Yes,No,One year,Yes,Electronic check,27.04,936.42,No
TC-03080,Male,0,Yes,No,39,Yes,Yes,DSL,No,Yes,Yes,Yes,No,No,One year,No,Bank transfer (automatic),79.42,3186.74,No
TC-03081,Male,1,Yes,No,59,Yes,Yes,No,No internet service,No internet service,No internet service,No internet service,No internet service,No internet service,Month-to-month,Yes,Credit card (automatic),51.19,3062.97,No
TC-03082,Male,0,No,No,14,Yes,Yes,Fiber optic,No,Yes,Yes,No,Yes,No,Month-to-month,Yes,Electronic check,106.76,1426.5,Yes
TC-03083,Female,0,No,No,29,Yes,No,Fiber optic,No,No,Yes,Yes,Yes,No,Two year,Yes,Bank transfer (automatic),101.15,2883.78,No
TC-03084,Male,0,No,Yes,29,Yes,No,DSL,Yes,Yes,Yes,No,No,No,Two year,Yes,Mailed check,104.82,3058.93,No
TC-03085,Female,0,No,No,26,Yes,No,DSL,Yes,Yes,Yes,No,Yes,Yes,One year,No,Electronic check,91.51,2411.2,No
TC-03086,Male,0,Yes,Yes,39,Yes,Yes,No,No internet service,No internet service,No internet service,No internet service,No internet service,No internet service,One year,No,Bank transfer (automatic),31.18,1254.36,No
TC-03087,Female,1,Yes,Yes,44,Yes,Yes,Fiber optic,No,No,Yes,No,No,Yes,Month-to-month,Yes,Mailed check,24.36,1068.0,No
TC-03088,Female,0,Yes,Yes,46,Yes,Yes,Fiber optic,Yes,Yes,No,No,No,No,Month-to-month,Yes,Credit card (automatic),24.46,1082.69,No
TC-03089,Female,0,No,Yes,55,Yes,Yes,No,No internet service,No internet service,No internet service,No internet service,No internet service,No internet service,Two year,Yes,Mailed check,98.18,5359.4,No
TC-03090,Female,0,Yes,No,53,Yes,Yes,Fiber optic,Yes,No,No,Yes,Yes,No,Month-to-month,Yes,Electronic check,83.71,4321.6,Yes
TC-03091,Female,0,No,No,8,No,No phone service,Fiber optic,Yes,No,No,Yes,Yes,Yes,Month-to-month,Yes,Mailed check,116.1,1010.48,No
TC-03092,Female,0,No,No,64,Yes,No,Fiber optic,Yes,No,Yes,No,Yes,No,Month-to-month,Yes,Bank transfer (automatic),82.35,5138.94,No
TC-03093,Male,0,No,No,69,No,No phone service,Fiber optic,Yes,Yes,No,Yes,No,Yes,Month-to-month,No,Electronic check,42.93,2950.1,Yes
TC-03094,Female,0,Yes,No,0,No,No phone service,DSL,No,No,Yes,Yes,No,Yes,One year,Yes,Electronic check,26.95,26.95,No
TC-03095,Male,0,No,No,12,Yes,No,Fiber optic,Yes,No,No,Yes,No,No,Two year,Yes,Bank transfer (automatic),54.56,625.5,No
TC-03096,Female,0,Yes,No,37,Yes,Yes,DSL,No,Yes,Yes,Yes,No,Yes,Month-to-month,Yes,Mailed check,37.97,1433.7,No
TC-03097,Female,0,No,No,44,Yes,No,Fiber optic,No,No,Yes,Yes,Yes,Yes,Month-to-month,Yes,Bank transfer (automatic),80.84,3442.63,No
TC-03098,Male,0,Yes,No,39,Yes,Yes,DSL,No,No,No,Yes,No,Yes,Two year,Yes,Bank transfer (automatic),27.6,1094.03,No
TC-03099,Female,0,No,Yes,14,Yes,Yes,DSL,Yes,Yes,Yes,Yes,No,Yes,Month-to-month,Yes,Electronic check,95.25,1377.07,No
TC-03100,Male,0,Yes,Yes,49,Yes,Yes,No,No internet service,No internet service,No internet service,No internet service,No internet service,No internet service,Two year,No,Electronic check,87.66,4274.48,No
TC-03101,Male,0,No,No,1,Yes,No,Fiber optic,No,Yes,No,Yes,Yes,Yes,Two year,No,Bank transfer (automatic),91.64,228.61,Yes
TC-03102,Male,0,Yes,No,52,Yes,Yes,DSL,Yes,No,Yes,Yes,No,No,Two year,No,Credit card (automatic),114.55,5844.35,No
TC-03103,Male,0,No,Yes,25,Yes,No,No,No internet service,No internet service,No internet service,No internet service,No internet service,No internet service,Month-to-month,Yes,Credit card (automatic),83.06,1990.85,No
TC-03104,Female,1,No,Yes,65,Yes,Yes,Fiber optic,Yes,Yes,Yes,Yes,No,Yes,Month-to-month,Yes,Credit card (automatic),96.86,6280.74,No
TC-03105,Female,0,No,Yes,32,Yes,No,DSL,Yes,No,No,No,Yes,No,One year,No,Credit card (automatic),26.53,834.82,No
TC-03106,Male,0,Yes,No,58,Yes,No,Fiber optic,No,Yes,Yes,Yes,No,Yes,One year,Yes,Mailed check,112.31,6519.7,No
TC-03107,Female,0,No,No,25,Yes,Yes,Fiber optic,Yes,No,No,No,Yes,No,One year,No,Electronic check,39.86,1042.91,No
TC-03108,Female,0,No,No,20,Yes,Yes,Fiber optic,Yes,Yes,Yes,Yes,Yes,Yes,Month-to-month,Yes,Credit card (automatic),67.31,1283.4,Yes
TC-03109,Male,0,No,Yes,48,Yes,Yes,No,No internet service,No internet service,No internet service,No internet service,No internet service,No internet service,Month-to-month,Yes,Bank transfer (automatic),113.71,5390.17,No
TC-03110,Female,0,Yes,No,70,Yes,No,DSL,Yes,Yes,Yes,Yes,No,No,Month-to-month,No,Electronic check,35.94,2481.08,No
TC-03111,Male,0,No,Yes,70,No,No phone service,DSL,Yes,No,No,Yes,Yes,Yes,One year,Yes,Mailed check,21.55,1560.05,No
TC-03112,Male,1,No,No,65,Yes,Yes,DSL,No,No,Yes,No,Yes,Yes,Month-to-month,Yes,Electronic check,47.71,3141.62,No
TC-03113,Female,1,Yes,Yes,36,Yes,No,DSL,No,Yes,Yes,Yes,Yes,No,Month-to-month,No,Credit card (automatic),33.64,1207.55,No
TC-03114,Female,0,No,No,13,Yes,No,Fiber optic,Yes,No,No,Yes,Yes,Yes,One year,No,Mailed check,84.8,1076.96,Yes
TC-03115,Female,0,Yes,No,71,Yes,No,No,No internet service,No internet service,No internet service,No internet service,No internet service,No internet service,One year,Yes,Mailed check,45.84,3247.0,No
TC-03116,Male,0,No,No,6,Yes,Yes,DSL,No,No,Yes,No,Yes,Yes,One year,Yes,Bank transfer (automatic),24.28,163.78,No
TC-03117,Male,0,Yes,No,37,Yes,Yes,DSL,Yes,Yes,No,No,Yes,Yes,One year,No,Bank transfer (automatic),107.3,3975.05,No
TC-03118,Female,0,Yes,No,44,Yes,Yes,No,No internet service,No internet service,No internet service,No internet service,No internet service,No internet service,Month-to-month,No,Mailed check,22.95,939.39,No
TC-03119,Female,0,Yes,Yes,21,Yes,Yes,DSL,No,No,No,No,No,No,One year,No,Electronic check,45.13,873.82,No
TC-03120,Female,0,No,No,43,No,No phone service,Fiber optic,No,No,No,No,Yes,No,Month-to-month,Yes,Bank transfer (automatic),42.03,1794.36,No
TC-03121,Female,0,No,No,34,Yes,No,DSL,No,Yes,No,Yes,Yes,Yes,Month-to-month,No,Credit card (automatic),20.35,728.14,Yes
TC-03122,Male,0,Yes,No,59,Yes,No,DSL,Yes,Yes,Yes,Yes,Yes,Yes,One year,Yes,Mailed check,34.52,1983.64,No
TC-03123,Female,0,No,No,2,Yes,Yes,DSL,Yes,Yes,Yes,Yes,Yes,Yes,Month-to-month,No,Electronic check,99.48,219.33,No
TC-03124,Male,0,No,No,66,No,No phone service,DSL,Yes,No,Yes,No,Yes,No,Month-to-month,Yes,Electronic check,21.75,1346.07,No
TC-03125,Male,0,Yes,No,71,Yes,Yes,Fiber optic,Yes,No,Yes,Yes,No,No,One year,Yes,Bank transfer (automatic),20.32,1446.27,No
TC-03126,Female,0,Yes,Yes,54,Yes,No,DSL,Yes,No,No,No,No,No,Month-to-month,Yes,Electronic check,81.4,4356.52,No
TC-03127,Female,0,Yes,No,8,Yes,No,DSL,No,Yes,Yes,Yes,Yes,No,Month-to-month,Yes,Bank transfer (automatic),26.89,110.63,No
TC-03128,Female,1,Yes,Yes,68,Yes,Yes,Fiber optic,No,Yes,Yes,Yes,No,No,Two year,Yes,Electronic check,55.16,3723.56,Yes
TC-03129,Male,0,No,No,27,Yes,No,No,No internet service,No internet service,No internet service,No internet service,No internet service,No internet service,Two year,Yes,Electronic check,18.21,428.5,No
TC-03130,Female,0,No,No,14,Yes,No,Fiber optic,No,Yes,No,Yes,No,Yes,Month-to-month,Yes,Mailed check,54.24,745.53,No
TC-03131,Female,0,No,Yes,30,Yes,Yes,DSL,No,No,No,Yes,No,No,One year,No,Electronic check,49.8,1514.63,No
TC-03132,Male,0,No,No,58,Yes,No,DSL,No,Yes,Yes,No,Yes,No,Month-to-month,Yes,Electronic check,79.27,4620.5,No
TC-03133,Female,0,No,No,53,Yes,Yes,Fiber optic,No,Yes,No,No,No,No,Month-to-month,Yes,Electronic check,67.91,3500.38,No
TC-03134,Male,0,No,No,67,Yes,No,Fiber optic,Yes,No,No,Yes,No,Yes,One year,No,Credit card (automatic),85.85,5780.7,No
TC-03135,Female,0,Yes,Yes,46,Yes,No,Fiber optic,Yes,No,No,No,Yes,Yes,Month-to-month,No,Bank transfer (automatic),111.59,5153.79,Yes
TC-03136,Male,0,No,No,41,Yes,Yes,DSL,No,No,No,Yes,Yes,Yes,Two year,No,Credit card (automatic),97.52,3977.14,No
TC-03137,Female,0,No,No,22,Yes,Yes,DSL,No,Yes,No,Yes,Yes,Yes,One year,No,Mailed check,111.36,2386.5,No
TC-03138,Female,0,No,No,64,Yes,Yes,No,No internet service,No internet service,No internet service,No internet service,No internet service,No internet service,Month-to-month,Yes,Mailed check,23.42,1478.47,No
TC-03139,Male,0,Yes,No,53,Yes,No,No,No internet service,No internet service,No internet service,No internet service,No internet service,No internet service,Month-to-month,Yes,Credit card (automatic),117.03,6283.15,No
TC-03140,Male,0,Yes,Yes,10,Yes,No,Fiber optic,Yes,Yes,No,Yes,No,Yes,Month-to-month,No,Electronic check,50.21,531.93,Yes
TC-03141,Female,0,No,No,62,Yes,Yes,No,No internet service,No internet service,No internet service,No internet service,No internet service,No internet service,Month-to-month,No,Mailed check,45.67,2880.17,No
TC-03142,Male,0,Yes,No,21,Yes,Yes,DSL,No,Yes,Yes,No,No,No,Month-to-month,Yes,Electronic check,58.35,1175.9,No
TC-03143,Male,0,Yes,No,53,Yes,Yes,No,No internet service,No internet service,No internet service,No internet service,No internet service,No internet service,Month-to-month,Yes,Bank transfer (automatic),96.33,5078.86,Yes
TC-03144,Male,0,No,Yes,35,Yes,Yes,Fiber optic,No,Yes,No,No,No,No,Month-to-month,No,Electronic check,113.43,3905.2,Yes
TC-03145,Male,0,No,No,57,Yes,No,Fiber optic,Yes,Yes,No,Yes,Yes,Yes,Month-to-month,No,Credit card (automatic),73.42,4151.67,Yes
TC-03146,Female,1,No,No,19,Yes,No,Fiber optic,No,Yes,No,Yes,No,No,Two year,No,Electronic check,33.44,703.27,No
TC-03147,Female,0,Yes,No,15,Yes,Yes,DSL,Yes,Yes,Yes,No,Yes,No,Month-to-month,No,Electronic check,39.41,568.69,No
TC-03148,Male,0,Yes,No,55,Yes,Yes,DSL,No,Yes,Yes,No,No,No,One year,Yes,Electronic check,58.54,3185.24,No
TC-03149,Male,0,No,No,49,Yes,No,Fiber optic,No,No,Yes,Yes,Yes,No,Month-to-month,Yes,Bank transfer (automatic),54.58,2686.36,No
TC-03150,Male,0,Yes,No,65,No,No phone service,DSL,Yes,Yes,Yes,No,Yes,Yes,Two year,No,Mailed check,41.83,2690.22,No
TC-03151,Male,1,Yes,Yes,12,Yes,No,Fiber optic,Yes,No,No,Yes,Yes,Yes,Month-to-month,Yes,Electronic check,103.02,1240.88,No
TC-03152,Female,0,Yes,No,14,Yes,No,Fiber optic,No,No,Yes,Yes,No,No,Month-to-month,Yes,Mailed check,46.01,615.7,Yes
TC-03153,Female,0,No,No,26,Yes,No,DSL,No,Yes,Yes,No,No,No,Month-to-month,Yes,Electronic check,77.28,2018.82,No
TC-03154,Male,0,No,No,7,Yes,No,Fiber optic,No,Yes,Yes,Yes,No,Yes,Month-to-month,Yes,Mailed check,65.93,442.51,No
TC-03155,Male,0,No,Yes,69,Yes,Yes,DSL,Yes,No,No,No,No,No,Month-to-month,Yes,Bank transfer (automatic),110.35,7558.25,Yes
TC-03156,Male,0,No,No,49,Yes,Yes,DSL,Yes,Yes,Yes,Yes,No,No,One year,Yes,Mailed check,80.89,4016.31,No
TC-03157,Female,1,No,No,66,Yes,No,Fiber optic,Yes,Yes,No,Yes,Yes,Yes,Month-to-month,Yes,Mailed check,51.21,3470.76,No
TC-03158,Male,0,Yes,Yes,25,Yes,Yes,Fiber optic,Yes,Yes,No,Yes,No,Yes,Two year,No,Bank transfer (automatic),81.87,2071.63,Yes
TC-03159,Female,0,Yes,No,35,Yes,Yes,DSL,No,Yes,No,Yes,Yes,Yes,Month-to-month,No,Mailed check,49.89,1671.06,No
TC-03160,Male,1,Yes,No,20,Yes,No,DSL,Yes,Yes,Yes,No,Yes,No,Two year,Yes,Electronic check,27.09,530.39,No
TC-03161,Female,0,Yes,Yes,51,Yes,No,Fiber optic,No,No,Yes,Yes,No,No,Two year,Yes,Credit card (automatic),66.52,3404.76,No
TC-03162,Male,0,Yes,No,10,Yes,Yes,DSL,Yes,No,Yes,Yes,No,No,Month-to-month,Yes,Electronic check,104.02,955.94,No
TC-03163,Female,0,Yes,No,7,Yes,No,No,No internet service,No internet service,No internet service,No internet service,No internet service,No internet service,Month-to-month,No,Bank transfer (automatic),108.92,735.63,No
TC-03164,Male,0,No,No,56,Yes,No,No,No internet service,No internet service,No internet service,No internet service,No internet service,No internet service,Two year,Yes,Bank transfer (automatic),72.37,3982.49,No
TC-03165,Male,0,No,Yes,45,Yes,Yes,DSL,No,No,Yes,No,Yes,No,One year,Yes,Bank transfer (automatic),87.95,3906.26,No
TC-03166,Male,0,Yes,No,1,Yes,Yes,No,No internet service,No internet service,No internet service,No internet service,No internet service,No internet service,Month-to-month,Yes,Electronic check,79.07,96.04,No
TC-03167,Female,0,No,No,63,Yes,Yes,Fiber optic,No,Yes,Yes,No,No,Yes,Month-to-month,Yes,Credit card (automatic),99.08,6239.57,Yes
TC-03168,Male,0,Yes,No,51,Yes,No,Fiber optic,Yes,Yes,No,Yes,Yes,Yes,One year,No,Mailed check,28.32,1389.57,No
TC-03169,Female,0,Yes,No,64,Yes,Yes,DSL,No,No,No,No,No,No,Month-to-month,No,Credit card (automatic),58.14,3717.61,No
TC-03170,Female,0,No,No,10,No,No phone service,DSL,Yes,Yes,No,Yes,No,No,Month-to-month,Yes,Bank transfer (automatic),43.31,414.98,No
TC-03171,Male,0,No,Yes,5,Yes,No,No,No internet service,No internet service,No internet service,No internet service,No internet service,No internet service,Two year,Yes,Credit card (automatic),18.66,137.44,No
TC-03172,Male,0,Yes,No,63,No,No phone service,Fiber optic,No,No,Yes,No,No,No,Two year,Yes,Credit card (automatic),100.99,6258.68,No
TC-03173,Male,0,No,No,54,Yes,Yes,Fiber optic,No,No,No,Yes,Yes,Yes,Two year,Yes,Electronic check,31.42,1659.64,No
TC-03174,Female,0,Yes,No,43,Yes,No,DSL,Yes,No,No,No,No,Yes,Two year,Yes,Credit card (automatic),50.34,2240.49,No
TC-03175,Male,0,Yes,No,13,No,No phone service,No,No internet service,No internet service,No internet service,No internet service,No internet service,No internet service,Two year,Yes,Mailed check,104.69,1302.77,No
TC-03176,Female,0,Yes,No,4,Yes,No,Fiber optic,Yes,No,Yes,Yes,No,Yes,Month-to-month,Yes,Electronic check,90.13,306.46,No
TC-03177,Female,0,Yes,No,24,Yes,No,Fiber optic,Yes,No,Yes,No,No,No,Month-to-month,No,Mailed check,74.77,1768.58,Yes
TC-03178,Male,0,Yes,No,49,Yes,Yes,DSL,Yes,No,No,Yes,Yes,No,One year,No,Credit card (automatic),49.03,2465.91,No
TC-03179,Male,0,No,No,70,Yes,Yes,No,No internet service,No internet service,No internet service,No internet service,No internet service,No internet service,Month-to-month,Yes,Bank transfer (automatic),69.53,4887.21,No
TC-03180,Male,0,Yes,Yes,1,Yes,Yes,Fiber optic,Yes,No,Yes,No,No,No,One year,Yes,Bank transfer (automatic),23.62,23.62,Yes
TC-03181,Male,0,No,Yes,9,Yes,Yes,DSL,No,No,No,Yes,Yes,No,Month-to-month,No,Electronic check,90.73,812.35,Yes
TC-03182,Male,0,Yes,No,1,Yes,No,Fiber optic,No,No,Yes,No,No,No,Two year,Yes,Mailed check,41.73,24.15,No
TC-03183,Male,0,No,No,59,Yes,No,No,No internet service,No internet service,No internet service,No internet service,No internet service,No internet service,Month-to-month,Yes,Credit card (automatic),65.92,3911.77,Yes
TC-03184,Female,1,Yes,No,44,Yes,Yes,Fiber optic,No,No,No,No,Yes,No,Two year,Yes,Electronic check,27.45,1205.71,No
TC-03185,Female,0,No,No,7,Yes,Yes,Fiber optic,Yes,No,Yes,No,No,No,Two year,Yes,Mailed check,89.08,633.38,No
TC-03186,Female,0,Yes,No,57,No,No phone service,DSL,Yes,Yes,Yes,Yes,No,No,Two year,Yes,Electronic check,107.58,6115.98,No
TC-03187,Male,0,Yes,No,6,Yes,No,Fiber optic,Yes,Yes,No,Yes,No,Yes,Month-to-month,No,Mailed check,63.59,447.66,Yes
TC-03188,Female,0,No,No,71,Yes,No,Fiber optic,Yes,No,No,No,No,Yes,Month-to-month,Yes,Bank transfer (automatic),26.32,1866.58,Yes
TC-03189,Female,0,No,Yes,20,Yes,Yes,Fiber optic,Yes,Yes,No,No,No,Yes,Two year,Yes,Electronic check,112.51,2218.88,No
TC-03190,Female,0,No,No,46,Yes,Yes,Fiber optic,Yes,Yes,No,No,No,Yes,One year,No,Credit card (automatic),62.7,2937.23,No
TC-03191,Female,0,No,No,0,Yes,No,DSL,No,Yes,Yes,No,No,Yes,Month-to-month,Yes,Mailed check,26.03,26.03,No
TC-03192,Female,0,No,No,11,No,No phone service,No,No internet service,No internet service,No internet service,No internet service,No internet service,No internet service,Two year,Yes,Credit card (automatic),36.84,359.76,No
TC-03193,Male,0,No,Yes,47,Yes,No,Fiber optic,Yes,No,No,Yes,No,Yes,Month-to-month,No,Electronic check,29.98,1212.06,No
TC-03194,Male,0,Yes,Yes,3,Yes,Yes,Fiber optic,Yes,Yes,Yes,Yes,Yes,No,Month-to-month,Yes,Electronic check,37.75,140.27,Yes
TC-03195,Female,0,Yes,No,33,No,No phone service,DSL,Yes,Yes,Yes,No,Yes,Yes,One year,No,Mailed check,33.58,1086.35,No
TC-03196,Female,0,Yes,No,31,No,No phone service,No,No internet service,No internet service,No internet service,No internet service,No internet service,No internet service,Month-to-month,No,Mailed check,110.29,3421.11,Yes
TC-03197,Female,0,No,No,2,Yes,No,Fiber optic,Yes,Yes,Yes,Yes,Yes,No,Month-to-month,No,Electronic check,38.91,136.93,No
TC-03198,Male,0,No,No,67,Yes,Yes,DSL,Yes,No,No,No,Yes,No,Month-to-month,Yes,Electronic check,62.2,4119.75,No
TC-03199,Male,0,No,No,56,Yes,No,No,No internet service,No internet service,No internet service,No internet service,No internet service,No internet service,Month-to-month,Yes,Mailed check,90.99,5039.2,No
TC-03200,Female,1,Yes,No,23,Yes,No,DSL,No,No,No,No,No,Yes,Two year,Yes,Bank transfer (automatic),85.7,1901.29,Yes
TC-03201,Male,1,No,No,32,Yes,No,Fiber optic,No,Yes,Yes,No,Yes,No,Month-to-month,Yes,Credit card (automatic),113.65,3746.97,Yes
TC-03202,Male,0,Yes,Yes,2,Yes,No,Fiber optic,No,No,Yes,Yes,Yes,Yes,Month-to-month,Yes,Credit card (automatic),114.6,288.78,No
TC-03203,Female,0,No,No,3,Yes,Yes,No,No internet service,No internet service,No internet service,No internet service,No internet service,No internet service,Month-to-month,Yes,Electronic check,75.07,258.79,No
TC-03204,Male,0,No,No,29,Yes,No,DSL,No,No,Yes,Yes,Yes,No,Two year,Yes,Electronic check,93.23,2607.32,No
TC-03205,Male,0,No,No,69,Yes,No,Fiber optic,No,No,Yes,No,Yes,Yes,Month-to-month,No,Mailed check,56.6,3834.21,Yes
TC-03206,Female,0,Yes,No,48,No,No phone service,Fiber optic,Yes,No,No,No,Yes,No,Month-to-month,Yes,Credit card (automatic),60.93,2959.77,Yes
TC-03207,Male,0,No,Yes,29,Yes,Yes,DSL,No,No,No,No,Yes,No,Month-to-month,Yes,Credit card (automatic),28.44,844.84,No
TC-03208,Male,1,Yes,No,71,Yes,No,No,No internet service,No internet service,No internet service,No internet service,No internet service,No internet service,Month-to-month,Yes,Electronic check,85.34,6045.55,No
TC-03209,Female,0,No,No,15,Yes,Yes,No,No internet service,No internet service,No internet service,No internet service,No internet service,No internet service,Month-to-month,Yes,Bank transfer (automatic),45.06,608.3,No
TC-03210,Male,0,No,No,52,Yes,No,Fiber optic,No,No,No,No,No,No,One year,No,Electronic check,25.99,1404.24,No
TC-03211,Male,0,No,No,5,No,No phone service,No,No internet service,No internet service,No internet service,No internet service,No internet service,No internet service,One year,No,Electronic check,27.82,228.7,No
TC-03212,Female,0,No,No,23,Yes,No,Fiber optic,Yes,Yes,No,No,No,No,Month-to-month,Yes,Electronic check,90.24,2097.45,Yes
TC-03213,Female,0,Yes,No,27,Yes,No,Fiber optic,Yes,Yes,Yes,Yes,Yes,Yes,Month-to-month,Yes,Credit card (automatic),40.89,1066.23,Yes
TC-03214,Female,0,No,No,20,No,No phone service,Fiber optic,No,Yes,Yes,No,No,No,Two year,Yes,Bank transfer (automatic),95.0,1976.21,No
TC-03215,Male,0,Yes,No,7,No,No phone service,Fiber optic,No,Yes,Yes,Yes,No,Yes,One year,Yes,Bank transfer (automatic),108.59,768.56,No
TC-03216,Female,0,No,No,35,Yes,No,Fiber optic,Yes,Yes,No,Yes,No,Yes,Month-to-month,No,Credit card (automatic),52.08,1904.29,No
TC-03217,Male,1,No,Yes,8,Yes,No,Fiber optic,Yes,Yes,No,No,No,Yes,Month-to-month,Yes,Bank transfer (automatic),97.39,761.22,Yes
TC-03218,Female,0,No,Yes,39,Yes,No,Fiber optic,No,No,No,No,Yes,No,Month-to-month,No,Credit card (automatic),60.87,2477.03,No
TC-03219,Male,0,Yes,No,50,Yes,Yes,Fiber optic,No,Yes,Yes,No,No,No,Month-to-month,No,Mailed check,95.22,4738.58,No
TC-03220,Female,0,No,Yes,0,No,No phone service,No,No internet service,No internet service,No internet service,No internet service,No internet service,No internet service,Two year,Yes,Mailed check,48.67,48.67,Yes
TC-03221,Female,0,Yes,Yes,62,Yes,Yes,Fiber optic,No,Yes,Yes,No,No,Yes,Two year,Yes,Credit card (automatic),111.15,6932.76,No
TC-03222,Female,0,Yes,No,67,Yes,Yes,DSL,Yes,Yes,Yes,Yes,Yes,No,One year,Yes,Credit card (automatic),116.72,7816.58,No
TC-03223,Female,1,No,Yes,25,Yes,No,Fiber optic,No,Yes,Yes,Yes,No,Yes,Two year,Yes,Credit card (automatic),56.62,1434.87,No
TC-03224,Male,0,Yes,Yes,39,Yes,Yes,Fiber optic,Yes,Yes,Yes,Yes,Yes,Yes,One year,Yes,Credit card (automatic),37.89,1426.79,No
TC-03225,Female,1,No,No,2,Yes,No,DSL,Yes,No,No,No,No,No,Month-to-month,Yes,Credit card (automatic),86.53,123.03,No
TC-03226,Female,0,Yes,No,8,Yes,Yes,No,No internet service,No internet service,No internet service,No internet service,No internet service,No internet service,Month-to-month,Yes,Credit card (automatic),76.36,591.81,No
TC-03227,Male,0,Yes,No,31,Yes,No,DSL,Yes,Yes,No,No,Yes,No,Month-to-month,No,Bank transfer (automatic),117.15,3649.57,No
TC-03228,Female,1,Yes,No,66,No,No phone service,Fiber optic,Yes,Yes,Yes,No,Yes,No,Month-to-month,Yes,Mailed check,99.16,6505.67,Yes
TC-03229,Male,0,Yes,No,3,Yes,No,No,No internet service,No internet service,No internet service,No internet service,No internet service,No internet service,Month-to-month,Yes,Mailed check,101.51,357.99,No
TC-03230,Female,0,No,No,5,Yes,No,Fiber optic,Yes,Yes,No,No,No,No,Month-to-month,No,Electronic check,90.65,447.88,No
TC-03231,Female,0,Yes,No,25,Yes,No,Fiber optic,Yes,No,Yes,Yes,No,No,Month-to-month,No,Mailed check,53.08,1412.37,No
TC-03232,Female,0,No,No,1,Yes,No,No,No internet service,No internet service,No internet service,No internet service,No internet service,No internet service,Month-to-month,Yes,Mailed check,111.58,58.97,Yes
TC-03233,Male,0,Yes,No,65,Yes,Yes,No,No internet service,No internet service,No internet service,No internet service,No internet service,No internet service,Two year,No,Electronic check,64.57,4214.17,No
TC-03234,Female,1,No,No,2,Yes,Yes,No,No internet service,No internet service,No internet service,No internet service,No internet service,No internet service,Month-to-month,Yes,Electronic check,57.94,138.84,No
TC-03235,Female,0,No,No,34,Yes,Yes,Fiber optic,No,Yes,No,No,Yes,Yes,Month-to-month,Yes,Credit card (automatic),37.42,1285.84,Yes
TC-03236,Female,0,Yes,Yes,58,Yes,No,Fiber optic,Yes,No,Yes,Yes,Yes,Yes,One year,No,Credit card (automatic),48.4,2804.75,No
TC-03237,Male,1,Yes,No,37,Yes,No,Fiber optic,Yes,No,Yes,Yes,Yes,Yes,Two year,Yes,Mailed check,18.23,716.87,No
TC-03238,Male,0,No,Yes,32,Yes,No,DSL,No,No,No,No,No,Yes,Month-to-month,No,Electronic check,83.99,2625.89,No
TC-03239,Female,0,Yes,No,14,Yes,No,No,No internet service,No internet service,No internet service,No internet service,No internet service,No internet service,Month-to-month,Yes,Credit card (automatic),78.55,1113.84,Yes
TC-03240,Male,0,Yes,No,13,Yes,No,No,No internet service,No internet service,No internet service,No internet service,No internet service,No internet service,Two year,No,Bank transfer (automatic),58.3,708.58,No
TC-03241,Female,0,Yes,No,65,Yes,No,Fiber optic,No,No,Yes,No,Yes,No,One year,Yes,Credit card (automatic),114.71,7427.19,No
TC-03242,Female,0,Yes,Yes,44,Yes,Yes,DSL,No,No,Yes,No,No,No,Two year,Yes,Credit card (automatic),87.31,3855.06,No
TC-03243,Female,1,Yes,No,47,Yes,No,DSL,Yes,Yes,No,Yes,No,Yes,One year,Yes,Electronic check,42.27,2034.1,No
TC-03244,Female,0,Yes,Yes,43,Yes,No,DSL,Yes,Yes,No,Yes,Yes,No,Month-to-month,Yes,Mailed check,55.87,2333.72,No
TC-03245,Female,0,Yes,No,36,Yes,No,Fiber optic,No,No,Yes,Yes,No,No,Month-to-month,No,Mailed check,69.58,2587.42,Yes
TC-03246,Female,0,Yes,No,28,Yes,No,Fiber optic,Yes,No,Yes,No,Yes,Yes,Month-to-month,Yes,Bank transfer (automatic),72.54,2081.24,Yes
TC-03247,Female,0,Yes,Yes,33,Yes,No,No,No internet service,No internet service,No internet service,No internet service,No internet service,No internet service,Month-to-month,Yes,Mailed check,45.56,1505.66,No
TC-03248,Male,0,No,No,58,Yes,Yes,No,No internet service,No internet service,No internet service,No internet service,No internet service,No internet service,Two year,No,Electronic check,42.94,2437.14,No
TC-03249,Male,0,Yes,Yes,42,Yes,No,Fiber optic,No,No,Yes,Yes,No,No,One year,Yes,Bank transfer (automatic),47.94,2089.92,No
TC-03250,Male,0,Yes,No,32,Yes,No,No,No internet service,No internet service,No internet service,No internet service,No internet service,No internet service,Month-to-month,Yes,Mailed check,114.34,3682.0,No
TC-03251,Male,0,Yes,Yes,18,Yes,Yes,Fiber optic,No,No,No,No,No,No,Two year,Yes,Electronic check,53.95,994.17,No
TC-03252,Male,0,Yes,Yes,7,Yes,Yes,DSL,Yes,No,No,Yes,Yes,No,Month-to-month,Yes,Electronic check,55.41,353.98,No
TC-03253,Male,0,Yes,Yes,30,Yes,No,No,No internet service,No internet service,No internet service,No internet service,No internet service,No internet service,Month-to-month,Yes,Credit card (automatic),90.02,2710.31,No
TC-03254,Male,0,No,Yes,10,Yes,Yes,DSL,Yes,Yes,No,No,Yes,Yes,One year,Yes,Mailed check,34.28,311.5,No
TC-03255,Female,0,No,No,7,No,No phone service,No,No internet service,No internet service,No internet service,No internet service,No internet service,No internet service,Two year,Yes,Credit card (automatic),82.32,637.0,No
TC-03256,Female,0,Yes,No,24,Yes,No,Fiber optic,No,Yes,No,No,No,Yes,Month-to-month,No,Mailed check,84.61,2092.64,No
TC-03257,Female,0,No,No,19,Yes,Yes,Fiber optic,No,No,Yes,Yes,Yes,Yes,One year,No,Mailed check,24.45,456.87,Yes
TC-03258,Female,0,Yes,Yes,37,Yes,No,No,No internet service,No internet service,No internet service,No internet service,No internet service,No internet service,Month-to-month,No,Credit card (automatic),36.99,1339.37,No
TC-03259,Male,0,Yes,No,6,Yes,Yes,Fiber optic,Yes,No,No,No,No,No,One year,Yes,Credit card (automatic),64.65,427.47,No
TC-03260,Male,0,No,No,38,Yes,No,No,No internet service,No internet service,No internet service,No internet service,No internet service,No internet service,One year,No,Credit card (automatic),101.54,3891.1,No
TC-03261,Female,0,No,No,71,Yes,No,Fiber optic,No,No,No,No,No,No,Two year,Yes,Mailed check,91.23,6419.02,Yes
TC-03262,Female,0,No,No,19,Yes,Yes,No,No internet service,No internet service,No internet service,No internet service,No internet service,No internet service,Month-to-month,Yes,Electronic check,105.35,1987.07,No
TC-03263,Male,0,No,No,10,Yes,Yes,Fiber optic,Yes,Yes,No,Yes,Yes,Yes,One year,No,Mailed check,103.1,1140.64,Yes
TC-03264,Female,0,No,Yes,15,Yes,No,Fiber optic,Yes,No,Yes,No,Yes,No,Month-to-month,Yes,Credit card (automatic),69.15,1036.85,Yes
TC-03265,Female,0,Yes,No,41,No,No phone service,Fiber optic,No,No,No,Yes,Yes,Yes,Month-to-month,No,Electronic check,80.23,3301.18,No
TC-03266,Female,1,Yes,No,51,Yes,Yes,Fiber optic,Yes,Yes,No,Yes,No,Yes,Two year,Yes,Electronic check,110.08,5641.33,No
TC-03267,Female,1,Yes,No,36,No,No phone service,No,No internet service,No internet service,No internet service,No internet service,No internet service,No internet service,Two year,Yes,Electronic check,92.11,3288.02,No
TC-03268,Male,0,No,Yes,51,Yes,Yes,No,No internet service,No internet service,No internet service,No internet service,No internet service,No internet service,Month-to-month,No,Credit card (automatic),53.79,2781.61,No
TC-03269,Female,0,Yes,Yes,8,Yes,Yes,Fiber optic,Yes,Yes,Yes,No,No,No,Month-to-month,No,Mailed check,53.04,443.22,No
TC-03270,Female,0,No,No,34,No,No phone service,No,No internet service,No internet service,No internet service,No internet service,No internet service,No internet service,Month-to-month,Yes,Electronic check,54.66,1914.7,Yes
TC-03271,Male,0,Yes,Yes,66,Yes,No,Fiber optic,No,Yes,No,Yes,No,Yes,Month-to-month,No,Bank transfer (automatic),67.52,4372.06,Yes
TC-03272,Male,0,No,Yes,6,Yes,No,DSL,No,No,No,Yes,No,No,Month-to-month,Yes,Mailed check,54.25,343.21,Yes
TC-03273,Female,0,No,No,1,Yes,Yes,Fiber optic,No,Yes,Yes,Yes,No,No,Two year,Yes,Bank transfer (automatic),36.75,47.25,No
TC-03274,Male,0,Yes,No,24,Yes,Yes,Fiber optic,No,Yes,No,No,Yes,Yes,Month-to-month,Yes,Mailed check,77.49,1788.91,Yes
TC-03275,Female,0,Yes,No,40,No,No phone service,DSL,Yes,Yes,No,No,No,No,Month-to-month,No,Mailed check,104.92,4183.48,No
TC-03276,Female,1,Yes,Yes,51,Yes,No,Fiber optic,No,No,No,Yes,Yes,Yes,Two year,Yes,Bank transfer (automatic),67.25,3449.46,No
TC-03277,Male,0,Yes,No,64,Yes,No,Fiber optic,No,Yes,Yes,Yes,Yes,Yes,One year,No,Mailed check,39.91,2556.74,Yes
TC-03278,Female,0,No,Yes,37,Yes,Yes,DSL,Yes,Yes,No,Yes,No,Yes,Two year,Yes,Credit card (automatic),99.31,3673.23,No
TC-03279,Female,0,Yes,No,66,Yes,Yes,Fiber optic,Yes,No,No,No,No,No,Two year,Yes,Mailed check,93.57,6174.9,No
TC-03280,Female,0,No,No,41,Yes,No,DSL,No,Yes,No,No,No,No,Two year,Yes,Electronic check,88.02,3585.55,No
TC-03281,Female,0,Yes,No,70,Yes,Yes,DSL,No,No,Yes,No,Yes,Yes,One year,No,Credit card (automatic),85.47,6083.18,No
TC-03282,Male,0,Yes,No,53,Yes,Yes,No,No internet service,No internet service,No internet service,No internet service,No internet service,No internet service,Month-to-month,No,Mailed check,96.23,5116.61,Yes
TC-03283,Male,0,Yes,No,66,Yes,No,DSL,No,Yes,Yes,Yes,No,Yes,Month-to-month,No,Bank transfer (automatic),101.03,6683.47,No
TC-03284,Female,0,Yes,Yes,63,Yes,Yes,Fiber optic,Yes,Yes,Yes,Yes,Yes,No,Month-to-month,Yes,Bank transfer (automatic),107.82,6726.29,Yes
TC-03285,Male,0,Yes,Yes,3,Yes,No,Fiber optic,No,No,Yes,No,No,Yes,Two year,Yes,Mailed check,78.99,221.19,No
TC-03286,Female,1,No,No,30,Yes,No,No,No internet service,No internet service,No internet service,No internet service,No internet service,No internet service,Month-to-month,No,Electronic check,57.36,1694.35,No
TC-03287,Female,0,Yes,Yes,12,Yes,No,Fiber optic,No,No,Yes,Yes,Yes,No,Month-to-month,Yes,Bank transfer (automatic),26.99,322.34,No
TC-03288,Female,0,No,No,26,Yes,No,DSL,No,Yes,Yes,Yes,No,Yes,One year,Yes,Credit card (automatic),90.24,2330.16,No
TC-03289,Female,0,Yes,Yes,58,Yes,Yes,No,No internet service,No internet service,No internet service,No internet service,No internet service,No internet service,Month-to-month,Yes,Credit card (automatic),32.12,1832.09,No
TC-03290,Female,0,No,No,64,Yes,No,Fiber optic,Yes,No,Yes,Yes,No,Yes,Month-to-month,Yes,Mailed check,104.85,6698.98,Yes
TC-03291,Male,0,Yes,No,63,Yes,No,Fiber optic,No,No,Yes,No,No,No,Two year,No,Mailed check,58.59,3637.02,No
TC-03292,Female,0,Yes,No,24,Yes,No,DSL,No,Yes,No,Yes,Yes,Yes,Two year,No,Bank transfer (automatic),105.61,2564.4,No
TC-03293,Male,0,Yes,No,36,Yes,Yes,No,No internet service,No internet service,No internet service,No internet service,No internet service,No internet service,Month-to-month,Yes,Electronic check,69.85,2554.85,No
TC-03294,Male,0,No,Yes,70,Yes,Yes,Fiber optic,Yes,No,Yes,Yes,No,Yes,Month-to-month,No,Credit card (automatic),63.35,4459.4,No
TC-03295,Female,0,No,No,13,Yes,Yes,No,No internet service,No internet service,No internet service,No internet service,No internet service,No internet service,One year,Yes,Electronic check,54.36,749.47,No
TC-03296,Female,0,Yes,No,23,Yes,Yes,DSL,Yes,No,No,No,Yes,No,Two year,Yes,Bank transfer (automatic),24.13,594.27,No
TC-03297,Female,1,Yes,Yes,66,No,No phone service,Fiber optic,Yes,No,Yes,Yes,No,No,Month-to-month,No,Bank transfer (automatic),19.15,1199.68,No
TC-03298,Female,0,Yes,No,47,Yes,Yes,DSL,No,Yes,No,Yes,Yes,Yes,One year,No,Bank transfer (automatic),68.87,3311.52,No
TC-03299,Female,0,No,No,64,No,No phone service,Fiber optic,Yes,Yes,No,No,No,Yes,Two year,No,Bank transfer (automatic),108.11,6962.49,No
TC-03300,Male,0,Yes,No,37,Yes,Yes,No,No internet service,No internet service,No internet service,No internet service,No internet service,No internet service,Month-to-month,No,Credit card (automatic),76.61,2739.11,Yes
TC-03301,Female,1,No,No,69,Yes,No,DSL,No,No,Yes,Yes,Yes,Yes,Two year,Yes,Electronic check,104.24,7154.56,No
TC-03302,Female,0,Yes,No,58,Yes,No,DSL,No,No,Yes,No,Yes,No,Two year,Yes,Bank transfer (automatic),117.98,6781.21,No
TC-03303,Male,0,No,No,11,Yes,No,Fiber optic,Yes,Yes,Yes,Yes,Yes,No,Two year,No,Credit card (automatic),35.86,416.16,No
TC-03304,Male,0,No,Yes,53,Yes,No,DSL,Yes,No,Yes,Yes,No,No,Month-to-month,No,Electronic check,83.96,4423.18,No
TC-03305,Female,0,No,No,50,Yes,Yes,Fiber optic,Yes,Yes,Yes,No,No,Yes,Month-to-month,Yes,Electronic check,59.69,2985.7,No
TC-03306,Male,0,Yes,No,37,Yes,Yes,DSL,No,Yes,Yes,No,No,Yes,Month-to-month,Yes,Electronic check,38.88,1525.29,No
TC-03307,Female,0,No,No,45,Yes,Yes,No,No internet service,No internet service,No internet service,No internet service,No internet service,No internet service,Two year,Yes,Credit card (automatic),42.09,1966.26,No
TC-03308,Male,1,Yes,No,9,Yes,Yes,DSL,No,No,Yes,Yes,Yes,Yes,Two year,No,Mailed check,42.47,334.34,No
TC-03309,Male,0,No,No,8,Yes,Yes,No,No internet service,No internet service,No internet service,No internet service,No internet service,No internet service,One year,Yes,Mailed check,90.97,750.65,No
TC-03310,Female,1,Yes,No,51,Yes,No,Fiber optic,No,No,No,Yes,No,Yes,Month-to-month,Yes,Mailed check,53.5,2819.86,No
TC-03311,Male,0,No,No,50,Yes,Yes,DSL,Yes,No,No,No,Yes,No,Month-to-month,Yes,Bank transfer (automatic),43.57,2132.76,No
TC-03312,Male,0,No,No,21,Yes,No,DSL,Yes,Yes,No,No,Yes,Yes,Month-to-month,Yes,Mailed check,106.6,2287.0,No
TC-03313,Male,1,Yes,Yes,71,Yes,No,No,No internet service,No internet service,No internet service,No internet service,No internet service,No internet service,Month-to-month,Yes,Mailed check,21.43,1513.12,No
TC-03314,Male,0,Yes,No,67,No,No phone service,Fiber optic,No,No,Yes,Yes,Yes,No,Two year,Yes,Credit card (automatic),91.56,6087.48,No
TC-03315,Male,0,No,No,4,Yes,Yes,Fiber optic,Yes,Yes,Yes,Yes,Yes,Yes,Month-to-month,Yes,Bank transfer (automatic),114.06,531.95,No
TC-03316,Male,0,No,No,28,Yes,Yes,DSL,Yes,Yes,Yes,Yes,Yes,Yes,Month-to-month,No,Credit card (automatic),80.56,2234.26,Yes
TC-03317,Female,0,Yes,Yes,5,Yes,No,DSL,Yes,Yes,Yes,Yes,No,Yes,One year,No,Credit card (automatic),72.82,356.62,No
TC-03318,Female,0,No,No,68,Yes,Yes,Fiber optic,Yes,Yes,No,Yes,Yes,No,Month-to-month,No,Mailed check,24.14,1623.78,Yes
TC-03319,Male,0,No,No,57,Yes,Yes,Fiber optic,No,Yes,Yes,No,No,No,One year,No,Electronic check,68.3,3945.77,Yes
TC-03320,Female,0,Yes,No,42,Yes,Yes,Fiber optic,Yes,No,Yes,No,No,No,Two year,No,Electronic check,54.14,2323.05,No
TC-03321,Female,0,Yes,Yes,68,No,No phone service,No,No internet service,No internet service,No internet service,No internet service,No internet service,No internet service,Month-to-month,Yes,Bank transfer (automatic),95.81,6477.99,Yes
TC-03322,Female,0,Yes,No,71,Yes,No,Fiber optic,No,Yes,Yes,Yes,Yes,Yes,Month-to-month,Yes,Credit card (automatic),99.18,7047.58,No
TC-03323,Male,0,No,Yes,36,Yes,Yes,DSL,No,Yes,No,No,Yes,Yes,Month-to-month,Yes,Bank transfer (automatic),34.76,1269.8,No
TC-03324,Female,0,No,No,57,No,No phone service,No,No internet service,No internet service,No internet service,No internet service,No internet service,No internet service,Month-to-month,Yes,Electronic check,70.22,4051.31,No
TC-03325,Male,0,No,Yes,36,Yes,Yes,Fiber optic,No,Yes,No,Yes,Yes,No,Two year,Yes,Credit card (automatic),103.99,3713.26,Yes
TC-03326,Female,0,Yes,No,25,Yes,No,No,No internet service,No internet service,No internet service,No internet service,No internet service,No internet service,Month-to-month,Yes,Credit card (automatic),80.45,2080.37,Yes
TC-03327,Male,0,No,Yes,41,Yes,No,No,No internet service,No internet service,No internet service,No internet service,No internet service,No internet service,Two year,No,Bank transfer (automatic),66.1,2750.82,No
TC-03328,Male,0,Yes,Yes,15,Yes,Yes,DSL,Yes,No,Yes,Yes,Yes,Yes,Two year,Yes,Credit card (automatic),107.81,1569.67,No
TC-03329,Female,1,Yes,Yes,21,Yes,Yes,Fiber optic,No,No,Yes,No,Yes,Yes,Month-to-month,Yes,Credit card (automatic),114.65,2431.88,Yes
TC-03330,Female,0,No,No,22,Yes,Yes,DSL,Yes,No,Yes,Yes,Yes,Yes,Month-to-month,No,Bank transfer (automatic),41.53,938.12,No
TC-03331,Male,0,Yes,No,46,Yes,Yes,Fiber optic,No,Yes,Yes,Yes,Yes,Yes,Month-to-month,Yes,Bank transfer (automatic),36.28,1633.43,Yes
TC-03332,Female,0,No,No,66,Yes,No,Fiber optic,No,No,No,No,Yes,No,Two year,No,Credit card (automatic),104.48,6917.01,No
TC-03333,Female,0,Yes,No,2,Yes,No,Fiber optic,No,No,No,Yes,No,No,Month-to-month,Yes,Credit card (automatic),42.29,84.7,No
TC-03334,Female,0,Yes,No,11,Yes,No,Fiber optic,Yes,Yes,No,No,Yes,No,Two year,Yes,Bank transfer (automatic),102.78,1054.01,No
TC-03335,Male,0,Yes,No,22,Yes,No,No,No internet service,No internet service,No internet service,No internet service,No internet service,No internet service,Two year,Yes,Electronic check,48.12,898.84,No
TC-03336,Male,0,No,Yes,10,Yes,No,DSL,Yes,No,Yes,Yes,No,No,One year,No,Credit card (automatic),19.92,301.66,No
TC-03337,Female,1,Yes,Yes,51,No,No phone service,DSL,No,Yes,No,Yes,No,No,Month-to-month,Yes,Bank transfer (automatic),60.19,3063.49,No
TC-03338,Female,0,No,No,49,Yes,Yes,Fiber optic,Yes,No,Yes,No,Yes,Yes,Month-to-month,Yes,Mailed check,22.04,1085.36,No
TC-03339,Female,0,Yes,No,56,Yes,No,Fiber optic,No,Yes,No,No,Yes,Yes,Two year,No,Bank transfer (automatic),38.8,2121.47,No
TC-03340,Male,0,Yes,Yes,63,No,No phone service,Fiber optic,No,No,Yes,No,No,No,Month-to-month,Yes,Bank transfer (automatic),65.94,4124.3,No
TC-03341,Male,1,Yes,Yes,45,Yes,No,Fiber optic,Yes,No,Yes,No,Yes,No,Month-to-month,Yes,Electronic check,21.85,1091.66,Yes
TC-03342,Female,0,No,Yes,28,No,No phone service,Fiber optic,No,No,Yes,Yes,No,Yes,Month-to-month,No,Mailed check,21.32,717.86,No
TC-03343,Female,0,No,No,69,Yes,No,DSL,No,Yes,Yes,Yes,No,No,Two year,No,Credit card (automatic),33.51,2219.42,No
TC-03344,Female,0,No,Yes,45,Yes,No,DSL,No,Yes,No,No,No,No,One year,Yes,Bank transfer (automatic),64.28,2895.47,No
TC-03345,Female,0,No,No,15,Yes,No,Fiber optic,No,Yes,No,No,No,Yes,Two year,No,Bank transfer (automatic),115.4,1824.4,No
TC-03346,Female,0,No,No,50,Yes,No,DSL,No,Yes,No,No,Yes,No,Two year,No,Electronic check,27.34,1376.9,No
TC-03347,Female,0,Yes,No,10,Yes,Yes,DSL,Yes,No,No,No,No,Yes,Month-to-month,No,Bank transfer (automatic),80.2,836.2,Yes
TC-03348,Male,0,Yes,Yes,10,Yes,Yes,DSL,No,Yes,No,No,No,Yes,Two year,Yes,Bank transfer (automatic),67.71,668.62,No
TC-03349,Female,0,No,Yes,62,Yes,Yes,Fiber optic,No,Yes,No,No,Yes,No,Month-to-month,No,Credit card (automatic),24.02,1515.01,Yes
TC-03350,Male,0,No,No,52,Yes,No,No,No internet service,No internet service,No internet service,No internet service,No internet service,No internet service,Month-to-month,No,Bank transfer (automatic),21.41,1185.6,No
TC-03351,Female,0,No,No,57,Yes,Yes,No,No internet service,No internet service,No internet service,No internet service,No internet service,No internet service,One year,No,Electronic check,40.18,2316.35,No
TC-03352,Female,0,No,No,18,Yes,Yes,No,No internet service,No internet service,No internet service,No internet service,No internet service,No internet service,Month-to-month,No,Bank transfer (automatic),86.48,1495.86,Yes
TC-03353,Male,0,Yes,No,31,Yes,Yes,DSL,Yes,No,Yes,Yes,No,No,Two year,Yes,Mailed check,114.24,3509.91,No
TC-03354,Male,0,No,No,49,No,No phone service,No,No internet service,No internet service,No internet service,No internet service,No internet service,No internet service,Two year,Yes,Bank transfer (automatic),73.61,3645.56,No
TC-03355,Male,0,No,No,71,Yes,Yes,Fiber optic,Yes,Yes,No,No,Yes,Yes,One year,No,Electronic check,22.58,1599.79,No
TC-03356,Male,0,No,No,54,Yes,No,No,No internet service,No internet service,No internet service,No internet service,No internet service,No internet service,Two year,Yes,Mailed check,43.8,2337.94,No
TC-03357,Female,0,No,No,40,Yes,No,No,No internet service,No internet service,No internet service,No internet service,No internet service,No internet service,Month-to-month,No,Electronic check,112.23,4434.7,No
TC-03358,Male,0,Yes,Yes,69,Yes,No,Fiber optic,No,No,No,No,Yes,No,Month-to-month,No,Bank transfer (automatic),19.25,1278.41,No
TC-03359,Female,0,Yes,Yes,20,Yes,No,DSL,Yes,No,No,No,Yes,Yes,Month-to-month,Yes,Bank transfer (automatic),78.23,1528.84,No
TC-03360,Male,0,No,Yes,25,Yes,No,Fiber optic,Yes,No,Yes,No,No,Yes,Month-to-month,Yes,Electronic check,35.89,920.09,Yes
TC-03361,Female,0,Yes,Yes,0,Yes,No,DSL,Yes,No,Yes,Yes,No,Yes,Month-to-month,Yes,Credit card (automatic),24.62,24.62,No
TC-03362,Female,0,Yes,No,26,Yes,Yes,DSL,No,Yes,No,No,No,No,Month-to-month,Yes,Bank transfer (automatic),43.44,1138.34,No
TC-03363,Female,1,No,No,49,Yes,Yes,DSL,Yes,Yes,No,Yes,No,No,One year,No,Mailed check,111.7,5481.18,No
TC-03364,Female,0,No,No,65,Yes,No,Fiber optic,Yes,No,Yes,Yes,No,Yes,Month-to-month,Yes,Electronic check,94.18,6160.15,No
TC-03365,Female,1,Yes,No,64,Yes,No,DSL,Yes,Yes,No,Yes,No,Yes,Two year,No,Bank transfer (automatic),35.12,2206.58,No
TC-03366,Female,0,Yes,Yes,9,Yes,No,No,No internet service,No internet service,No internet service,No internet service,No internet service,No internet service,One year,No,Mailed check,24.57,301.95,No
TC-03367,Male,1,Yes,No,36,Yes,No,DSL,Yes,No,Yes,Yes,Yes,Yes,Month-to-month,Yes,Bank transfer (automatic),67.31,2335.21,Yes
TC-03368,Female,0,Yes,Yes,68,Yes,Yes,Fiber optic,Yes,No,No,Yes,Yes,No,Month-to-month,Yes,Bank transfer (automatic),23.27,1566.08,No
TC-03369,Male,0,Yes,No,40,Yes,Yes,DSL,Yes,No,No,Yes,No,No,Two year,Yes,Credit card (automatic),58.41,2315.16,No
TC-03370,Male,0,No,No,45,Yes,No,No,No internet service,No internet service,No internet service,No internet service,No internet service,No internet service,Month-to-month,Yes,Credit card (automatic),98.03,4371.86,Yes
TC-03371,Female,0,Yes,No,44,Yes,No,Fiber optic,No,No,No,Yes,No,Yes,Month-to-month,No,Electronic check,68.07,2884.87,Yes
TC-03372,Male,0,Yes,No,26,Yes,No,DSL,Yes,Yes,No,Yes,No,Yes,Month-to-month,No,Mailed check,107.68,2860.35,Yes
TC-03373,Female,0,Yes,Yes,64,Yes,No,Fiber optic,No,No,No,Yes,No,Yes,Month-to-month,No,Mailed check,97.13,6257.79,Yes
TC-03374,Male,0,Yes,No,7,Yes,No,DSL,Yes,No,No,No,Yes,Yes,Month-to-month,Yes,Mailed check,73.53,539.65,No
TC-03375,Female,0,Yes,Yes,66,Yes,No,Fiber optic,Yes,No,Yes,No,Yes,No,One year,Yes,Bank transfer (automatic),97.04,6368.33,No
TC-03376,Male,0,Yes,Yes,48,Yes,Yes,Fiber optic,Yes,No,Yes,No,No,Yes,Month-to-month,Yes,Bank transfer (automatic),27.49,1294.24,Yes
TC-03377,Female,0,Yes,No,13,Yes,Yes,DSL,No,No,No,No,Yes,No,Two year,No,Electronic check,38.14,479.01,No
TC-03378,Female,0,Yes,Yes,61,Yes,Yes,Fiber optic,No,Yes,Yes,Yes,Yes,Yes,Month-to-month,No,Electronic check,88.04,5358.46,No
TC-03379,Female,0,No,No,42,Yes,Yes,DSL,No,Yes,No,Yes,Yes,Yes,Month-to-month,No,Bank transfer (automatic),18.57,819.69,No
TC-03380,Female,0,No,No,26,Yes,No,Fiber optic,Yes,No,No,No,Yes,Yes,Two year,Yes,Bank transfer (automatic),18.47,455.49,Yes
TC-03381,Male,1,Yes,No,26,Yes,Yes,Fiber optic,No,No,Yes,No,Yes,No,Month-to-month,Yes,Mailed check,56.03,1413.94,Yes
TC-03382,Female,0,No,Yes,67,Yes,Yes,Fiber optic,No,Yes,Yes,No,Yes,No,One year,Yes,Bank transfer (automatic),104.71,7022.9,No
TC-03383,Male,0,No,No,47,Yes,No,No,No internet service,No internet service,No internet service,No internet service,No internet service,No internet service,Two year,No,Mailed check,116.08,5457.89,No
TC-03384,Male,0,No,No,66,Yes,Yes,Fiber optic,Yes,No,Yes,No,Yes,Yes,Month-to-month,Yes,Electronic check,82.98,5501.86,No
TC-03385,Male,0,No,No,24,Yes,Yes,Fiber optic,Yes,Yes,Yes,Yes,No,No,Month-to-month,No,Bank transfer (automatic),113.03,2782.16,Yes
TC-03386,Female,0,No,No,63,Yes,Yes,No,No internet service,No internet service,No internet service,No internet service,No internet service,No internet service,Month-to-month,No,Bank transfer (automatic),102.77,6454.16,No
TC-03387,Male,0,No,No,23,Yes,No,No,No internet service,No internet service,No internet service,No internet service,No internet service,No internet service,Month-to-month,Yes,Mailed check,38.15,924.06,No
TC-03388,Male,0,Yes,No,8,No,No phone service,No,No internet service,No internet service,No internet service,No internet service,No internet service,No internet service,Month-to-month,No,Electronic check,58.4,474.31,No
TC-03389,Male,1,Yes,No,7,Yes,No,No,No internet service,No internet service,No internet service,No internet service,No internet service,No internet service,Month-to-month,Yes,Credit card (automatic),80.38,613.88,No
TC-03390,Female,0,No,Yes,58,Yes,No,No,No internet service,No internet service,No internet service,No internet service,No internet service,No internet service,Month-to-month,Yes,Bank transfer (automatic),33.13,1983.15,No
TC-03391,Female,0,Yes,No,16,No,No phone service,DSL,No,Yes,No,No,Yes,Yes,Month-to-month,Yes,Mailed check,49.31,751.1,No
TC-03392,Male,1,No,No,42,Yes,No,DSL,No,Yes,Yes,Yes,No,No,One year,Yes,Bank transfer (automatic),93.64,4031.85,Yes
TC-03393,Female,0,Yes,No,67,Yes,No,Fiber optic,Yes,Yes,No,No,No,Yes,Month-to-month,Yes,Credit card (automatic),52.47,3524.54,No
TC-03394,Female,0,Yes,Yes,3,Yes,No,No,No internet service,No internet service,No internet service,No internet service,No internet service,No internet service,One year,Yes,Credit card (automatic),110.59,274.4,No
TC-03395,Male,0,Yes,No,7,Yes,Yes,DSL,Yes,Yes,Yes,No,No,No,Two year,No,Electronic check,58.68,353.81,No
TC-03396,Male,0,No,No,41,Yes,Yes,Fiber optic,No,No,Yes,No,Yes,Yes,Month-to-month,Yes,Mailed check,39.98,1712.84,Yes
TC-03397,Female,0,Yes,No,48,Yes,Yes,No,No internet service,No internet service,No internet service,No internet service,No internet service,No internet service,Month-to-month,No,Credit card (automatic),39.01,1938.2,Yes
TC-03398,Male,0,Yes,Yes,5,Yes,Yes,No,No internet service,No internet service,No internet service,No internet service,No internet service,No internet service,Two year,No,Mailed check,86.72,488.43,No
TC-03399,Female,0,No,No,41,Yes,No,Fiber optic,Yes,No,No,Yes,Yes,No,One year,No,Mailed check,54.82,2220.56,No
TC-03400,Female,1,No,No,71,Yes,Yes,Fiber optic,Yes,No,No,No,Yes,Yes,Two year,No,Electronic check,41.73,2944.15,No
TC-03401,Female,0,Yes,No,31,Yes,No,DSL,Yes,No,No,No,No,No,Two year,No,Credit card (automatic),87.39,2630.3,No
TC-03402,Female,1,No,No,14,Yes,Yes,No,No internet service,No internet service,No internet service,No internet service,No internet service,No internet service,One year,No,Mailed check,60.14,827.37,No
TC-03403,Female,1,Yes,No,68,Yes,No,No,No internet service,No internet service,No internet service,No internet service,No internet service,No internet service,Two year,Yes,Electronic check,102.6,6985.33,No
TC-03404,Female,0,Yes,No,26,Yes,Yes,No,No internet service,No internet service,No internet service,No internet service,No internet service,No internet service,Month-to-month,Yes,Bank transfer (automatic),72.9,1970.41,No
TC-03405,Male,0,No,No,65,Yes,Yes,No,No internet service,No internet service,No internet service,No internet service,No internet service,No internet service,Month-to-month,Yes,Bank transfer (automatic),115.22,7475.53,Yes
TC-03406,Male,0,No,Yes,58,Yes,Yes,DSL,No,Yes,No,No,No,Yes,One year,No,Credit card (automatic),55.45,3199.41,No
TC-03407,Female,0,Yes,No,27,Yes,Yes,Fiber optic,Yes,Yes,Yes,No,No,No,One year,Yes,Mailed check,46.21,1262.14,No
TC-03408,Female,0,No,Yes,23,Yes,No,DSL,Yes,No,No,No,No,Yes,Month-to-month,No,Bank transfer (automatic),82.46,1939.11,No
TC-03409,Female,1,Yes,Yes,50,Yes,Yes,Fiber optic,No,Yes,No,Yes,No,Yes,Two year,Yes,Bank transfer (automatic),88.84,4519.64,No
TC-03410,Male,0,No,No,20,Yes,No,DSL,No,Yes,No,No,No,Yes,Two year,No,Bank transfer (automatic),19.7,359.03,No
TC-03411,Female,0,No,No,30,Yes,No,DSL,No,No,No,Yes,No,Yes,Month-to-month,Yes,Credit card (automatic),84.94,2539.65,No
TC-03412,Male,0,No,No,49,Yes,Yes,No,No internet service,No internet service,No internet service,No internet service,No internet service,No internet service,Month-to-month,Yes,Mailed check,36.1,1775.75,No
TC-03413,Female,0,No,No,39,No,No phone service,Fiber optic,Yes,No,No,Yes,No,Yes,Month-to-month,No,Mailed check,113.89,4428.4,Yes
TC-03414,Female,0,No,No,67,No,No phone service,No,No internet service,No internet service,No internet service,No internet service,No internet service,No internet service,Month-to-month,No,Credit card (automatic),75.6,5034.18,No
TC-03415,Male,0,Yes,Yes,15,Yes,Yes,Fiber optic,No,Yes,No,No,Yes,No,Month-to-month,No,Electronic check,30.66,447.05,Yes
TC-03416,Male,0,Yes,Yes,62,Yes,No,DSL,No,No,Yes,No,Yes,No,Month-to-month,Yes,Credit card (automatic),23.27,1381.83,No
TC-03417,Female,0,Yes,No,55,Yes,No,Fiber optic,No,No,No,No,No,No,Month-to-month,No,Credit card (automatic),105.96,5797.49,No
TC-03418,Female,0,No,Yes,23,Yes,Yes,No,No internet service,No internet service,No internet service,No internet service,No internet service,No internet service,Month-to-month,No,Bank transfer (automatic),103.06,2308.73,Yes
TC-03419,Female,0,Yes,No,27,Yes,No,Fiber optic,No,No,No,No,Yes,No,One year,No,Electronic check,61.41,1658.68,No
TC-03420,Male,0,Yes,No,30,Yes,Yes,No,No internet service,No internet service,No internet service,No internet service,No internet service,No internet service,Month-to-month,Yes,Electronic check,26.75,782.92,Yes
TC-03421,Male,0,No,No,14,Yes,No,DSL,Yes,No,No,Yes,Yes,Yes,Month-to-month,Yes,Credit card (automatic),57.0,770.73,No
TC-03422,Male,0,No,No,41,Yes,Yes,Fiber optic,Yes,No,No,Yes,No,No,Month-to-month,No,Bank transfer (automatic),94.05,3856.85,Yes
TC-03423,Male,0,No,Yes,49,Yes,No,No,No internet service,No internet service,No internet service,No internet service,No internet service,No internet service,One year,No,Credit card (automatic),84.15,3999.68,No
TC-03424,Male,0,Yes,No,4,Yes,Yes,DSL,No,No,Yes,No,No,No,Month-to-month,Yes,Electronic check,104.52,402.23,No
TC-03425,Male,1,Yes,Yes,47,Yes,Yes,Fiber optic,No,No,No,Yes,Yes,No,One year,Yes,Mailed check,93.12,4386.37,No
TC-03426,Female,0,No,No,12,Yes,Yes,Fiber optic,No,No,Yes,No,No,No,Two year,No,Bank transfer (automatic),51.01,660.86,Yes
TC-03427,Female,0,Yes,Yes,31,Yes,Yes,Fiber optic,No,Yes,No,No,Yes,Yes,One year,Yes,Bank transfer (automatic),52.11,1645.87,Yes
TC-03428,Male,1,Yes,No,66,Yes,No,DSL,Yes,Yes,No,Yes,Yes,Yes,Two year,No,Bank transfer (automatic),82.78,5527.0,No
TC-03429,Female,0,No,No,29,No,No phone service,Fiber optic,No,No,No,No,No,No,Month-to-month,Yes,Credit card (automatic),49.02,1349.91,Yes
TC-03430,Female,0,Yes,No,5,Yes,Yes,No,No internet service,No internet service,No internet service,No internet service,No internet service,No internet service,Month-to-month,Yes,Mailed check,104.77,576.17,No
TC-03431,Male,1,No,No,24,Yes,No,DSL,No,No,No,Yes,No,No,Month-to-month,Yes,Electronic check,50.77,1233.42,Yes
TC-03432,Female,0,Yes,No,27,Yes,No,Fiber optic,No,Yes,No,No,Yes,Yes,One year,Yes,Mailed check,66.89,1779.18,No
TC-03433,Male,0,No,No,61,Yes,Yes,DSL,Yes,Yes,Yes,Yes,No,No,Two year,No,Electronic check,22.32,1366.92,No
TC-03434,Male,1,Yes,No,21,Yes,No,Fiber optic,Yes,No,No,Yes,No,No,Month-to-month,Yes,Mailed check,29.81,782.28,No
TC-03435,Female,0,Yes,No,67,Yes,No,Fiber optic,Yes,Yes,No,No,No,Yes,Month-to-month,Yes,Mailed check,31.19,2097.0,No
TC-03436,Male,0,No,No,14,No,No phone service,Fiber optic,Yes,No,Yes,Yes,No,No,One year,No,Bank transfer (automatic),52.41,737.76,No
TC-03437,Male,0,No,No,25,Yes,Yes,DSL,Yes,No,No,No,No,Yes,Month-to-month,Yes,Mailed check,29.66,784.45,No
TC-03438,Male,0,No,No,62,Yes,Yes,DSL,Yes,No,No,No,Yes,Yes,Month-to-month,Yes,Mailed check,63.71,3939.07,No
TC-03439,Male,0,No,Yes,17,Yes,Yes,Fiber optic,Yes,Yes,No,Yes,No,Yes,Two year,No,Electronic check,44.92,724.02,No
TC-03440,Male,0,Yes,No,62,Yes,Yes,No,No internet service,No internet service,No internet service,No internet service,No internet service,No internet service,Month-to-month,Yes,Electronic check,45.25,2875.7,No
TC-03441,Male,1,No,No,61,Yes,No,DSL,Yes,Yes,Yes,No,Yes,No,Month-to-month,Yes,Mailed check,62.55,3743.58,Yes
TC-03442,Male,1,No,No,67,No,No phone service,Fiber optic,Yes,No,No,Yes,Yes,No,Month-to-month,Yes,Bank transfer (automatic),103.38,6928.62,No
TC-03443,Male,1,No,No,47,Yes,Yes,Fiber optic,Yes,No,No,No,No,No,Two year,Yes,Bank transfer (automatic),94.17,4422.75,No
TC-03444,Female,0,No,No,49,Yes,Yes,DSL,Yes,Yes,No,Yes,Yes,Yes,One year,Yes,Electronic check,106.37,5170.48,No
TC-03445,Female,0,No,No,62,Yes,Yes,Fiber optic,Yes,No,No,No,No,Yes,Month-to-month,No,Credit card (automatic),117.02,7189.35,No
TC-03446,Female,1,Yes,No,68,Yes,Yes,Fiber optic,Yes,Yes,Yes,Yes,Yes,Yes,Month-to-month,Yes,Electronic check,19.11,1293.11,Yes
TC-03447,Male,1,No,No,5,Yes,No,Fiber optic,No,Yes,No,Yes,Yes,Yes,Month-to-month,No,Bank transfer (automatic),87.25,454.56,Yes
TC-03448,Male,0,No,No,57,Yes,No,DSL,No,No,Yes,No,No,Yes,Month-to-month,Yes,Credit card (automatic),29.98,1761.24,No
TC-03449,Female,0,No,No,50,Yes,Yes,No,No internet service,No internet service,No internet service,No internet service,No internet service,No internet service,Two year,Yes,Electronic check,111.68,5545.43,No
TC-03450,Female,0,Yes,No,11,Yes,No,DSL,No,No,Yes,Yes,Yes,No,Month-to-month,Yes,Electronic check,40.68,408.26,No
TC-03451,Female,0,Yes,Yes,46,Yes,No,DSL,No,No,Yes,Yes,No,No,Two year,Yes,Credit card (automatic),53.0,2514.31,No
TC-03452,Male,0,Yes,No,8,Yes,Yes,Fiber optic,Yes,No,Yes,Yes,Yes,Yes,Month-to-month,Yes,Electronic check,115.91,903.89,No
TC-03453,Female,1,No,No,6,Yes,Yes,DSL,No,Yes,No,Yes,No,No,Two year,No,Bank transfer (automatic),104.72,611.63,No
TC-03454,Female,0,No,No,28,Yes,No,DSL,Yes,Yes,No,No,Yes,Yes,One year,Yes,Credit card (automatic),22.72,697.1,No
TC-03455,Male,0,Yes,No,50,Yes,No,Fiber optic,No,Yes,No,No,No,Yes,Month-to-month,No,Bank transfer (automatic),22.69,1052.2,No
TC-03456,Female,0,Yes,No,54,Yes,No,Fiber optic,No,Yes,No,Yes,No,No,Month-to-month,Yes,Mailed check,99.88,5333.45,Yes
TC-03457,Male,0,No,No,58,Yes,No,Fiber optic,No,No,Yes,No,Yes,No,Month-to-month,No,Electronic check,25.04,1521.92,No
TC-03458,Male,0,No,No,55,Yes,Yes,Fiber optic,No,Yes,No,No,No,No,Month-to-month,Yes,Mailed check,103.17,5644.27,Yes
TC-03459,Male,0,No,No,21,Yes,No,No,No internet service,No internet service,No internet service,No internet service,No internet service,No internet service,Two year,Yes,Mailed check,110.46,2292.96,No
TC-03460,Female,0,Yes,No,17,Yes,Yes,No,No internet service,No internet service,No internet service,No internet service,No internet service,No internet service,Month-to-month,No,Mailed check,20.38,323.97,No
TC-03461,Female,0,No,No,57,Yes,No,DSL,Yes,No,Yes,Yes,Yes,No,Month-to-month,Yes,Electronic check,40.0,2263.99,No
TC-03462,Male,0,No,No,39,Yes,No,Fiber optic,No,No,No,No,No,No,Month-to-month,Yes,Credit card (automatic),20.32,769.52,Yes
TC-03463,Female,0,Yes,No,30,Yes,Yes,DSL,No,No,No,No,No,No,Two year,Yes,Bank transfer (automatic),25.28,765.52,No
TC-03464,Female,0,Yes,No,55,Yes,Yes,No,No internet service,No internet service,No internet service,No internet service,No internet service,No internet service,Month-to-month,Yes,Electronic check,71.41,3990.19,No
TC-03465,Female,1,Yes,No,34,Yes,No,No,No internet service,No internet service,No internet service,No internet service,No internet service,No internet service,Month-to-month,No,Bank transfer (automatic),91.02,3054.5,No
TC-03466,Female,0,No,Yes,25,Yes,No,DSL,Yes,Yes,Yes,No,No,Yes,Two year,Yes,Credit card (automatic),65.95,1619.19,No
TC-03467,Male,0,Yes,No,67,Yes,Yes,Fiber optic,Yes,Yes,No,No,Yes,No,One year,No,Electronic check,56.59,3793.13,No
TC-03468,Female,0,Yes,No,33,Yes,No,No,No internet service,No internet service,No internet service,No internet service,No internet service,No internet service,Two year,No,Bank transfer (automatic),38.67,1354.69,No
TC-03469,Male,1,No,No,15,Yes,Yes,Fiber optic,No,No,No,Yes,Yes,Yes,Month-to-month,Yes,Mailed check,41.66,610.13,No
TC-03470,Male,0,No,Yes,41,Yes,Yes,Fiber optic,Yes,No,Yes,No,No,No,One year,Yes,Electronic check,76.24,3080.89,No
TC-03471,Female,0,Yes,No,4,Yes,No,No,No internet service,No internet service,No internet service,No internet service,No internet service,No internet service,Two year,No,Bank transfer (automatic),103.58,313.35,No
TC-03472,Male,0,No,Yes,60,Yes,No,No,No internet service,No internet service,No internet service,No internet service,No internet service,No internet service,Month-to-month,Yes,Mailed check,58.46,3469.55,Yes
TC-03473,Female,0,Yes,No,43,Yes,Yes,Fiber optic,No,No,No,No,Yes,No,Month-to-month,Yes,Credit card (automatic),111.96,4770.9,No
TC-03474,Female,1,No,No,34,Yes,Yes,No,No internet service,No internet service,No internet service,No internet service,No internet service,No internet service,Month-to-month,No,Mailed check,23.21,729.56,No
TC-03475,Male,0,No,No,0,Yes,Yes,Fiber optic,Yes,Yes,No,No,Yes,Yes,One year,No,Mailed check,100.92,100.92,No
TC-03476,Male,0,Yes,No,42,Yes,Yes,DSL,Yes,Yes,Yes,Yes,Yes,Yes,Month-to-month,No,Mailed check,51.87,2165.39,No
TC-03477,Male,0,Yes,No,31,Yes,Yes,Fiber optic,Yes,No,Yes,Yes,Yes,Yes,Month-to-month,Yes,Bank transfer (automatic),104.88,3322.58,No
TC-03478,Male,0,Yes,Yes,62,Yes,Yes,DSL,No,No,Yes,Yes,No,No,One year,Yes,Bank transfer (automatic),109.94,6827.05,No
TC-03479,Female,0,No,No,32,Yes,No,Fiber optic,Yes,Yes,No,No,Yes,No,One year,Yes,Credit card (automatic),88.04,2867.71,No
TC-03480,Female,0,Yes,No,65,Yes,No,No,No internet service,No internet service,No internet service,No internet service,No internet service,No internet service,One year,Yes,Mailed check,53.51,3469.59,No
TC-03481,Female,0,No,No,29,Yes,Yes,No,No internet service,No internet service,No internet service,No internet service,No internet service,No internet service,One year,Yes,Mailed check,63.69,1803.09,No
TC-03482,Male,0,No,No,9,Yes,No,No,No internet service,No internet service,No internet service,No internet service,No internet service,No internet service,Month-to-month,No,Mailed check,73.18,689.56,No
TC-03483,Male,0,Yes,No,22,Yes,Yes,DSL,No,Yes,Yes,No,No,Yes,Month-to-month,Yes,Mailed check,64.21,1356.18,Yes
TC-03484,Male,0,No,No,38,Yes,Yes,Fiber optic,No,No,Yes,No,Yes,Yes,One year,Yes,Mailed check,97.12,3748.43,No
TC-03485,Female,0,No,No,44,Yes,Yes,No,No internet service,No internet service,No internet service,No internet service,No internet service,No internet service,Two year,Yes,Electronic check,95.15,4149.21,No
TC-03486,Male,0,Yes,No,28,Yes,No,No,No internet service,No internet service,No internet service,No internet service,No internet service,No internet service,Month-to-month,No,Credit card (automatic),19.27,576.58,No
TC-03487,Female,0,No,No,29,Yes,No,No,No internet service,No internet service,No internet service,No internet service,No internet service,No internet service,One year,No,Bank transfer (automatic),33.17,980.74,No
TC-03488,Male,0,No,Yes,33,Yes,Yes,Fiber optic,Yes,No,Yes,No,No,Yes,Month-to-month,No,Bank transfer (automatic),54.35,1745.0,No
TC-03489,Female,0,Yes,No,51,Yes,Yes,No,No internet service,No internet service,No internet service,No internet service,No internet service,No internet service,Month-to-month,No,Electronic check,85.24,4407.77,Yes
TC-03490,Female,0,Yes,No,21,Yes,No,No,No internet service,No internet service,No internet service,No internet service,No internet service,No internet service,Month-to-month,Yes,Bank transfer (automatic),40.97,956.39,Yes
TC-03491,Male,0,No,Yes,4,No,No phone service,DSL,Yes,No,Yes,Yes,Yes,No,One year,No,Mailed check,50.28,163.65,No
TC-03492,Male,0,No,Yes,10,Yes,Yes,DSL,No,Yes,No,No,No,No,Month-to-month,Yes,Bank transfer (automatic),64.21,609.37,No
TC-03493,Female,0,No,Yes,31,Yes,Yes,No,No internet service,No internet service,No internet service,No internet service,No internet service,No internet service,Month-to-month,Yes,Mailed check,76.96,2389.2,Yes
TC-03494,Female,0,No,No,23,Yes,No,Fiber optic,Yes,No,Yes,No,Yes,Yes,Month-to-month,No,Credit card (automatic),108.18,2531.52,No
TC-03495,Male,0,Yes,No,10,Yes,No,DSL,Yes,Yes,No,Yes,Yes,No,One year,Yes,Bank transfer (automatic),98.46,1045.82,No
TC-03496,Male,1,No,No,10,Yes,Yes,DSL,No,No,No,Yes,No,Yes,Month-to-month,No,Electronic check,53.92,521.29,Yes
TC-03497,Female,0,No,Yes,16,Yes,Yes,Fiber optic,No,No,Yes,Yes,No,Yes,Month-to-month,Yes,Bank transfer (automatic),94.8,1523.69,Yes
TC-03498,Male,1,No,No,31,Yes,Yes,DSL,Yes,Yes,No,No,No,No,Two year,Yes,Mailed check,101.27,3121.78,No
TC-03499,Female,0,No,No,26,No,No phone service,DSL,No,Yes,Yes,Yes,No,No,Month-to-month,No,Electronic check,70.23,1805.33,No
TC-03500,Female,0,Yes,Yes,31,Yes,Yes,DSL,Yes,No,No,No,Yes,No,One year,No,Mailed check,47.6,1449.02,No
TC-03501,Male,0,No,No,60,No,No phone service,No,No internet service,No internet service,No internet service,No internet service,No internet service,No internet service,Month-to-month,No,Credit card (automatic),112.31,6670.42,No
TC-03502,Male,1,Yes,No,24,Yes,No,DSL,No,No,No,No,Yes,No,Month-to-month,Yes,Bank transfer (automatic),114.23,2784.68,No
TC-03503,Male,0,Yes,No,63,Yes,No,Fiber optic,No,Yes,No,Yes,Yes,Yes,Month-to-month,Yes,Credit card (automatic),40.46,2554.08,No
TC-03504,Male,0,Yes,No,63,No,No phone service,Fiber optic,Yes,Yes,No,No,Yes,No,Month-to-month,Yes,Credit card (automatic),96.51,6156.42,No
TC-03505,Male,0,Yes,Yes,27,Yes,Yes,Fiber optic,Yes,No,Yes,Yes,No,No,Month-to-month,No,Electronic check,22.18,640.08,No
TC-03506,Female,0,Yes,No,39,Yes,Yes,DSL,Yes,No,No,Yes,No,No,Month-to-month,No,Mailed check,18.24,691.35,No
TC-03507,Female,0,No,Yes,13,Yes,No,DSL,Yes,No,Yes,Yes,No,No,One year,No,Bank transfer (automatic),53.16,634.02,No
TC-03508,Male,0,Yes,Yes,41,Yes,No,DSL,No,Yes,Yes,No,No,Yes,Two year,No,Electronic check,64.25,2727.62,No
TC-03509,Male,0,Yes,No,38,No,No phone service,No,No internet service,No internet service,No internet service,No internet service,No internet service,No internet service,Two year,Yes,Bank transfer (automatic),72.63,2675.01,No
TC-03510,Male,0,Yes,No,1,Yes,No,Fiber optic,No,No,Yes,Yes,Yes,No,Two year,Yes,Credit card (automatic),55.83,38.74,No
TC-03511,Female,0,No,Yes,0,Yes,No,DSL,No,No,No,No,No,Yes,Month-to-month,Yes,Electronic check,30.88,30.88,Yes
TC-03512,Male,0,Yes,Yes,31,Yes,Yes,No,No internet service,No internet service,No internet service,No internet service,No internet service,No internet service,Month-to-month,Yes,Credit card (automatic),52.48,1594.53,No
TC-03513,Male,0,No,No,63,Yes,No,DSL,Yes,No,No,No,Yes,No,Two year,Yes,Bank transfer (automatic),100.18,6268.77,No
TC-03514,Female,1,Yes,No,30,Yes,No,Fiber optic,No,No,Yes,Yes,No,Yes,Two year,Yes,Credit card (automatic),51.57,1486.04,No
TC-03515,Female,1,Yes,No,57,Yes,No,Fiber optic,Yes,Yes,No,Yes,No,No,Month-to-month,No,Credit card (automatic),77.23,4365.83,Yes
TC-03516,Male,1,No,No,13,Yes,Yes,Fiber optic,Yes,Yes,No,No,Yes,Yes,One year,Yes,Electronic check,86.09,1116.61,Yes
TC-03517,Male,0,No,Yes,68,Yes,Yes,Fiber optic,No,Yes,Yes,Yes,No,No,Month-to-month,Yes,Credit card (automatic),91.24,6219.6,Yes
TC-03518,Male,1,No,No,15,No,No phone service,DSL,Yes,Yes,No,No,Yes,Yes,Month-to-month,Yes,Credit card (automatic),66.8,975.75,No
TC-03519,Female,0,Yes,Yes,68,Yes,No,Fiber optic,Yes,No,Yes,Yes,Yes,No,Two year,Yes,Mailed check,30.57,2052.25,No
TC-03520,Male,0,No,No,53,Yes,Yes,Fiber optic,Yes,Yes,No,No,No,Yes,Two year,Yes,Bank transfer (automatic),108.05,5674.53,No
TC-03521,Male,0,No,Yes,12,Yes,Yes,DSL,No,Yes,Yes,No,Yes,Yes,Two year,No,Bank transfer (automatic),44.03,536.74,No
TC-03522,Male,0,No,No,30,Yes,Yes,Fiber optic,Yes,No,Yes,Yes,Yes,Yes,Month-to-month,No,Credit card (automatic),51.9,1559.41,No
TC-03523,Female,1,No,No,68,Yes,Yes,No,No internet service,No internet service,No internet service,No internet service,No internet service,No internet service,Two year,No,Bank transfer (automatic),95.38,6504.82,No
TC-03524,Female,0,No,No,20,Yes,Yes,Fiber optic,No,Yes,No,No,Yes,Yes,Month-to-month,No,Electronic check,94.35,1859.94,No
TC-03525,Male,0,Yes,Yes,29,Yes,No,Fiber optic,Yes,No,No,No,No,Yes,Two year,Yes,Electronic check,107.64,3076.02,No
TC-03526,Male,0,No,No,22,Yes,Yes,Fiber optic,No,No,No,No,No,No,Two year,Yes,Bank transfer (automatic),21.37,469.16,No
TC-03527,Female,0,Yes,No,37,Yes,No,No,No internet service,No internet service,No internet service,No internet service,No internet service,No internet service,Two year,No,Electronic check,105.45,3927.68,No
TC-03528,Female,0,No,No,28,Yes,No,DSL,Yes,No,Yes,No,Yes,Yes,Month-to-month,Yes,Mailed check,97.22,2677.81,Yes
TC-03529,Female,0,No,No,31,Yes,Yes,Fiber optic,No,Yes,No,Yes,No,No,Two year,Yes,Credit card (automatic),70.51,2154.43,No
TC-03530,Female,0,Yes,No,61,Yes,Yes,Fiber optic,Yes,No,No,Yes,Yes,Yes,Month-to-month,Yes,Bank transfer (automatic),33.95,2009.72,No
TC-03531,Female,0,Yes,No,44,Yes,Yes,DSL,No,No,No,Yes,No,No,Month-to-month,Yes,Mailed check,72.5,3131.41,No
TC-03532,Female,0,Yes,No,48,Yes,No,Fiber optic,No,No,No,Yes,Yes,No,One year,Yes,Bank transfer (automatic),37.39,1767.39,No
TC-03533,Female,0,Yes,No,32,No,No phone service,Fiber optic,Yes,Yes,Yes,Yes,Yes,No,Two year,No,Bank transfer (automatic),114.5,3621.93,No
TC-03534,Female,0,No,Yes,3,Yes,No,No,No internet service,No internet service,No internet service,No internet service,No internet service,No internet service,Month-to-month,Yes,Bank transfer (automatic),88.88,306.66,No
TC-03535,Female,1,Yes,Yes,17,Yes,Yes,Fiber optic,Yes,Yes,No,No,Yes,No,Two year,No,Mailed check,77.62,1321.04,No
TC-03536,Male,0,No,No,69,Yes,No,DSL,Yes,Yes,Yes,No,No,No,Two year,No,Electronic check,99.34,6917.72,No
TC-03537,Male,0,No,No,63,Yes,No,DSL,No,No,No,No,No,Yes,Month-to-month,Yes,Mailed check,71.24,4551.88,No
TC-03538,Male,0,No,No,27,Yes,Yes,Fiber optic,Yes,Yes,Yes,No,No,No,Month-to-month,Yes,Mailed check,24.03,649.57,Yes
TC-03539,Female,0,Yes,No,57,No,No phone service,Fiber optic,Yes,No,No,Yes,Yes,No,One year,No,Mailed check,43.9,2402.11,No
TC-03540,Male,0,Yes,No,55,Yes,No,DSL,No,Yes,No,Yes,No,No,Month-to-month,Yes,Credit card (automatic),116.17,6409.27,Yes
TC-03541,Female,0,Yes,No,19,No,No phone service,Fiber optic,No,No,No,Yes,Yes,Yes,Month-to-month,Yes,Bank transfer (automatic),103.08,2015.73,Yes
TC-03542,Female,0,No,No,33,Yes,Yes,No,No internet service,No internet service,No internet service,No internet service,No internet service,No internet service,One year,No,Credit card (automatic),110.74,3686.04,No
TC-03543,Male,0,Yes,No,9,Yes,No,DSL,Yes,No,Yes,No,Yes,Yes,Month-to-month,Yes,Electronic check,27.78,267.46,No
TC-03544,Female,0,Yes,No,21,Yes,No,Fiber optic,Yes,Yes,Yes,No,No,No,Month-to-month,Yes,Electronic check,42.8,886.4,No
TC-03545,Male,0,No,No,4,Yes,Yes,Fiber optic,Yes,No,No,Yes,No,No,Month-to-month,Yes,Electronic check,24.32,38.38,No
TC-03546,Male,0,Yes,No,43,Yes,Yes,Fiber optic,Yes,Yes,No,Yes,Yes,No,Month-to-month,No,Electronic check,100.22,4340.74,No
TC-03547,Male,0,No,No,8,Yes,No,Fiber optic,Yes,Yes,Yes,Yes,Yes,Yes,Month-to-month,Yes,Mailed check,35.39,273.36,No
TC-03548,Female,1,Yes,No,42,Yes,No,Fiber optic,No,No,No,Yes,Yes,No,Month-to-month,Yes,Credit card (automatic),59.01,2494.03,No
TC-03549,Male,0,Yes,No,3,Yes,Yes,No,No internet service,No internet service,No internet service,No internet service,No internet service,No internet service,Month-to-month,Yes,Credit card (automatic),44.95,105.5,Yes
TC-03550,Female,0,Yes,No,41,Yes,Yes,DSL,Yes,Yes,Yes,Yes,No,Yes,Month-to-month,Yes,Electronic check,111.04,4652.61,Yes
TC-03551,Male,0,Yes,Yes,64,Yes,Yes,Fiber optic,No,No,No,Yes,No,Yes,Month-to-month,Yes,Credit card (automatic),78.84,5057.71,No
TC-03552,Male,1,Yes,Yes,40,No,No phone service,Fiber optic,Yes,Yes,No,No,Yes,Yes,Month-to-month,Yes,Credit card (automatic),97.95,3899.01,Yes
TC-03553,Male,0,No,No,63,Yes,Yes,DSL,No,Yes,Yes,Yes,Yes,No,Two year,No,Credit card (automatic),78.21,4870.41,No
TC-03554,Female,0,Yes,No,54,Yes,No,Fiber optic,No,No,Yes,Yes,Yes,Yes,Month-to-month,Yes,Credit card (automatic),79.26,4210.11,No
TC-03555,Female,0,Yes,Yes,17,Yes,Yes,DSL,Yes,No,No,Yes,Yes,No,Two year,Yes,Credit card (automatic),56.29,987.96,No
TC-03556,Female,1,Yes,No,15,Yes,Yes,Fiber optic,Yes,No,No,No,No,No,Two year,Yes,Mailed check,41.9,599.39,No
TC-03557,Male,1,Yes,No,45,Yes,No,Fiber optic,Yes,No,Yes,No,No,Yes,One year,No,Mailed check,52.84,2355.3,No
TC-03558,Male,0,Yes,Yes,35,Yes,Yes,Fiber optic,No,Yes,No,No,No,No,Month-to-month,No,Credit card (automatic),47.49,1635.01,No
TC-03559,Female,0,Yes,No,65,Yes,No,No,No internet service,No internet service,No internet service,No internet service,No internet service,No internet service,Month-to-month,Yes,Credit card (automatic),87.12,5608.2,No
TC-03560,Female,0,Yes,No,43,Yes,Yes,DSL,No,No,No,Yes,Yes,Yes,Month-to-month,No,Credit card (automatic),60.26,2576.67,No
TC-03561,Female,0,No,Yes,4,Yes,Yes,No,No internet service,No internet service,No internet service,No internet service,No internet service,No internet service,Two year,Yes,Electronic check,73.02,294.9,No
TC-03562,Female,0,No,No,28,No,No phone service,No,No internet service,No internet service,No internet service,No internet service,No internet service,No internet service,Two year,No,Electronic check,95.09,2612.19,No
TC-03563,Female,0,Yes,No,3,Yes,Yes,DSL,No,No,No,Yes,Yes,Yes,One year,Yes,Credit card (automatic),44.66,150.58,No
TC-03564,Female,0,No,No,48,Yes,Yes,No,No internet service,No internet service,No internet service,No internet service,No internet service,No internet service,One year,Yes,Mailed check,60.36,2836.1,No
TC-03565,Male,0,Yes,No,71,No,No phone service,Fiber optic,No,No,No,Yes,Yes,Yes,Two year,Yes,Electronic check,69.95,4944.4,No
TC-03566,Female,0,No,Yes,7,Yes,No,No,No internet service,No internet service,No internet service,No internet service,No internet service,No internet service,Month-to-month,No,Bank transfer (automatic),23.38,181.89,No
TC-03567,Male,0,Yes,No,51,Yes,No,No,No internet service,No internet service,No internet service,No internet service,No internet service,No internet service,One year,No,Electronic check,33.22,1693.54,No
TC-03568,Male,0,Yes,No,68,Yes,Yes,No,No internet service,No internet service,No internet service,No internet service,No internet service,No internet service,One year,Yes,Electronic check,24.35,1573.74,No
TC-03569,Female,1,No,Yes,20,Yes,Yes,Fiber optic,Yes,No,No,Yes,Yes,Yes,Month-to-month,No,Bank transfer (automatic),93.23,1725.29,Yes
TC-03570,Female,0,Yes,No,26,Yes,Yes,Fiber optic,No,Yes,Yes,Yes,Yes,No,Two year,No,Credit card (automatic),47.99,1276.09,No
TC-03571,Male,0,No,Yes,37,No,No phone service,Fiber optic,No,Yes,No,Yes,Yes,Yes,Month-to-month,Yes,Electronic check,60.26,2264.13,No
TC-03572,Female,0,Yes,No,4,Yes,No,Fiber optic,Yes,Yes,Yes,No,Yes,No,Month-to-month,Yes,Electronic check,85.23,362.79,Yes
TC-03573,Female,0,Yes,Yes,60,Yes,No,DSL,No,No,No,No,No,No,Month-to-month,Yes,Credit card (automatic),114.65,6867.64,Yes
TC-03574,Male,0,Yes,No,7,No,No phone service,Fiber optic,Yes,Yes,No,Yes,Yes,Yes,Month-to-month,Yes,Electronic check,99.1,681.3,Yes
TC-03575,Male,0,Yes,No,17,No,No phone service,No,No internet service,No internet service,No internet service,No internet service,No internet service,No internet service,Month-to-month,Yes,Electronic check,23.78,398.93,No
TC-03576,Male,0,No,No,3,Yes,Yes,No,No internet service,No internet service,No internet service,No internet service,No internet service,No internet service,Month-to-month,No,Credit card (automatic),48.57,174.97,Yes
TC-03577,Female,0,Yes,No,3,Yes,Yes,No,No internet service,No internet service,No internet service,No internet service,No internet service,No internet service,Month-to-month,Yes,Electronic check,22.91,62.06,Yes
TC-03578,Male,0,No,No,36,Yes,Yes,DSL,No,Yes,No,Yes,No,Yes,Month-to-month,Yes,Credit card (automatic),24.17,888.82,No
TC-03579,Female,1,No,No,14,Yes,No,Fiber optic,Yes,No,Yes,No,No,No,Two year,Yes,Electronic check,30.75,496.21,No
TC-03580,Male,0,Yes,Yes,37,Yes,Yes,Fiber optic,No,No,Yes,Yes,No,No,One year,No,Credit card (automatic),50.11,1805.72,No
TC-03581,Male,1,Yes,No,26,Yes,No,DSL,No,No,No,Yes,Yes,Yes,Two year,Yes,Bank transfer (automatic),41.15,1060.63,No
TC-03582,Male,1,No,No,47,Yes,No,Fiber optic,Yes,Yes,No,No,Yes,No,Two year,Yes,Electronic check,53.22,2458.42,No
TC-03583,Female,0,No,No,45,Yes,Yes,Fiber optic,No,Yes,Yes,Yes,No,Yes,Two year,No,Bank transfer (automatic),100.2,4489.33,Yes
TC-03584,Female,0,Yes,No,45,Yes,No,No,No internet service,No internet service,No internet service,No internet service,No internet service,No internet service,Two year,No,Mailed check,97.77,4394.59,No
TC-03585,Male,0,No,Yes,47,Yes,Yes,No,No internet service,No internet service,No internet service,No internet service,No internet service,No internet service,Month-to-month,No,Mailed check,53.07,2450.31,No
TC-03586,Male,0,No,No,58,Yes,No,No,No internet service,No internet service,No internet service,No internet service,No internet service,No internet service,Month-to-month,No,Bank transfer (automatic),83.98,4789.64,No
TC-03587,Male,0,No,No,3,No,No phone service,Fiber optic,No,No,No,No,Yes,No,Two year,Yes,Electronic check,55.27,100.48,No
TC-03588,Female,1,Yes,Yes,18,Yes,Yes,DSL,Yes,Yes,No,Yes,No,Yes,Month-to-month,No,Bank transfer (automatic),56.6,1040.98,No
TC-03589,Male,0,No,No,56,Yes,Yes,No,No internet service,No internet service,No internet service,No internet service,No internet service,No internet service,Month-to-month,Yes,Bank transfer (automatic),85.57,4758.5,No
TC-03590,Female,0,No,No,18,No,No phone service,DSL,No,Yes,No,Yes,Yes,No,One year,Yes,Credit card (automatic),56.43,1004.8,No
TC-03591,Male,0,No,No,41,Yes,Yes,Fiber optic,No,Yes,Yes,No,Yes,Yes,Two year,No,Bank transfer (automatic),72.93,2992.6,No
TC-03592,Male,0,No,Yes,4,Yes,No,DSL,Yes,Yes,No,Yes,No,No,Two year,No,Bank transfer (automatic),29.52,163.44,No
TC-03593,Male,0,Yes,No,47,Yes,Yes,No,No internet service,No internet service,No internet service,No internet service,No internet service,No internet service,Two year,No,Credit card (automatic),71.88,3364.17,No
TC-03594,Male,0,Yes,Yes,24,Yes,Yes,DSL,Yes,Yes,Yes,No,No,No,Month-to-month,Yes,Credit card (automatic),92.2,2225.12,No
TC-03595,Male,0,No,No,66,Yes,No,DSL,Yes,No,Yes,Yes,Yes,No,One year,No,Credit card (automatic),106.84,6994.84,No
TC-03596,Male,0,No,No,25,No,No phone service,Fiber optic,No,No,No,Yes,Yes,No,Two year,No,Bank transfer (automatic),32.73,810.21,Yes
TC-03597,Female,0,No,No,61,Yes,Yes,DSL,Yes,Yes,Yes,Yes,Yes,Yes,Two year,Yes,Electronic check,59.07,3554.39,No
TC-03598,Male,0,Yes,Yes,6,Yes,No,No,No internet service,No internet service,No internet service,No internet service,No internet service,No internet service,One year,Yes,Mailed check,66.62,392.66,No
TC-03599,Female,0,Yes,No,43,Yes,Yes,DSL,Yes,Yes,No,No,No,No,Two year,Yes,Bank transfer (automatic),108.48,4671.02,No
TC-03600,Male,0,No,No,26,Yes,No,No,No internet service,No internet service,No internet service,No internet service,No internet service,No internet service,Month-to-month,Yes,Electronic check,43.74,1125.53,No
TC-03601,Male,0,No,Yes,41,Yes,No,Fiber optic,No,No,Yes,No,No,Yes,Two year,No,Credit card (automatic),34.57,1396.21,No
TC-03602,Female,0,Yes,No,55,Yes,No,Fiber optic,No,Yes,No,Yes,No,Yes,Two year,Yes,Bank transfer (automatic),32.15,1781.71,No
TC-03603,Male,0,No,No,2,Yes,Yes,No,No internet service,No internet service,No internet service,No internet service,No internet service,No internet service,Month-to-month,Yes,Bank transfer (automatic),33.49,46.82,No
TC-03604,Female,0,No,No,12,Yes,No,Fiber optic,No,Yes,No,Yes,No,Yes,Month-to-month,Yes,Bank transfer (automatic),104.95,1238.69,Yes
TC-03605,Female,0,Yes,Yes,69,Yes,Yes,Fiber optic,Yes,No,No,Yes,No,No,Two year,No,Credit card (automatic),79.98,5465.98,No
TC-03606,Male,0,Yes,Yes,58,No,No phone service,DSL,Yes,Yes,No,Yes,Yes,Yes,Month-to-month,No,Credit card (automatic),60.07,3509.35,No
TC-03607,Female,0,Yes,No,37,Yes,No,DSL,Yes,Yes,Yes,Yes,Yes,Yes,Month-to-month,No,Mailed check,104.67,3870.68,No
TC-03608,Female,0,Yes,No,67,Yes,No,No,No internet service,No internet service,No internet service,No internet service,No internet service,No internet service,Two year,No,Credit card (automatic),47.8,3178.62,No
TC-03609,Male,0,Yes,Yes,68,Yes,Yes,DSL,No,Yes,No,No,No,No,Month-to-month,No,Credit card (automatic),110.79,7481.79,No
TC-03610,Female,1,No,No,0,Yes,No,Fiber optic,Yes,Yes,Yes,Yes,Yes,No,Month-to-month,Yes,Credit card (automatic),93.89,93.89,No
TC-03611,Male,0,Yes,Yes,49,Yes,Yes,Fiber optic,Yes,No,Yes,No,Yes,Yes,One year,No,Credit card (automatic),20.06,832.11,No
TC-03612,Male,0,Yes,No,8,Yes,No,Fiber optic,No,No,No,No,No,No,Two year,Yes,Electronic check,64.26,476.16,Yes
TC-03613,Male,0,Yes,No,52,No,No phone service,DSL,Yes,No,Yes,Yes,Yes,Yes,Two year,No,Electronic check,102.25,5292.88,No
TC-03614,Male,0,Yes,No,9,Yes,Yes,No,No internet service,No internet service,No internet service,No internet service,No internet service,No internet service,One year,No,Bank transfer (automatic),57.61,564.52,No
TC-03615,Female,1,Yes,No,28,No,No phone service,DSL,No,Yes,Yes,Yes,No,Yes,Two year,Yes,Electronic check,116.71,3252.15,No
TC-03616,Male,0,Yes,Yes,35,No,No phone service,No,No internet service,No internet service,No internet service,No internet service,No internet service,No internet service,Month-to-month,No,Credit card (automatic),102.66,3602.2,Yes
TC-03617,Male,1,No,No,26,Yes,Yes,No,No internet service,No internet service,No internet service,No internet service,No internet service,No internet service,Two year,No,Credit card (automatic),93.31,2404.0,No
TC-03618,Female,0,Yes,No,17,Yes,Yes,DSL,No,No,Yes,Yes,Yes,No,Month-to-month,Yes,Mailed check,31.55,628.53,No
TC-03619,Male,0,No,No,17,Yes,No,No,No internet service,No internet service,No internet service,No internet service,No internet service,No internet service,Two year,Yes,Credit card (automatic),28.79,509.2,No
TC-03620,Male,0,No,No,8,Yes,No,Fiber optic,Yes,Yes,No,No,No,Yes,Month-to-month,Yes,Credit card (automatic),82.12,624.44,Yes
TC-03621,Female,0,Yes,No,66,Yes,No,No,No internet service,No internet service,No internet service,No internet service,No internet service,No internet service,One year,No,Bank transfer (automatic),84.14,5588.43,No
TC-03622,Female,0,Yes,Yes,6,Yes,Yes,Fiber optic,Yes,Yes,No,No,No,No,Two year,No,Credit card (automatic),32.75,184.13,No
TC-03623,Female,0,No,No,57,Yes,Yes,DSL,No,No,Yes,Yes,Yes,Yes,Month-to-month,Yes,Bank transfer (automatic),103.4,5985.13,No
TC-03624,Female,0,No,Yes,29,Yes,No,No,No internet service,No internet service,No internet service,No internet service,No internet service,No internet service,Month-to-month,No,Credit card (automatic),105.37,3123.3,No
TC-03625,Female,0,No,Yes,60,Yes,Yes,No,No internet service,No internet service,No internet service,No internet service,No internet service,No internet service,Month-to-month,Yes,Bank transfer (automatic),59.66,3594.32,No
TC-03626,Female,1,Yes,No,16,Yes,Yes,DSL,No,No,Yes,Yes,Yes,No,Month-to-month,Yes,Bank transfer (automatic),78.77,1248.48,Yes
TC-03627,Female,0,No,No,52,Yes,No,No,No internet service,No internet service,No internet service,No internet service,No internet service,No internet service,One year,No,Bank transfer (automatic),69.07,3559.89,No
TC-03628,Male,0,Yes,No,5,Yes,Yes,No,No internet service,No internet service,No internet service,No internet service,No internet service,No internet service,One year,No,Electronic check,21.57,151.95,No
TC-03629,Female,0,Yes,Yes,38,Yes,Yes,Fiber optic,Yes,Yes,Yes,Yes,No,Yes,Month-to-month,Yes,Credit card (automatic),27.04,1100.11,No
TC-03630,Female,0,No,No,24,No,No phone service,DSL,No,No,No,Yes,No,Yes,One year,No,Credit card (automatic),95.98,2288.93,No
TC-03631,Female,0,Yes,No,41,Yes,Yes,Fiber optic,No,Yes,No,Yes,Yes,Yes,Month-to-month,Yes,Mailed check,66.83,2762.49,No
TC-03632,Male,0,Yes,No,41,No,No phone service,No,No internet service,No internet service,No internet service,No internet service,No internet service,No internet service,Month-to-month,Yes,Bank transfer (automatic),79.09,3267.96,No
TC-03633,Male,0,No,Yes,58,Yes,No,DSL,Yes,No,No,No,No,No,Month-to-month,No,Credit card (automatic),79.29,4643.32,No
TC-03634,Female,0,No,No,37,Yes,Yes,Fiber optic,Yes,Yes,No,No,No,No,Month-to-month,Yes,Mailed check,55.96,2031.59,No
TC-03635,Female,0,Yes,No,30,Yes,Yes,Fiber optic,No,Yes,No,Yes,No,No,Month-to-month,Yes,Credit card (automatic),20.94,650.4,No
TC-03636,Female,0,No,No,28,Yes,Yes,DSL,No,Yes,Yes,No,No,Yes,One year,No,Bank transfer (automatic),96.69,2819.51,No
TC-03637,Male,0,Yes,Yes,8,Yes,Yes,Fiber optic,Yes,No,Yes,Yes,No,No,Two year,Yes,Electronic check,64.84,523.52,No
TC-03638,Male,0,No,No,0,Yes,No,DSL,No,Yes,Yes,No,No,No,Month-to-month,Yes,Mailed check,31.89,31.89,No
TC-03639,Female,0,No,No,71,No,No phone service,Fiber optic,No,No,Yes,No,Yes,No,One year,No,Mailed check,20.11,1446.75,No
TC-03640,Male,0,No,No,46,Yes,Yes,Fiber optic,No,Yes,Yes,No,No,No,Month-to-month,Yes,Bank transfer (automatic),19.75,936.18,Yes
TC-03641,Female,1,No,Yes,9,No,No phone service,DSL,No,No,Yes,No,No,Yes,Month-to-month,No,Bank transfer (automatic),21.33,134.1,Yes
TC-03642,Male,0,Yes,Yes,15,Yes,Yes,No,No internet service,No internet service,No internet service,No internet service,No internet service,No internet service,Two year,No,Mailed check,33.5,604.88,No
TC-03643,Male,0,No,No,46,No,No phone service,Fiber optic,Yes,Yes,Yes,No,No,Yes,One year,No,Credit card (automatic),41.15,1897.9,No
TC-03644,Female,0,Yes,No,42,Yes,Yes,Fiber optic,No,No,No,No,No,Yes,Two year,Yes,Electronic check,42.71,1821.05,No
TC-03645,Female,0,Yes,No,23,Yes,Yes,No,No internet service,No internet service,No internet service,No internet service,No internet service,No internet service,One year,No,Credit card (automatic),81.21,1872.23,No
TC-03646,Female,0,No,No,7,Yes,No,DSL,Yes,No,Yes,Yes,No,Yes,Month-to-month,Yes,Bank transfer (automatic),42.16,342.29,No
TC-03647,Female,0,No,Yes,25,No,No phone service,DSL,No,Yes,Yes,Yes,Yes,Yes,Month-to-month,Yes,Bank transfer (automatic),85.4,2109.91,No
TC-03648,Male,0,No,No,6,Yes,No,DSL,Yes,No,Yes,Yes,No,Yes,Two year,No,Credit card (automatic),100.33,536.62,No
TC-03649,Male,1,No,No,14,Yes,Yes,DSL,No,No,No,Yes,Yes,No,Month-to-month,Yes,Bank transfer (automatic),56.48,784.84,Yes
TC-03650,Male,0,No,No,47,Yes,No,No,No internet service,No internet service,No internet service,No internet service,No internet service,No internet service,One year,Yes,Bank transfer (automatic),89.84,4246.45,No
TC-03651,Female,0,Yes,No,2,Yes,No,Fiber optic,Yes,No,No,No,Yes,No,One year,Yes,Mailed check,28.41,39.49,No
TC-03652,Male,0,No,No,15,Yes,No,No,No internet service,No internet service,No internet service,No internet service,No internet service,No internet service,Month-to-month,No,Mailed check,50.79,728.28,Yes
TC-03653,Female,0,Yes,No,13,Yes,No,Fiber optic,Yes,No,Yes,No,Yes,No,Month-to-month,Yes,Credit card (automatic),86.26,1138.8,No
TC-03654,Male,0,Yes,No,2,Yes,Yes,DSL,No,Yes,No,Yes,No,Yes,Month-to-month,Yes,Bank transfer (automatic),111.18,175.98,Yes
TC-03655,Female,1,Yes,No,69,Yes,Yes,Fiber optic,No,Yes,No,Yes,Yes,Yes,Two year,Yes,Bank transfer (automatic),79.56,5538.61,No
TC-03656,Female,0,Yes,Yes,30,No,No phone service,DSL,No,No,No,Yes,No,Yes,Two year,No,Electronic check,54.38,1615.78,No
TC-03657,Male,0,No,No,16,No,No phone service,DSL,Yes,No,No,No,Yes,Yes,Month-to-month,No,Bank transfer (automatic),49.37,814.79,Yes
TC-03658,Female,0,No,No,48,Yes,Yes,Fiber optic,No,No,Yes,Yes,No,No,Month-to-month,Yes,Credit card (automatic),57.15,2685.14,Yes
TC-03659,Female,0,Yes,No,2,Yes,Yes,Fiber optic,Yes,Yes,No,No,Yes,No,Month-to-month,Yes,Electronic check,83.29,234.25,Yes
TC-03660,Male,1,Yes,Yes,54,Yes,No,Fiber optic,No,Yes,Yes,Yes,Yes,No,Month-to-month,Yes,Electronic check,50.7,2761.24,No
TC-03661,Female,0,No,No,71,Yes,No,DSL,No,Yes,Yes,Yes,Yes,No,Month-to-month,Yes,Bank transfer (automatic),65.0,4645.68,Yes
TC-03662,Female,0,Yes,Yes,39,Yes,Yes,Fiber optic,No,Yes,No,No,Yes,No,Month-to-month,Yes,Credit card (automatic),93.9,3597.57,Yes
TC-03663,Female,0,No,Yes,65,Yes,Yes,DSL,No,No,Yes,No,No,No,Month-to-month,Yes,Bank transfer (automatic),41.78,2678.22,No
TC-03664,Male,0,Yes,No,39,Yes,No,Fiber optic,No,Yes,Yes,No,No,No,Month-to-month,Yes,Bank transfer (automatic),89.65,3506.3,No
TC-03665,Male,0,No,No,29,Yes,Yes,Fiber optic,Yes,Yes,Yes,Yes,Yes,No,Month-to-month,Yes,Electronic check,94.15,2676.21,No
TC-03666,Female,0,Yes,Yes,24,Yes,Yes,DSL,No,No,No,Yes,Yes,Yes,Month-to-month,No,Mailed check,104.37,2473.53,No
TC-03667,Male,0,Yes,No,6,Yes,Yes,DSL,No,Yes,No,No,No,Yes,Two year,Yes,Electronic check,20.39,160.09,No
TC-03668,Female,0,Yes,No,49,Yes,No,DSL,Yes,No,No,No,No,Yes,Month-to-month,Yes,Bank transfer (automatic),29.38,1409.33,No
TC-03669,Female,1,No,Yes,0,Yes,No,DSL,No,No,Yes,No,No,Yes,Two year,No,Credit card (automatic),113.48,113.48,No
TC-03670,Female,0,No,No,43,Yes,No,DSL,Yes,No,Yes,Yes,Yes,No,One year,Yes,Electronic check,30.58,1273.59,No
TC-03671,Female,0,No,No,48,Yes,Yes,No,No internet service,No internet service,No internet service,No internet service,No internet service,No internet service,Month-to-month,Yes,Mailed check,66.79,3235.96,No
TC-03672,Female,0,Yes,No,6,Yes,Yes,DSL,Yes,Yes,No,No,Yes,Yes,Two year,No,Credit card (automatic),34.69,152.1,No
TC-03673,Male,0,Yes,Yes,2,Yes,Yes,No,No internet service,No internet service,No internet service,No internet service,No internet service,No internet service,One year,Yes,Mailed check,99.19,228.07,Yes
TC-03674,Female,1,Yes,Yes,0,Yes,No,Fiber optic,Yes,No,No,No,Yes,No,Month-to-month,No,Electronic check,27.65,27.65,Yes
TC-03675,Male,0,Yes,No,50,Yes,No,Fiber optic,Yes,Yes,Yes,Yes,No,Yes,Month-to-month,Yes,Credit card (automatic),26.56,1301.25,Yes
TC-03676,Male,0,Yes,No,37,Yes,No,No,No internet service,No internet service,No internet service,No internet service,No internet service,No internet service,Month-to-month,No,Electronic check,68.47,2500.33,No
TC-03677,Female,0,Yes,No,42,Yes,Yes,Fiber optic,Yes,Yes,Yes,Yes,Yes,Yes,Two year,Yes,Bank transfer (automatic),41.82,1813.4,No
TC-03678,Female,0,No,No,54,Yes,No,DSL,Yes,Yes,Yes,Yes,No,Yes,Month-to-month,Yes,Mailed check,84.16,4547.88,No
TC-03679,Male,0,No,Yes,56,Yes,Yes,DSL,Yes,No,No,Yes,No,No,Month-to-month,No,Electronic check,86.48,4784.4,No
TC-03680,Male,0,No,No,52,Yes,Yes,Fiber optic,Yes,Yes,No,Yes,Yes,No,One year,No,Credit card (automatic),76.6,4000.17,No
TC-03681,Male,1,Yes,Yes,32,No,No phone service,DSL,Yes,Yes,Yes,Yes,No,Yes,Month-to-month,No,Electronic check,101.46,3257.55,No
TC-03682,Female,0,No,No,61,Yes,Yes,Fiber optic,No,No,No,No,Yes,No,One year,Yes,Electronic check,87.74,5320.51,No
TC-03683,Male,1,Yes,No,10,Yes,Yes,No,No internet service,No internet service,No internet service,No internet service,No internet service,No internet service,One year,Yes,Electronic check,36.75,333.94,No
TC-03684,Female,0,Yes,No,71,Yes,No,Fiber optic,No,No,No,No,Yes,Yes,Month-to-month,No,Bank transfer (automatic),25.84,1878.07,No
TC-03685,Female,0,No,No,51,Yes,Yes,DSL,Yes,Yes,No,Yes,No,No,Month-to-month,No,Bank transfer (automatic),92.78,4682.38,Yes
TC-03686,Female,0,Yes,No,0,Yes,No,DSL,Yes,Yes,Yes,No,No,No,Two year,Yes,Electronic check,92.0,92.0,No
TC-03687,Male,0,Yes,Yes,13,Yes,No,DSL,No,No,Yes,No,Yes,Yes,One year,Yes,Credit card (automatic),103.03,1300.64,No
TC-03688,Female,0,Yes,Yes,20,Yes,No,Fiber optic,Yes,Yes,Yes,Yes,Yes,Yes,Month-to-month,No,Credit card (automatic),38.23,807.88,Yes
TC-03689,Female,1,Yes,No,33,Yes,Yes,Fiber optic,Yes,Yes,Yes,No,Yes,Yes,One year,No,Credit card (automatic),40.31,1317.16,No
TC-03690,Female,1,Yes,No,13,Yes,No,Fiber optic,No,Yes,Yes,No,No,Yes,One year,No,Bank transfer (automatic),75.67,955.49,No
TC-03691,Female,1,No,No,39,Yes,No,DSL,Yes,No,No,Yes,Yes,No,Two year,Yes,Electronic check,33.56,1305.42,No
TC-03692,Female,0,No,Yes,34,Yes,No,DSL,No,Yes,No,No,Yes,Yes,Month-to-month,Yes,Credit card (automatic),47.63,1643.79,Yes
TC-03693,Male,1,Yes,No,41,Yes,Yes,No,No internet service,No internet service,No internet service,No internet service,No internet service,No internet service,Month-to-month,Yes,Electronic check,99.24,4145.58,Yes
TC-03694,Female,0,Yes,No,19,Yes,Yes,DSL,Yes,No,Yes,Yes,Yes,Yes,One year,Yes,Mailed check,51.42,994.53,No
TC-03695,Female,0,No,Yes,59,Yes,Yes,Fiber optic,Yes,Yes,Yes,Yes,No,No,One year,Yes,Mailed check,19.13,1226.67,No
TC-03696,Male,0,No,No,8,Yes,No,DSL,Yes,No,Yes,Yes,Yes,No,Two year,Yes,Credit card (automatic),83.08,701.21,No
TC-03697,Female,0,No,No,32,No,No phone service,DSL,No,No,No,Yes,Yes,Yes,Month-to-month,Yes,Credit card (automatic),36.06,1139.04,No
TC-03698,Male,0,Yes,Yes,48,Yes,No,No,No internet service,No internet service,No internet service,No internet service,No internet service,No internet service,Two year,No,Credit card (automatic),37.58,1848.39,No
TC-03699,Female,0,No,Yes,67,Yes,Yes,DSL,Yes,Yes,No,Yes,Yes,No,Two year,Yes,Bank transfer (automatic),19.65,1348.4,Yes
TC-03700,Male,1,No,Yes,3,Yes,No,Fiber optic,Yes,Yes,No,No,No,No,Month-to-month,Yes,Credit card (automatic),75.8,285.51,Yes
TC-03701,Male,0,Yes,Yes,47,Yes,No,Fiber optic,No,Yes,No,Yes,Yes,No,Month-to-month,Yes,Electronic check,74.19,3523.78,No
TC-03702,Female,0,Yes,No,15,Yes,Yes,Fiber optic,Yes,Yes,Yes,No,No,Yes,Two year,Yes,Credit card (automatic),27.64,420.3,Yes
TC-03703,Female,1,No,Yes,46,Yes,Yes,No,No internet service,No internet service,No internet service,No internet service,No internet service,No internet service,Month-to-month,No,Credit card (automatic),23.04,1035.79,No
TC-03704,Female,0,Yes,Yes,25,Yes,No,DSL,No,No,Yes,Yes,No,No,Month-to-month,Yes,Credit card (automatic),67.08,1683.74,No
TC-03705,Male,1,No,No,69,Yes,No,DSL,Yes,Yes,Yes,Yes,Yes,Yes,One year,Yes,Bank transfer (automatic),96.13,6558.87,No
TC-03706,Male,0,No,No,36,Yes,No,DSL,Yes,Yes,No,Yes,No,No,Month-to-month,No,Credit card (automatic),113.37,4073.17,No
TC-03707,Male,0,Yes,No,21,Yes,Yes,Fiber optic,No,No,No,Yes,No,Yes,One year,No,Mailed check,25.52,476.94,No
TC-03708,Female,0,Yes,No,6,Yes,Yes,Fiber optic,Yes,Yes,No,Yes,No,Yes,Month-to-month,No,Bank transfer (automatic),88.82,555.83,No
TC-03709,Male,0,No,No,41,Yes,No,No,No internet service,No internet service,No internet service,No internet service,No internet service,No internet service,Month-to-month,Yes,Electronic check,37.14,1564.45,No
TC-03710,Male,0,Yes,Yes,29,Yes,Yes,DSL,Yes,Yes,Yes,Yes,Yes,No,One year,No,Bank transfer (automatic),21.4,636.38,No
TC-03711,Female,0,Yes,No,5,Yes,Yes,Fiber optic,No,No,Yes,Yes,No,Yes,Two year,Yes,Electronic check,51.48,249.27,Yes
TC-03712,Male,0,Yes,No,23,No,No phone service,DSL,No,Yes,Yes,No,Yes,Yes,Two year,No,Mailed check,75.39,1719.71,No
TC-03713,Male,1,Yes,No,65,No,No phone service,DSL,No,Yes,No,Yes,Yes,No,One year,Yes,Credit card (automatic),78.14,5139.15,No
TC-03714,Female,0,Yes,No,39,Yes,Yes,Fiber optic,No,Yes,Yes,No,Yes,No,Month-to-month,Yes,Mailed check,22.92,943.21,Yes
TC-03715,Male,0,Yes,No,14,Yes,Yes,No,No internet service,No internet service,No internet service,No internet service,No internet service,No internet service,Month-to-month,No,Bank transfer (automatic),110.78,1497.85,Yes
TC-03716,Female,0,Yes,No,52,Yes,Yes,DSL,No,No,Yes,Yes,Yes,No,One year,Yes,Bank transfer (automatic),23.46,1232.68,No
TC-03717,Female,0,No,Yes,4,Yes,Yes,DSL,Yes,No,Yes,Yes,No,Yes,Month-to-month,Yes,Electronic check,39.72,175.14,No
TC-03718,Female,0,Yes,Yes,35,Yes,No,Fiber optic,Yes,No,Yes,No,Yes,No,Two year,No,Bank transfer (automatic),61.25,2133.48,No
TC-03719,Female,1,No,No,45,Yes,Yes,Fiber optic,Yes,No,Yes,No,No,Yes,Month-to-month,No,Bank transfer (automatic),112.57,4997.36,No
TC-03720,Female,0,Yes,No,22,Yes,No,No,No internet service,No internet service,No internet service,No internet service,No internet service,No internet service,Two year,Yes,Electronic check,117.12,2473.91,No
TC-03721,Male,0,No,Yes,44,Yes,Yes,DSL,No,No,Yes,Yes,Yes,Yes,Month-to-month,Yes,Mailed check,18.04,802.37,No
TC-03722,Male,0,Yes,No,9,Yes,No,Fiber optic,Yes,Yes,No,Yes,No,No,Two year,Yes,Bank transfer (automatic),40.45,279.39,Yes
TC-03723,Female,0,No,Yes,53,Yes,Yes,DSL,No,No,Yes,Yes,Yes,Yes,Month-to-month,No,Credit card (automatic),68.14,3585.24,No
TC-03724,Female,0,Yes,Yes,69,Yes,No,Fiber optic,No,Yes,No,No,No,No,One year,No,Bank transfer (automatic),87.44,6067.58,No
TC-03725,Male,0,No,No,31,Yes,No,DSL,No,No,No,Yes,Yes,No,One year,Yes,Mailed check,83.67,2614.57,No
TC-03726,Female,0,Yes,Yes,42,Yes,No,DSL,Yes,Yes,Yes,Yes,No,Yes,One year,Yes,Electronic check,43.15,1782.47,No
TC-03727,Female,0,Yes,Yes,14,Yes,Yes,No,No internet service,No internet service,No internet service,No internet service,No internet service,No internet service,Month-to-month,Yes,Bank transfer (automatic),37.75,573.27,No
TC-03728,Female,0,No,Yes,65,Yes,Yes,Fiber optic,Yes,No,Yes,No,No,No,One year,No,Electronic check,19.43,1289.25,No
TC-03729,Male,0,No,No,14,Yes,Yes,DSL,Yes,Yes,No,No,No,No,Two year,Yes,Bank transfer (automatic),102.29,1407.66,No
TC-03730,Male,0,Yes,Yes,19,Yes,Yes,No,No internet service,No internet service,No internet service,No internet service,No internet service,No internet service,Two year,No,Credit card (automatic),55.88,1137.78,No
TC-03731,Female,0,No,No,49,Yes,No,Fiber optic,Yes,Yes,Yes,Yes,Yes,Yes,Two year,No,Electronic check,104.43,5141.44,No
TC-03732,Female,1,No,No,5,No,No phone service,DSL,No,Yes,No,Yes,No,No,Month-to-month,No,Credit card (automatic),50.37,212.86,No
TC-03733,Male,0,Yes,No,16,Yes,No,Fiber optic,Yes,No,Yes,No,Yes,No,Month-to-month,No,Bank transfer (automatic),93.6,1394.95,No
TC-03734,Male,0,No,Yes,25,Yes,No,Fiber optic,Yes,Yes,Yes,Yes,No,Yes,Two year,Yes,Electronic check,24.97,635.44,No
TC-03735,Female,0,Yes,No,21,Yes,Yes,DSL,Yes,Yes,No,No,Yes,No,Month-to-month,No,Electronic check,99.14,2056.69,No
TC-03736,Female,1,No,Yes,63,Yes,No,No,No internet service,No internet service,No internet service,No internet service,No internet service,No internet service,Two year,Yes,Bank transfer (automatic),107.1,6748.35,No
TC-03737,Male,1,Yes,No,57,Yes,No,Fiber optic,No,No,Yes,No,Yes,No,Month-to-month,Yes,Bank transfer (automatic),44.49,2524.09,No
TC-03738,Male,1,No,No,36,No,No phone service,No,No internet service,No internet service,No internet service,No internet service,No internet service,No internet service,Month-to-month,No,Credit card (automatic),32.19,1048.93,Yes
TC-03739,Male,0,Yes,Yes,71,Yes,Yes,Fiber optic,No,No,Yes,No,No,No,One year,Yes,Bank transfer (automatic),37.61,2655.7,No
TC-03740,Female,0,Yes,No,27,Yes,No,Fiber optic,Yes,Yes,No,Yes,No,Yes,Month-to-month,No,Bank transfer (automatic),104.78,2773.93,Yes
TC-03741,Male,0,No,Yes,48,Yes,Yes,DSL,Yes,No,No,Yes,No,Yes,One year,Yes,Mailed check,46.62,2212.35,No
TC-03742,Female,0,No,Yes,66,Yes,No,Fiber optic,Yes,No,No,Yes,No,No,One year,Yes,Bank transfer (automatic),41.14,2686.29,No
TC-03743,Male,0,Yes,No,66,No,No phone service,Fiber optic,No,No,Yes,No,Yes,Yes,One year,Yes,Electronic check,115.89,7651.93,No
TC-03744,Male,0,Yes,No,40,Yes,Yes,DSL,No,Yes,No,Yes,No,No,One year,Yes,Bank transfer (automatic),85.0,3414.99,No
TC-03745,Male,0,No,Yes,45,Yes,No,Fiber optic,No,No,Yes,Yes,Yes,No,One year,No,Credit card (automatic),101.22,4577.97,No
TC-03746,Male,0,No,Yes,54,Yes,Yes,DSL,No,Yes,No,No,No,Yes,Two year,Yes,Bank transfer (automatic),92.71,4886.45,No
TC-03747,Female,0,No,Yes,10,Yes,Yes,No,No internet service,No internet service,No internet service,No internet service,No internet service,No internet service,Month-to-month,Yes,Mailed check,55.4,625.06,No
TC-03748,Female,0,No,No,25,Yes,Yes,No,No internet service,No internet service,No internet service,No internet service,No internet service,No internet service,One year,Yes,Mailed check,104.27,2525.15,No
TC-03749,Male,1,No,No,71,Yes,No,Fiber optic,No,Yes,Yes,No,Yes,No,Month-to-month,No,Mailed check,76.82,5453.55,No
TC-03750,Female,0,No,Yes,12,Yes,No,DSL,Yes,Yes,No,Yes,Yes,No,Two year,Yes,Electronic check,83.74,963.45,No
TC-03751,Male,0,Yes,Yes,35,Yes,Yes,Fiber optic,No,No,Yes,Yes,Yes,No,One year,No,Mailed check,50.61,1786.13,No
TC-03752,Male,0,No,No,63,Yes,No,Fiber optic,Yes,No,No,Yes,Yes,No,Month-to-month,Yes,Credit card (automatic),116.12,7224.09,No
TC-03753,Male,0,No,No,50,No,No phone service,No,No internet service,No internet service,No internet service,No internet service,No internet service,No internet service,Month-to-month,Yes,Mailed check,103.46,5250.46,No
TC-03754,Male,0,No,No,21,Yes,No,DSL,No,Yes,No,No,Yes,Yes,Month-to-month,No,Credit card (automatic),32.81,671.04,Yes
TC-03755,Female,0,No,No,59,Yes,Yes,Fiber optic,Yes,No,No,No,No,Yes,Month-to-month,No,Bank transfer (automatic),38.39,2290.04,No
TC-03756,Male,0,Yes,Yes,1,Yes,Yes,DSL,Yes,Yes,Yes,No,Yes,Yes,Month-to-month,Yes,Electronic check,92.86,52.83,Yes
TC-03757,Male,0,Yes,No,55,Yes,Yes,No,No internet service,No internet service,No internet service,No internet service,No internet service,No internet service,Month-to-month,No,Bank transfer (automatic),20.58,1214.94,Yes
TC-03758,Female,1,Yes,No,39,Yes,No,No,No internet service,No internet service,No internet service,No internet service,No internet service,No internet service,Month-to-month,Yes,Credit card (automatic),51.55,1941.85,No
TC-03759,Male,0,Yes,No,27,Yes,No,No,No internet service,No internet service,No internet service,No internet service,No internet service,No internet service,Two year,Yes,Electronic check,71.25,1792.2,No
TC-03760,Male,0,No,Yes,2,Yes,Yes,Fiber optic,Yes,No,Yes,No,No,Yes,Two year,No,Credit card (automatic),38.49,145.13,No
TC-03761,Male,0,Yes,No,62,Yes,Yes,Fiber optic,Yes,No,No,Yes,No,Yes,Month-to-month,No,Electronic check,105.32,6471.03,Yes
TC-03762,Female,1,No,No,22,Yes,Yes,No,No internet service,No internet service,No internet service,No internet service,No internet service,No internet service,One year,Yes,Mailed check,106.93,2348.96,No
TC-03763,Male,0,No,No,54,Yes,Yes,Fiber optic,Yes,Yes,Yes,No,Yes,No,Month-to-month,Yes,Bank transfer (automatic),113.68,6216.64,Yes
TC-03764,Female,0,Yes,No,31,Yes,No,DSL,No,No,No,No,No,Yes,Month-to-month,Yes,Mailed check,32.63,991.27,No
TC-03765,Male,1,Yes,No,27,Yes,Yes,No,No internet service,No internet service,No internet service,No internet service,No internet service,No internet service,Month-to-month,Yes,Electronic check,25.93,713.12,No
TC-03766,Male,1,No,No,7,Yes,No,Fiber optic,Yes,No,Yes,No,Yes,No,Month-to-month,Yes,Credit card (automatic),73.61,556.02,No
TC-03767,Female,1,Yes,No,2,Yes,Yes,Fiber optic,No,No,Yes,Yes,No,No,Month-to-month,No,Electronic check,97.24,195.98,Yes
TC-03768,Male,0,Yes,No,52,Yes,Yes,DSL,Yes,No,No,Yes,Yes,Yes,Two year,No,Electronic check,47.11,2514.78,No
TC-03769,Male,0,No,Yes,28,Yes,No,DSL,No,No,No,No,No,No,Two year,Yes,Mailed check,42.1,1214.07,No
TC-03770,Female,1,No,No,58,Yes,Yes,Fiber optic,No,Yes,No,No,Yes,No,Month-to-month,Yes,Electronic check,69.77,4001.96,No
TC-03771,Female,0,No,No,23,Yes,Yes,Fiber optic,No,Yes,No,Yes,No,No,Two year,No,Bank transfer (automatic),66.21,1559.42,No
TC-03772,Female,0,No,No,37,Yes,No,Fiber optic,No,Yes,Yes,Yes,Yes,No,Two year,No,Bank transfer (automatic),65.96,2438.8,No
TC-03773,Female,0,No,No,27,Yes,No,DSL,No,Yes,Yes,Yes,No,Yes,Month-to-month,Yes,Mailed check,58.53,1578.83,No
TC-03774,Female,0,Yes,No,61,Yes,Yes,Fiber optic,Yes,Yes,No,Yes,No,Yes,Month-to-month,No,Mailed check,90.71,5549.93,No
TC-03775,Male,1,No,No,50,No,No phone service,No,No internet service,No internet service,No internet service,No internet service,No internet service,No internet service,One year,No,Bank transfer (automatic),79.47,4019.53,No
TC-03776,Female,0,No,Yes,6,Yes,No,Fiber optic,Yes,No,No,No,No,Yes,Month-to-month,No,Mailed check,66.78,352.55,Yes
TC-03777,Male,0,No,Yes,22,Yes,Yes,No,No internet service,No internet service,No internet service,No internet service,No internet service,No internet service,Two year,No,Bank transfer (automatic),90.07,2046.81,No
TC-03778,Male,1,Yes,Yes,45,Yes,Yes,DSL,Yes,Yes,Yes,No,Yes,No,Month-to-month,No,Bank transfer (automatic),44.17,2049.85,No
TC-03779,Male,0,No,No,27,Yes,Yes,No,No internet service,No internet service,No internet service,No internet service,No internet service,No internet service,Two year,No,Mailed check,107.18,2862.24,No
TC-03780,Female,0,No,Yes,23,Yes,No,Fiber optic,No,No,Yes,No,Yes,Yes,One year,No,Credit card (automatic),56.42,1385.59,No
TC-03781,Female,0,Yes,Yes,6,Yes,No,Fiber optic,Yes,No,Yes,Yes,No,No,Month-to-month,Yes,Mailed check,50.76,295.89,No
TC-03782,Male,0,No,Yes,48,Yes,Yes,DSL,Yes,Yes,No,No,No,No,Month-to-month,Yes,Credit card (automatic),72.23,3495.4,No
TC-03783,Female,0,No,No,2,Yes,Yes,No,No internet service,No internet service,No internet service,No internet service,No internet service,No internet service,Month-to-month,No,Mailed check,45.04,67.0,No
TC-03784,Female,0,No,No,1,Yes,Yes,No,No internet service,No internet service,No internet service,No internet service,No internet service,No internet service,Two year,Yes,Bank transfer (automatic),44.87,85.84,No
TC-03785,Female,0,Yes,Yes,6,No,No phone service,No,No internet service,No internet service,No internet service,No internet service,No internet service,No internet service,Month-to-month,Yes,Credit card (automatic),25.79,132.49,No
TC-03786,Female,0,Yes,No,20,Yes,No,Fiber optic,No,No,Yes,No,Yes,Yes,Month-to-month,Yes,Mailed check,83.19,1671.79,Yes
TC-03787,Male,0,No,No,8,Yes,Yes,DSL,Yes,Yes,No,Yes,Yes,Yes,Month-to-month,Yes,Mailed check,109.27,743.22,No
TC-03788,Male,0,No,Yes,11,Yes,No,DSL,Yes,No,Yes,No,No,No,Month-to-month,Yes,Bank transfer (automatic),86.53,928.24,No
TC-03789,Female,0,No,No,23,No,No phone service,DSL,No,No,Yes,No,No,No,Month-to-month,Yes,Credit card (automatic),74.77,1691.45,Yes
TC-03790,Male,0,Yes,No,32,Yes,Yes,DSL,Yes,No,No,No,Yes,Yes,One year,No,Mailed check,89.18,2759.19,No
TC-03791,Female,0,Yes,Yes,42,Yes,No,Fiber optic,Yes,Yes,No,Yes,Yes,No,Month-to-month,Yes,Electronic check,114.65,4853.72,No
TC-03792,Female,0,Yes,Yes,4,Yes,No,Fiber optic,Yes,Yes,Yes,Yes,Yes,Yes,Month-to-month,No,Electronic check,51.65,187.32,Yes
TC-03793,Male,0,Yes,No,70,Yes,No,Fiber optic,No,No,No,No,Yes,Yes,Month-to-month,Yes,Mailed check,61.07,4184.0,No
TC-03794,Male,0,Yes,No,13,Yes,Yes,DSL,No,Yes,Yes,Yes,Yes,No,Month-to-month,Yes,Bank transfer (automatic),46.62,636.14,Yes
TC-03795,Male,1,Yes,Yes,35,Yes,Yes,DSL,No,No,Yes,No,Yes,No,Month-to-month,Yes,Bank transfer (automatic),19.67,742.92,Yes
TC-03796,Female,0,No,No,34,Yes,Yes,Fiber optic,Yes,Yes,No,Yes,No,No,Month-to-month,No,Mailed check,52.74,1786.44,No
TC-03797,Male,0,Yes,No,49,Yes,Yes,No,No internet service,No internet service,No internet service,No internet service,No internet service,No internet service,Month-to-month,No,Mailed check,25.16,1157.36,Yes
TC-03798,Female,0,No,No,10,Yes,Yes,No,No internet service,No internet service,No internet service,No internet service,No internet service,No internet service,One year,Yes,Bank transfer (automatic),103.84,944.2,No
TC-03799,Male,1,Yes,Yes,23,Yes,Yes,DSL,No,No,No,No,No,No,Month-to-month,Yes,Bank transfer (automatic),89.56,1998.65,No
TC-03800,Male,0,No,No,43,Yes,No,Fiber optic,Yes,Yes,No,No,No,No,Two year,Yes,Bank transfer (automatic),48.4,2039.71,No
TC-03801,Female,0,Yes,No,50,Yes,No,Fiber optic,No,Yes,No,No,No,No,Two year,Yes,Mailed check,50.79,2624.99,No
TC-03802,Female,0,No,No,16,No,No phone service,Fiber optic,No,Yes,No,No,No,No,Month-to-month,Yes,Bank transfer (automatic),74.96,1189.15,Yes
TC-03803,Female,0,No,No,69,Yes,No,DSL,Yes,No,Yes,No,Yes,Yes,Month-to-month,Yes,Mailed check,97.8,6684.57,No
TC-03804,Female,0,No,No,7,Yes,No,Fiber optic,Yes,No,Yes,Yes,Yes,Yes,Month-to-month,No,Credit card (automatic),89.87,598.34,No
TC-03805,Female,0,Yes,No,27,Yes,No,DSL,Yes,No,Yes,Yes,No,Yes,Two year,No,Electronic check,20.88,617.29,No
TC-03806,Female,0,Yes,No,11,Yes,No,Fiber optic,Yes,No,Yes,Yes,Yes,Yes,Month-to-month,Yes,Credit card (automatic),96.53,1089.59,Yes
TC-03807,Female,0,Yes,No,42,Yes,No,Fiber optic,Yes,Yes,Yes,No,No,No,One year,No,Electronic check,106.13,4459.79,No
TC-03808,Female,0,No,No,36,Yes,Yes,Fiber optic,No,No,Yes,No,Yes,Yes,Month-to-month,Yes,Mailed check,26.99,963.21,Yes
TC-03809,Male,0,No,Yes,62,Yes,Yes,Fiber optic,No,No,No,No,Yes,No,Two year,Yes,Mailed check,95.01,5890.8,No
TC-03810,Female,0,No,No,62,Yes,No,No,No internet service,No internet service,No internet service,No internet service,No internet service,No internet service,Month-to-month,Yes,Credit card (automatic),43.17,2684.33,No
TC-03811,Female,0,Yes,Yes,9,Yes,No,DSL,Yes,No,Yes,Yes,Yes,Yes,One year,Yes,Mailed check,35.37,308.62,No
TC-03812,Male,0,Yes,No,36,Yes,Yes,Fiber optic,Yes,No,Yes,No,Yes,Yes,Month-to-month,No,Mailed check,72.39,2611.15,No
TC-03813,Female,0,No,No,10,Yes,Yes,No,No internet service,No internet service,No internet service,No internet service,No internet service,No internet service,Month-to-month,No,Bank transfer (automatic),73.27,717.67,No
TC-03814,Male,1,Yes,No,18,Yes,Yes,DSL,Yes,Yes,No,No,No,Yes,Month-to-month,Yes,Credit card (automatic),65.09,1128.84,No
TC-03815,Male,0,Yes,Yes,51,Yes,No,Fiber optic,Yes,No,Yes,No,No,Yes,Month-to-month,Yes,Electronic check,108.18,5504.0,No
TC-03816,Female,1,Yes,No,17,Yes,No,DSL,No,Yes,No,Yes,No,No,Two year,Yes,Credit card (automatic),42.16,733.23,No
TC-03817,Male,0,Yes,No,31,Yes,Yes,Fiber optic,No,Yes,Yes,No,Yes,Yes,One year,Yes,Mailed check,78.25,2389.37,No
TC-03818,Female,1,No,Yes,22,Yes,No,DSL,No,No,No,Yes,Yes,Yes,Month-to-month,Yes,Mailed check,58.99,1318.83,No
TC-03819,Male,0,Yes,No,11,Yes,No,Fiber optic,Yes,Yes,Yes,Yes,No,No,One year,No,Credit card (automatic),105.38,1200.66,No
TC-03820,Male,0,Yes,No,57,Yes,Yes,Fiber optic,No,Yes,No,Yes,No,Yes,Month-to-month,No,Mailed check,31.28,1800.02,Yes
TC-03821,Male,0,No,No,20,No,No phone service,DSL,Yes,Yes,No,Yes,No,No,Two year,Yes,Mailed check,26.29,497.72,No
TC-03822,Female,0,No,No,20,Yes,Yes,Fiber optic,Yes,Yes,No,Yes,No,Yes,Month-to-month,No,Mailed check,117.28,2350.4,Yes
TC-03823,Female,0,Yes,No,28,Yes,No,Fiber optic,No,No,Yes,Yes,Yes,No,Month-to-month,Yes,Bank transfer (automatic),75.72,2127.83,Yes
TC-03824,Male,0,Yes,No,46,No,No phone service,Fiber optic,Yes,Yes,Yes,No,Yes,No,Month-to-month,Yes,Mailed check,109.19,5032.7,No
TC-03825,Male,0,Yes,Yes,11,Yes,Yes,DSL,No,No,No,No,Yes,No,Month-to-month,No,Mailed check,58.82,721.52,Yes
TC-03826,Female,0,Yes,Yes,57,Yes,Yes,Fiber optic,Yes,No,Yes,No,Yes,No,Two year,Yes,Mailed check,78.43,4412.61,No
TC-03827,Female,0,No,No,40,Yes,No,DSL,Yes,Yes,No,No,No,Yes,Month-to-month,Yes,Mailed check,87.41,3506.74,No
TC-03828,Male,0,No,No,18,Yes,No,DSL,No,Yes,No,No,No,No,One year,No,Mailed check,116.61,2078.97,Yes
TC-03829,Male,0,No,Yes,11,Yes,No,No,No internet service,No internet service,No internet service,No internet service,No internet service,No internet service,One year,No,Mailed check,29.27,259.69,No
TC-03830,Female,0,Yes,Yes,22,Yes,Yes,Fiber optic,No,Yes,No,No,Yes,No,Month-to-month,Yes,Mailed check,30.48,607.66,No
TC-03831,Female,0,Yes,No,4,Yes,No,DSL,No,No,Yes,No,No,No,One year,No,Electronic check,70.32,325.15,No
TC-03832,Female,0,No,No,25,Yes,No,DSL,No,Yes,Yes,No,No,No,One year,No,Credit card (automatic),23.58,519.29,No
TC-03833,Female,1,Yes,Yes,62,Yes,Yes,DSL,No,Yes,No,No,No,No,Month-to-month,No,Electronic check,90.75,5641.44,No
TC-03834,Female,0,No,No,51,Yes,No,No,No internet service,No internet service,No internet service,No internet service,No internet service,No internet service,Month-to-month,Yes,Mailed check,117.08,5977.65,No
TC-03835,Male,0,No,Yes,9,Yes,No,Fiber optic,No,No,No,Yes,No,Yes,One year,Yes,Credit card (automatic),99.14,849.36,Yes
TC-03836,Female,0,No,No,38,Yes,No,Fiber optic,No,No,Yes,No,No,Yes,Two year,No,Electronic check,44.58,1735.84,Yes
TC-03837,Male,0,No,No,22,Yes,No,No,No internet service,No internet service,No internet service,No internet service,No internet service,No internet service,Month-to-month,Yes,Credit card (automatic),97.96,2096.04,Yes
TC-03838,Female,0,No,No,10,Yes,No,No,No internet service,No internet service,No internet service,No internet service,No internet service,No internet service,Two year,No,Mailed check,80.79,780.45,No
TC-03839,Male,0,No,No,71,Yes,No,No,No internet service,No internet service,No internet service,No internet service,No internet service,No internet service,Two year,No,Credit card (automatic),29.94,2071.18,No
TC-03840,Female,0,No,No,47,Yes,No,No,No internet service,No internet service,No internet service,No internet service,No internet service,No internet service,Month-to-month,No,Credit card (automatic),74.59,3543.97,No
TC-03841,Female,0,Yes,Yes,15,Yes,No,No,No internet service,No internet service,No internet service,No internet service,No internet service,No internet service,Two year,No,Credit card (automatic),107.68,1674.38,No
TC-03842,Male,0,No,Yes,45,Yes,Yes,DSL,No,No,No,No,Yes,Yes,One year,No,Credit card (automatic),46.99,2126.98,No
TC-03843,Male,0,No,No,46,Yes,Yes,DSL,Yes,Yes,Yes,No,Yes,Yes,Month-to-month,No,Mailed check,83.91,3986.82,No
TC-03844,Female,0,Yes,No,47,Yes,Yes,No,No internet service,No internet service,No internet service,No internet service,No internet service,No internet service,Month-to-month,Yes,Bank transfer (automatic),22.16,1063.81,No
TC-03845,Female,0,No,No,68,Yes,Yes,DSL,Yes,No,No,Yes,Yes,Yes,Two year,Yes,Bank transfer (automatic),101.42,6928.17,No
TC-03846,Female,1,Yes,No,24,Yes,Yes,DSL,No,No,No,Yes,Yes,Yes,Two year,No,Credit card (automatic),38.59,976.49,No
TC-03847,Female,0,No,No,36,Yes,Yes,DSL,Yes,Yes,No,No,Yes,Yes,Two year,No,Mailed check,78.86,2805.34,No
TC-03848,Female,0,Yes,Yes,62,No,No phone service,Fiber optic,No,Yes,No,No,No,Yes,Month-to-month,No,Mailed check,70.42,4386.46,No
TC-03849,Male,0,Yes,No,28,Yes,No,Fiber optic,Yes,Yes,No,No,Yes,No,Two year,Yes,Bank transfer (automatic),72.81,1990.33,Yes
TC-03850,Male,0,Yes,No,57,No,No phone service,DSL,No,Yes,Yes,No,Yes,Yes,Two year,Yes,Mailed check,43.37,2406.18,No
TC-03851,Female,0,No,No,30,Yes,No,Fiber optic,No,Yes,No,No,No,No,Month-to-month,Yes,Credit card (automatic),73.91,2271.91,No
TC-03852,Male,0,Yes,No,67,Yes,No,No,No internet service,No internet service,No internet service,No internet service,No internet service,No internet service,Two year,Yes,Credit card (automatic),78.28,5202.26,No
TC-03853,Male,0,No,No,40,Yes,No,Fiber optic,No,No,Yes,No,No,Yes,Month-to-month,Yes,Bank transfer (automatic),60.55,2431.17,No
TC-03854,Male,0,No,No,49,Yes,Yes,Fiber optic,No,No,Yes,Yes,Yes,No,Month-to-month,Yes,Mailed check,81.33,4066.75,Yes
TC-03855,Female,0,No,No,43,Yes,Yes,DSL,Yes,No,Yes,Yes,No,Yes,Month-to-month,No,Credit card (automatic),37.16,1507.33,No
TC-03856,Male,0,No,No,8,Yes,No,DSL,Yes,No,No,No,Yes,No,Month-to-month,Yes,Bank transfer (automatic),69.26,586.64,Yes
TC-03857,Female,0,No,No,58,Yes,No,Fiber optic,No,No,No,Yes,Yes,Yes,One year,No,Electronic check,89.68,5200.35,No
TC-03858,Male,0,No,No,26,Yes,No,No,No internet service,No internet service,No internet service,No internet service,No internet service,No internet service,Two year,Yes,Bank transfer (automatic),54.8,1421.28,Yes
TC-03859,Female,0,No,No,58,Yes,Yes,No,No internet service,No internet service,No internet service,No internet service,No internet service,No internet service,Month-to-month,No,Mailed check,59.11,3431.36,No
TC-03860,Male,0,Yes,No,2,Yes,Yes,Fiber optic,No,Yes,No,No,No,Yes,One year,Yes,Electronic check,34.42,69.72,Yes
TC-03861,Female,0,No,No,6,No,No phone service,Fiber optic,Yes,Yes,Yes,No,Yes,Yes,Month-to-month,Yes,Credit card (automatic),79.64,504.0,Yes
TC-03862,Female,1,No,No,15,Yes,Yes,Fiber optic,No,Yes,No,Yes,Yes,Yes,Month-to-month,Yes,Mailed check,30.35,402.68,No
TC-03863,Male,0,Yes,No,48,Yes,No,DSL,No,Yes,No,Yes,Yes,No,Two year,No,Credit card (automatic),68.08,3292.95,No
TC-03864,Female,0,No,Yes,31,Yes,No,DSL,Yes,Yes,No,Yes,No,No,Two year,No,Bank transfer (automatic),39.04,1153.86,No
TC-03865,Female,0,Yes,No,43,Yes,Yes,No,No internet service,No internet service,No internet service,No internet service,No internet service,No internet service,Month-to-month,No,Mailed check,37.41,1713.82,No
TC-03866,Female,1,Yes,No,18,Yes,No,Fiber optic,No,No,Yes,Yes,Yes,No,Two year,Yes,Electronic check,27.58,491.19,No
TC-03867,Female,0,No,Yes,2,Yes,Yes,No,No internet service,No internet service,No internet service,No internet service,No internet service,No internet service,Month-to-month,Yes,Electronic check,53.74,116.45,No
TC-03868,Female,0,No,No,59,Yes,No,Fiber optic,Yes,No,No,No,No,Yes,Month-to-month,Yes,Credit card (automatic),104.74,6268.2,No
TC-03869,Female,0,Yes,No,34,Yes,No,No,No internet service,No internet service,No internet service,No internet service,No internet service,No internet service,Month-to-month,Yes,Credit card (automatic),78.49,2629.93,No
TC-03870,Female,0,No,No,28,No,No phone service,DSL,Yes,Yes,Yes,Yes,No,Yes,Month-to-month,Yes,Bank transfer (automatic),95.91,2684.92,No
TC-03871,Female,0,Yes,No,69,Yes,Yes,DSL,Yes,Yes,Yes,No,Yes,No,One year,Yes,Credit card (automatic),29.46,1962.24,No
TC-03872,Male,0,Yes,No,44,Yes,Yes,No,No internet service,No internet service,No internet service,No internet service,No internet service,No internet service,Two year,Yes,Mailed check,49.33,2122.01,No
TC-03873,Male,0,No,Yes,26,Yes,No,Fiber optic,Yes,No,Yes,Yes,No,No,Two year,Yes,Electronic check,56.86,1407.16,No
TC-03874,Female,0,Yes,No,68,Yes,No,DSL,Yes,No,Yes,Yes,Yes,No,One year,Yes,Mailed check,104.0,7111.91,No
TC-03875,Female,0,No,Yes,34,No,No phone service,No,No internet service,No internet service,No internet service,No internet service,No internet service,No internet service,Month-to-month,Yes,Bank transfer (automatic),84.44,2899.43,Yes
TC-03876,Male,0,No,Yes,18,No,No phone service,No,No internet service,No internet service,No internet service,No internet service,No internet service,No internet service,Month-to-month,No,Electronic check,67.05,1185.04,Yes
TC-03877,Male,0,Yes,No,16,Yes,No,Fiber optic,Yes,No,Yes,Yes,No,No,Month-to-month,Yes,Credit card (automatic),48.05,743.47,No
TC-03878,Male,0,Yes,No,34,Yes,Yes,Fiber optic,No,No,Yes,Yes,Yes,Yes,One year,No,Electronic check,93.99,3244.19,Yes
TC-03879,Female,0,No,No,29,Yes,Yes,No,No internet service,No internet service,No internet service,No internet service,No internet service,No internet service,One year,Yes,Bank transfer (automatic),106.83,3097.82,Yes
TC-03880,Male,0,No,No,47,Yes,No,Fiber optic,Yes,No,No,No,No,Yes,Month-to-month,Yes,Credit card (automatic),71.68,3325.6,No
TC-03881,Female,0,No,No,56,Yes,Yes,No,No internet service,No internet service,No internet service,No internet service,No internet service,No internet service,Month-to-month,Yes,Electronic check,22.34,1304.7,No
TC-03882,Female,0,Yes,No,16,Yes,Yes,Fiber optic,No,No,No,No,No,Yes,Month-to-month,Yes,Electronic check,45.19,715.97,No
TC-03883,Male,0,No,No,14,Yes,No,DSL,No,Yes,No,Yes,Yes,No,Two year,No,Electronic check,92.58,1329.98,No
TC-03884,Female,0,Yes,Yes,13,Yes,Yes,Fiber optic,Yes,Yes,Yes,Yes,No,No,Month-to-month,Yes,Credit card (automatic),56.76,741.47,No
TC-03885,Female,0,Yes,Yes,13,Yes,No,Fiber optic,No,Yes,Yes,Yes,No,Yes,Two year,Yes,Bank transfer (automatic),80.59,1151.56,Yes
TC-03886,Female,0,Yes,No,44,Yes,No,DSL,No,Yes,Yes,No,Yes,Yes,Month-to-month,No,Electronic check,70.45,3089.46,No
TC-03887,Female,0,No,Yes,37,Yes,Yes,DSL,Yes,No,Yes,No,No,No,One year,No,Mailed check,108.77,3924.07,No
TC-03888,Male,0,Yes,No,62,Yes,Yes,DSL,Yes,Yes,No,No,No,Yes,Month-to-month,Yes,Credit card (automatic),48.7,3008.01,No
TC-03889,Male,0,No,No,10,Yes,No,DSL,No,No,No,No,Yes,No,Month-to-month,Yes,Credit card (automatic),62.61,639.42,Yes
TC-03890,Female,0,Yes,Yes,47,Yes,No,Fiber optic,No,No,Yes,Yes,Yes,No,Two year,Yes,Electronic check,24.48,1173.55,No
TC-03891,Female,0,No,No,25,Yes,No,Fiber optic,Yes,Yes,No,Yes,Yes,No,Two year,No,Electronic check,98.5,2502.94,No
TC-03892,Male,0,No,Yes,66,Yes,Yes,Fiber optic,Yes,Yes,No,No,No,No,Two year,No,Electronic check,50.58,3309.24,No
TC-03893,Female,0,Yes,No,24,Yes,No,Fiber optic,Yes,No,Yes,Yes,Yes,Yes,Two year,No,Bank transfer (automatic),90.19,2242.76,No
TC-03894,Male,0,No,No,60,Yes,No,Fiber optic,No,No,No,Yes,No,Yes,Two year,Yes,Credit card (automatic),18.3,1146.24,No
TC-03895,Female,1,Yes,No,25,No,No phone service,DSL,No,No,Yes,No,Yes,Yes,Month-to-month,No,Mailed check,104.74,2625.05,No
TC-03896,Female,0,Yes,Yes,33,No,No phone service,Fiber optic,Yes,Yes,No,No,Yes,No,One year,Yes,Bank transfer (automatic),115.2,3766.9,Yes
TC-03897,Male,0,Yes,No,8,Yes,Yes,Fiber optic,No,No,Yes,Yes,Yes,No,One year,No,Bank transfer (automatic),65.0,616.4,No
TC-03898,Male,0,Yes,Yes,39,Yes,No,No,No internet service,No internet service,No internet service,No internet service,No internet service,No internet service,Month-to-month,Yes,Credit card (automatic),66.26,2620.6,No
TC-03899,Male,0,Yes,No,6,No,No phone service,DSL,No,Yes,Yes,No,Yes,No,Month-to-month,Yes,Electronic check,79.64,453.23,Yes
TC-03900,Male,0,Yes,No,29,Yes,No,Fiber optic,Yes,Yes,Yes,Yes,No,Yes,Month-to-month,Yes,Bank transfer (automatic),115.51,3419.89,No
TC-03901,Female,0,Yes,No,65,Yes,No,Fiber optic,No,Yes,Yes,Yes,Yes,No,One year,Yes,Electronic check,73.86,4811.91,No
TC-03902,Male,0,No,No,29,Yes,No,Fiber optic,Yes,Yes,No,No,Yes,Yes,One year,Yes,Credit card (automatic),25.39,811.77,No
TC-03903,Female,0,Yes,No,67,No,No phone service,No,No internet service,No internet service,No internet service,No internet service,No internet service,No internet service,Month-to-month,No,Mailed check,74.52,4950.69,No
TC-03904,Male,0,Yes,Yes,57,Yes,Yes,Fiber optic,Yes,No,Yes,No,Yes,Yes,One year,Yes,Mailed check,59.9,3404.28,No
TC-03905,Male,0,No,Yes,54,Yes,Yes,Fiber optic,Yes,No,No,Yes,Yes,No,Month-to-month,No,Mailed check,94.09,5149.96,No
TC-03906,Female,0,No,No,13,Yes,Yes,Fiber optic,Yes,No,No,Yes,Yes,Yes,Month-to-month,Yes,Electronic check,48.33,594.85,No
TC-03907,Male,0,Yes,Yes,36,Yes,No,No,No internet service,No internet service,No internet service,No internet service,No internet service,No internet service,Two year,Yes,Bank transfer (automatic),110.45,3963.53,No
TC-03908,Male,1,Yes,No,43,Yes,No,No,No internet service,No internet service,No internet service,No internet service,No internet service,No internet service,Month-to-month,No,Mailed check,98.01,4077.54,No
TC-03909,Male,0,Yes,No,5,No,No phone service,No,No internet service,No internet service,No internet service,No internet service,No internet service,No internet service,One year,Yes,Bank transfer (automatic),50.66,273.91,No
TC-03910,Male,0,No,No,25,Yes,Yes,DSL,No,No,Yes,Yes,No,No,One year,Yes,Mailed check,53.2,1387.71,No
TC-03911,Female,0,Yes,No,13,Yes,Yes,Fiber optic,No,No,No,Yes,No,No,Month-to-month,No,Electronic check,69.78,861.08,No
TC-03912,Female,0,No,No,7,No,No phone service,Fiber optic,No,No,No,Yes,No,Yes,Month-to-month,No,Electronic check,27.96,218.1,Yes
TC-03913,Male,0,Yes,No,23,Yes,No,Fiber optic,No,No,No,Yes,Yes,Yes,Month-to-month,No,Electronic check,87.01,1974.18,No
TC-03914,Male,1,Yes,No,38,Yes,Yes,DSL,Yes,Yes,Yes,Yes,Yes,Yes,Month-to-month,No,Mailed check,78.91,2923.12,No
TC-03915,Male,0,No,No,48,Yes,Yes,No,No internet service,No internet service,No internet service,No internet service,No internet service,No internet service,Month-to-month,No,Bank transfer (automatic),49.87,2377.49,No
TC-03916,Female,1,Yes,No,62,Yes,Yes,Fiber optic,No,Yes,No,No,No,No,Month-to-month,No,Electronic check,81.8,5042.87,No
TC-03917,Female,0,Yes,No,25,Yes,No,Fiber optic,Yes,Yes,No,No,No,Yes,Month-to-month,No,Bank transfer (automatic),27.82,701.87,No
TC-03918,Female,0,Yes,No,9,No,No phone service,Fiber optic,No,Yes,Yes,Yes,Yes,No,Month-to-month,Yes,Bank transfer (automatic),113.21,1003.6,Yes
TC-03919,Female,1,No,No,57,Yes,No,Fiber optic,Yes,Yes,Yes,No,No,No,One year,Yes,Mailed check,24.7,1474.77,No
TC-03920,Male,0,Yes,Yes,13,Yes,No,No,No internet service,No internet service,No internet service,No internet service,No internet service,No internet service,One year,Yes,Bank transfer (automatic),50.88,633.56,No
TC-03921,Male,0,Yes,No,70,Yes,No,Fiber optic,Yes,No,Yes,Yes,Yes,Yes,Two year,No,Electronic check,115.05,8047.03,No
TC-03922,Male,0,No,No,38,Yes,Yes,Fiber optic,No,Yes,No,Yes,No,Yes,Month-to-month,Yes,Credit card (automatic),57.84,2209.9,No
TC-03923,Female,1,No,No,30,Yes,Yes,DSL,No,No,No,Yes,No,Yes,Month-to-month,Yes,Credit card (automatic),106.56,3194.25,Yes
TC-03924,Male,0,Yes,Yes,49,Yes,No,Fiber optic,Yes,No,No,No,Yes,Yes,One year,No,Electronic check,33.09,1594.63,No
TC-03925,Female,1,Yes,No,15,Yes,Yes,DSL,No,Yes,Yes,Yes,Yes,No,Two year,No,Bank transfer (automatic),24.67,372.62,No
TC-03926,Female,0,No,No,71,Yes,No,DSL,Yes,Yes,Yes,No,Yes,No,Month-to-month,Yes,Credit card (automatic),28.82,2072.45,No
TC-03927,Male,0,Yes,No,50,Yes,Yes,Fiber optic,Yes,No,Yes,Yes,No,Yes,Month-to-month,No,Credit card (automatic),115.21,5805.43,Yes
TC-03928,Male,0,Yes,No,14,Yes,Yes,DSL,Yes,No,No,Yes,No,Yes,Month-to-month,Yes,Electronic check,26.88,270.43,No
TC-03929,Male,0,No,Yes,37,Yes,Yes,No,No internet service,No internet service,No internet service,No internet service,No internet service,No internet service,Month-to-month,No,Credit card (automatic),83.17,3102.62,Yes
TC-03930,Female,1,Yes,No,70,Yes,No,Fiber optic,No,No,No,Yes,No,No,Month-to-month,Yes,Mailed check,62.06,4310.48,Yes
TC-03931,Female,0,Yes,No,71,Yes,Yes,Fiber optic,No,Yes,No,Yes,Yes,No,Month-to-month,No,Electronic check,104.08,7447.58,No
TC-03932,Male,0,No,No,20,Yes,No,DSL,No,No,No,No,Yes,Yes,One year,Yes,Bank transfer (automatic),47.43,995.22,No
TC-03933,Male,0,Yes,No,15,Yes,Yes,DSL,No,No,No,No,No,Yes,Month-to-month,Yes,Credit card (automatic),20.89,359.63,No
TC-03934,Female,0,Yes,Yes,66,Yes,Yes,Fiber optic,No,Yes,No,No,Yes,No,Two year,No,Bank transfer (automatic),92.86,6099.58,No
TC-03935,Male,0,Yes,No,64,Yes,Yes,No,No internet service,No internet service,No internet service,No internet service,No internet service,No internet service,One year,Yes,Bank transfer (automatic),76.88,4850.67,No
TC-03936,Female,1,No,Yes,12,Yes,Yes,DSL,Yes,Yes,Yes,No,Yes,Yes,One year,Yes,Bank transfer (automatic),61.45,800.95,No
TC-03937,Female,1,Yes,No,63,Yes,Yes,Fiber optic,No,Yes,No,No,Yes,Yes,One year,No,Mailed check,50.3,3227.35,No
TC-03938,Male,0,No,No,60,No,No phone service,DSL,No,No,No,Yes,No,Yes,Month-to-month,Yes,Credit card (automatic),107.94,6376.22,Yes
TC-03939,Male,1,No,No,31,Yes,No,No,No internet service,No internet service,No internet service,No internet service,No internet service,No internet service,Month-to-month,No,Credit card (automatic),30.18,1004.34,Yes
TC-03940,Male,1,Yes,No,11,Yes,No,Fiber optic,No,Yes,Yes,Yes,No,No,Two year,Yes,Credit card (automatic),32.14,371.28,Yes
TC-03941,Male,0,No,No,40,Yes,No,DSL,No,No,Yes,No,No,Yes,Two year,Yes,Bank transfer (automatic),19.48,785.8,No
TC-03942,Female,0,Yes,No,65,Yes,No,Fiber optic,Yes,No,No,No,No,Yes,One year,Yes,Electronic check,25.26,1600.78,No
TC-03943,Female,1,Yes,No,7,Yes,No,No,No internet service,No internet service,No internet service,No internet service,No internet service,No internet service,Month-to-month,Yes,Credit card (automatic),103.73,776.83,No
TC-03944,Female,0,Yes,No,58,Yes,No,Fiber optic,Yes,No,No,No,Yes,Yes,Month-to-month,Yes,Credit card (automatic),97.36,5623.88,No
TC-03945,Male,1,No,No,24,Yes,Yes,DSL,Yes,Yes,Yes,Yes,Yes,Yes,Month-to-month,No,Mailed check,28.24,654.53,No
TC-03946,Female,0,Yes,No,4,Yes,Yes,DSL,Yes,Yes,Yes,Yes,No,No,Month-to-month,Yes,Electronic check,95.98,277.11,No
TC-03947,Male,0,Yes,No,44,Yes,Yes,No,No internet service,No internet service,No internet service,No internet service,No internet service,No internet service,Two year,Yes,Credit card (automatic),82.1,3575.2,No
TC-03948,Male,0,Yes,Yes,1,Yes,No,Fiber optic,No,No,Yes,No,No,Yes,Month-to-month,Yes,Bank transfer (automatic),56.75,7.15,Yes
TC-03949,Male,0,No,No,41,Yes,No,Fiber optic,No,Yes,No,No,Yes,Yes,Month-to-month,Yes,Mailed check,26.42,979.38,No
TC-03950,Male,0,No,No,37,Yes,Yes,DSL,No,No,No,Yes,Yes,Yes,Month-to-month,Yes,Mailed check,78.24,2972.82,No
TC-03951,Male,0,Yes,No,2,Yes,Yes,No,No internet service,No internet service,No internet service,No internet service,No internet service,No internet service,One year,Yes,Electronic check,101.97,197.7,No
TC-03952,Male,0,Yes,No,45,Yes,Yes,Fiber optic,No,No,Yes,No,No,Yes,Two year,No,Credit card (automatic),60.07,2631.87,No
TC-03953,Female,0,Yes,No,21,Yes,Yes,DSL,No,Yes,No,Yes,Yes,Yes,Month-to-month,Yes,Credit card (automatic),60.44,1221.05,No
TC-03954,Male,0,Yes,No,32,Yes,No,DSL,No,No,No,Yes,No,No,Two year,Yes,Credit card (automatic),100.67,3192.4,No
TC-03955,Female,1,No,No,31,Yes,Yes,No,No internet service,No internet service,No internet service,No internet service,No internet service,No internet service,Two year,No,Electronic check,39.06,1181.05,No
TC-03956,Female,0,No,No,16,Yes,No,Fiber optic,Yes,Yes,No,No,Yes,Yes,Two year,Yes,Bank transfer (automatic),35.25,604.03,No
TC-03957,Male,0,No,No,55,Yes,No,DSL,Yes,No,Yes,No,No,Yes,Month-to-month,Yes,Mailed check,87.56,4802.34,No
TC-03958,Male,0,No,Yes,2,Yes,Yes,Fiber optic,Yes,Yes,Yes,Yes,No,No,Month-to-month,Yes,Credit card (automatic),83.65,172.23,Yes
TC-03959,Male,0,No,No,69,Yes,No,Fiber optic,No,Yes,No,No,No,Yes,One year,Yes,Credit card (automatic),109.21,7522.25,No
TC-03960,Female,0,No,No,48,Yes,No,No,No internet service,No internet service,No internet service,No internet service,No internet service,No internet service,Month-to-month,Yes,Credit card (automatic),51.43,2526.78,No
TC-03961,Male,0,No,No,54,No,No phone service,DSL,Yes,Yes,No,No,No,Yes,One year,No,Bank transfer (automatic),38.2,2131.68,No
TC-03962,Female,0,Yes,Yes,30,Yes,No,Fiber optic,No,Yes,No,Yes,Yes,Yes,Month-to-month,No,Mailed check,60.88,1819.71,No
TC-03963,Male,0,Yes,Yes,20,Yes,No,DSL,Yes,No,No,No,Yes,Yes,Month-to-month,Yes,Credit card (automatic),56.38,1080.29,Yes
TC-03964,Male,0,Yes,No,15,Yes,Yes,DSL,Yes,Yes,No,Yes,No,No,One year,Yes,Electronic check,111.81,1671.67,No
TC-03965,Female,1,Yes,Yes,16,Yes,Yes,DSL,No,No,No,No,No,Yes,Month-to-month,Yes,Credit card (automatic),109.76,1600.66,No
TC-03966,Female,0,Yes,No,0,Yes,Yes,DSL,Yes,Yes,Yes,Yes,Yes,Yes,Two year,Yes,Bank transfer (automatic),60.81,60.81,No
TC-03967,Male,1,Yes,No,71,Yes,Yes,DSL,No,No,Yes,Yes,Yes,Yes,One year,No,Credit card (automatic),59.25,4138.8,No
TC-03968,Female,1,No,No,64,Yes,Yes,No,No internet service,No internet service,No internet service,No internet service,No internet service,No internet service,Month-to-month,No,Mailed check,62.5,3988.95,No
TC-03969,Female,1,Yes,Yes,65,Yes,No,No,No internet service,No internet service,No internet service,No internet service,No internet service,No internet service,Month-to-month,No,Electronic check,91.09,5944.43,No
TC-03970,Female,1,No,No,36,Yes,Yes,DSL,No,Yes,No,Yes,Yes,No,Two year,No,Electronic check,73.01,2599.85,No
TC-03971,Female,0,Yes,No,23,Yes,Yes,Fiber optic,No,No,Yes,No,No,Yes,One year,No,Bank transfer (automatic),46.79,1054.25,Yes
TC-03972,Female,0,No,No,61,No,No phone service,Fiber optic,Yes,No,No,Yes,No,Yes,One year,Yes,Bank transfer (automatic),94.87,5799.97,No
TC-03973,Male,0,No,No,20,Yes,No,DSL,No,No,No,Yes,Yes,No,Two year,Yes,Mailed check,108.38,2139.69,No
TC-03974,Male,0,Yes,No,36,Yes,No,DSL,No,No,No,Yes,No,No,Month-to-month,Yes,Credit card (automatic),89.78,3278.3,Yes
TC-03975,Female,0,Yes,Yes,34,Yes,Yes,Fiber optic,Yes,Yes,Yes,Yes,Yes,Yes,Month-to-month,Yes,Bank transfer (automatic),37.47,1312.63,Yes
TC-03976,Male,0,Yes,No,37,No,No phone service,Fiber optic,No,Yes,Yes,No,Yes,No,Month-to-month,No,Electronic check,97.18,3624.03,No
TC-03977,Male,1,Yes,No,52,No,No phone service,Fiber optic,No,Yes,Yes,Yes,No,Yes,Month-to-month,No,Bank transfer (automatic),116.9,6047.28,Yes
TC-03978,Female,1,Yes,No,14,Yes,No,Fiber optic,No,Yes,No,No,Yes,Yes,Two year,No,Credit card (automatic),86.52,1239.95,No
TC-03979,Male,0,No,No,41,Yes,Yes,DSL,No,No,Yes,Yes,No,Yes,Two year,Yes,Credit card (automatic),42.39,1700.84,No
TC-03980,Female,0,Yes,No,3,Yes,No,Fiber optic,Yes,Yes,No,Yes,Yes,Yes,Month-to-month,No,Credit card (automatic),18.55,51.29,Yes
TC-03981,Female,1,No,Yes,38,Yes,No,DSL,No,No,No,Yes,No,Yes,Month-to-month,No,Credit card (automatic),56.54,2016.73,Yes
TC-03982,Male,0,No,No,22,Yes,No,DSL,No,Yes,No,No,Yes,Yes,Two year,No,Bank transfer (automatic),65.03,1488.52,No
TC-03983,Female,0,No,No,14,Yes,No,Fiber optic,No,Yes,Yes,No,Yes,No,Two year,Yes,Credit card (automatic),108.97,1611.92,No
TC-03984,Female,0,Yes,No,11,Yes,No,Fiber optic,Yes,Yes,Yes,Yes,No,No,Month-to-month,Yes,Credit card (automatic),79.97,890.91,Yes
TC-03985,Female,0,Yes,No,69,Yes,No,Fiber optic,Yes,No,Yes,Yes,Yes,No,Two year,Yes,Mailed check,46.16,3105.96,No
TC-03986,Female,0,Yes,No,53,Yes,Yes,DSL,No,Yes,Yes,Yes,No,Yes,Month-to-month,Yes,Mailed check,87.17,4609.13,No
TC-03987,Female,1,Yes,No,37,Yes,No,Fiber optic,No,Yes,Yes,Yes,Yes,No,Month-to-month,No,Electronic check,27.22,1010.69,No
TC-03988,Male,0,Yes,No,27,Yes,Yes,No,No internet service,No internet service,No internet service,No internet service,No internet service,No internet service,Two year,No,Credit card (automatic),39.34,1062.98,No
TC-03989,Male,0,Yes,Yes,18,No,No phone service,No,No internet service,No internet service,No internet service,No internet service,No internet service,No internet service,Month-to-month,Yes,Electronic check,92.45,1791.15,No
TC-03990,Female,0,No,No,68,Yes,No,DSL,Yes,No,No,Yes,No,No,Month-to-month,Yes,Bank transfer (automatic),47.72,3232.73,No
TC-03991,Female,0,Yes,No,63,No,No phone service,DSL,No,No,Yes,No,Yes,No,Two year,Yes,Mailed check,21.11,1301.06,No
TC-03992,Male,1,No,No,3,Yes,No,No,No internet service,No internet service,No internet service,No internet service,No internet service,No internet service,Month-to-month,Yes,Mailed check,67.68,211.19,No
TC-03993,Female,0,No,Yes,9,Yes,No,Fiber optic,No,No,No,Yes,Yes,Yes,One year,Yes,Credit card (automatic),83.81,747.15,Yes
TC-03994,Male,0,Yes,No,11,Yes,No,DSL,No,No,No,No,No,No,Two year,Yes,Electronic check,96.9,1028.43,No
TC-03995,Female,0,Yes,No,68,Yes,No,Fiber optic,Yes,No,Yes,Yes,No,Yes,Two year,Yes,Mailed check,48.6,3216.71,No
TC-03996,Female,0,Yes,No,6,Yes,Yes,DSL,No,Yes,Yes,Yes,Yes,Yes,Month-to-month,Yes,Bank transfer (automatic),60.46,399.38,No
TC-03997,Female,0,Yes,No,43,Yes,No,Fiber optic,Yes,Yes,Yes,No,No,No,Month-to-month,No,Mailed check,73.66,3124.17,No
TC-03998,Female,0,Yes,No,22,No,No phone service,DSL,No,No,No,No,Yes,Yes,Month-to-month,No,Electronic check,25.47,510.02,Yes
TC-03999,Female,0,Yes,No,1,Yes,No,No,No internet service,No internet service,No internet service,No internet service,No internet service,No internet service,Month-to-month,Yes,Mailed check,37.76,37.76,No
TC-04000,Female,0,No,No,36,Yes,No,Fiber optic,Yes,Yes,No,Yes,No,No,Two year,No,Mailed check,54.93,1904.38,No
TC-04001,Female,0,No,No,68,Yes,Yes,Fiber optic,Yes,Yes,Yes,Yes,No,No,Month-to-month,No,Electronic check,44.72,3073.76,No
TC-04002,Male,1,No,Yes,19,Yes,Yes,Fiber optic,Yes,No,No,No,No,No,Month-to-month,No,Bank transfer (automatic),64.58,1253.14,Yes
TC-04003,Male,1,No,No,43,Yes,No,Fiber optic,No,No,Yes,No,Yes,Yes,One year,No,Credit card (automatic),83.07,3581.51,No
TC-04004,Male,0,No,Yes,69,Yes,Yes,No,No internet service,No internet service,No internet service,No internet service,No internet service,No internet service,Month-to-month,No,Bank transfer (automatic),71.97,5001.42,No
TC-04005,Female,0,No,No,50,Yes,No,DSL,No,Yes,No,No,No,No,Two year,No,Electronic check,95.42,4792.58,No
TC-04006,Female,0,Yes,No,30,Yes,Yes,Fiber optic,No,Yes,No,No,No,No,One year,Yes,Credit card (automatic),80.64,2448.59,Yes
TC-04007,Female,1,Yes,Yes,40,Yes,Yes,DSL,No,No,Yes,Yes,No,No,Month-to-month,Yes,Mailed check,47.19,1978.82,No
TC-04008,Female,0,Yes,No,57,Yes,Yes,Fiber optic,No,No,Yes,Yes,Yes,Yes,Month-to-month,No,Mailed check,30.0,1759.09,Yes
TC-04009,Female,0,No,No,4,Yes,Yes,Fiber optic,Yes,No,No,Yes,No,No,Two year,Yes,Electronic check,81.97,336.67,No
TC-04010,Female,0,No,No,32,Yes,Yes,DSL,No,Yes,Yes,Yes,Yes,No,Two year,Yes,Bank transfer (automatic),39.2,1207.71,No
TC-04011,Female,0,No,Yes,42,No,No phone service,Fiber optic,Yes,Yes,Yes,Yes,Yes,Yes,Two year,Yes,Bank transfer (automatic),49.87,2014.74,No
TC-04012,Male,0,Yes,No,18,Yes,Yes,Fiber optic,No,No,Yes,No,No,Yes,Month-to-month,No,Bank transfer (automatic),97.52,1667.39,No
TC-04013,Female,0,Yes,Yes,31,Yes,Yes,DSL,Yes,Yes,Yes,Yes,No,No,Two year,Yes,Credit card (automatic),39.99,1287.01,No
TC-04014,Male,0,Yes,Yes,2,No,No phone service,DSL,Yes,Yes,No,No,No,Yes,Month-to-month,No,Bank transfer (automatic),71.78,115.66,No
TC-04015,Male,0,No,Yes,0,Yes,No,DSL,No,Yes,No,Yes,No,No,One year,Yes,Bank transfer (automatic),27.48,27.48,No
TC-04016,Female,0,No,No,40,Yes,No,Fiber optic,Yes,Yes,No,Yes,No,No,Month-to-month,Yes,Bank transfer (automatic),59.65,2338.35,No
TC-04017,Female,0,No,Yes,47,Yes,Yes,Fiber optic,No,No,No,Yes,Yes,Yes,One year,No,Credit card (automatic),116.03,5563.69,No
TC-04018,Male,0,Yes,Yes,38,Yes,No,No,No internet service,No internet service,No internet service,No internet service,No internet service,No internet service,Month-to-month,No,Bank transfer (automatic),113.44,4220.93,No
TC-04019,Male,0,No,No,4,Yes,No,DSL,Yes,No,No,Yes,No,No,Month-to-month,No,Credit card (automatic),112.66,457.57,No
TC-04020,Female,1,Yes,No,10,Yes,No,Fiber optic,Yes,No,No,No,No,Yes,Month-to-month,Yes,Credit card (automatic),77.52,757.27,No
TC-04021,Female,0,Yes,Yes,21,Yes,Yes,Fiber optic,Yes,No,Yes,Yes,Yes,Yes,Two year,Yes,Electronic check,47.47,997.79,No
TC-04022,Male,0,Yes,No,63,Yes,Yes,Fiber optic,Yes,Yes,No,No,No,No,Month-to-month,No,Mailed check,53.5,3354.47,No
TC-04023,Female,0,Yes,No,11,Yes,No,Fiber optic,Yes,Yes,No,Yes,Yes,Yes,Two year,Yes,Bank transfer (automatic),38.6,380.03,No
TC-04024,Female,1,Yes,Yes,52,Yes,No,DSL,Yes,No,No,No,Yes,Yes,One year,Yes,Mailed check,27.76,1387.62,No
TC-04025,Female,0,Yes,No,54,Yes,Yes,DSL,No,No,Yes,Yes,Yes,No,Month-to-month,No,Credit card (automatic),34.89,1986.48,No
TC-04026,Male,0,Yes,Yes,52,Yes,Yes,No,No internet service,No internet service,No internet service,No internet service,No internet service,No internet service,Month-to-month,Yes,Credit card (automatic),64.73,3351.07,No
TC-04027,Male,1,No,Yes,20,Yes,No,DSL,No,No,No,Yes,Yes,Yes,Two year,No,Electronic check,20.7,431.11,No
TC-04028,Male,0,Yes,No,18,Yes,Yes,Fiber optic,No,Yes,No,Yes,Yes,Yes,Month-to-month,Yes,Credit card (automatic),111.92,1934.86,Yes
TC-04029,Female,0,No,Yes,68,Yes,No,DSL,Yes,Yes,Yes,Yes,No,No,Month-to-month,No,Electronic check,74.16,4937.03,No
TC-04030,Female,0,Yes,Yes,71,Yes,Yes,Fiber optic,Yes,Yes,Yes,No,No,No,Month-to-month,Yes,Mailed check,35.35,2476.02,No
TC-04031,Male,0,Yes,No,65,Yes,Yes,Fiber optic,No,Yes,No,Yes,Yes,Yes,Month-to-month,Yes,Credit card (automatic),59.63,3919.6,No
TC-04032,Male,1,Yes,No,58,Yes,Yes,DSL,No,No,No,Yes,No,No,Month-to-month,Yes,Electronic check,55.63,3227.96,No
TC-04033,Male,0,No,No,48,Yes,Yes,DSL,Yes,Yes,No,Yes,No,Yes,Month-to-month,No,Credit card (automatic),101.53,4846.44,No
TC-04034,Female,0,Yes,No,58,Yes,No,DSL,No,No,No,Yes,No,No,One year,Yes,Electronic check,30.05,1764.39,No
TC-04035,Male,0,Yes,No,22,Yes,Yes,No,No internet service,No internet service,No internet service,No internet service,No internet service,No internet service,Two year,No,Electronic check,60.99,1314.26,No
TC-04036,Male,0,No,No,2,Yes,Yes,No,No internet service,No internet service,No internet service,No internet service,No internet service,No internet service,Two year,Yes,Mailed check,89.13,247.09,No
TC-04037,Female,0,No,No,55,Yes,Yes,No,No internet service,No internet service,No internet service,No internet service,No internet service,No internet service,Two year,Yes,Bank transfer (automatic),55.32,3113.48,No
TC-04038,Female,0,No,No,57,Yes,Yes,DSL,No,No,Yes,Yes,Yes,No,Month-to-month,Yes,Mailed check,53.76,3035.46,No
TC-04039,Female,0,No,No,61,Yes,Yes,DSL,No,No,No,No,No,Yes,Month-to-month,No,Credit card (automatic),52.04,3135.6,No
TC-04040,Male,0,Yes,Yes,17,Yes,No,DSL,No,Yes,Yes,Yes,Yes,Yes,Month-to-month,Yes,Bank transfer (automatic),94.2,1597.74,No
TC-04041,Female,0,Yes,No,60,Yes,No,DSL,Yes,No,Yes,No,No,Yes,One year,No,Credit card (automatic),29.93,1817.13,No
TC-04042,Female,0,No,No,36,Yes,Yes,Fiber optic,No,No,Yes,No,No,Yes,Two year,No,Mailed check,103.67,3718.43,No
TC-04043,Male,0,Yes,No,53,No,No phone service,No,No internet service,No internet service,No internet service,No internet service,No internet service,No internet service,One year,Yes,Credit card (automatic),25.09,1382.07,No
TC-04044,Female,0,No,No,64,Yes,Yes,DSL,Yes,No,Yes,Yes,Yes,No,Month-to-month,Yes,Bank transfer (automatic),49.9,3206.88,No
TC-04045,Male,0,No,No,13,Yes,No,DSL,Yes,No,Yes,No,Yes,Yes,Two year,Yes,Electronic check,56.9,794.11,No
TC-04046,Male,0,No,No,4,Yes,Yes,Fiber optic,No,Yes,No,Yes,No,Yes,Month-to-month,No,Electronic check,57.36,173.33,Yes
TC-04047,Female,0,Yes,No,61,Yes,Yes,No,No internet service,No internet service,No internet service,No internet service,No internet service,No internet service,Month-to-month,No,Credit card (automatic),36.77,2213.34,Yes
TC-04048,Female,0,No,No,0,Yes,No,Fiber optic,Yes,No,No,No,No,Yes,Month-to-month,Yes,Mailed check,78.32,78.32,Yes
TC-04049,Female,0,Yes,No,62,Yes,Yes,No,No internet service,No internet service,No internet service,No internet service,No internet service,No internet service,Month-to-month,Yes,Bank transfer (automatic),63.36,3930.97,Yes
TC-04050,Female,1,Yes,No,66,Yes,Yes,Fiber optic,No,No,No,No,No,Yes,Month-to-month,Yes,Credit card (automatic),74.76,4924.78,Yes
TC-04051,Female,0,Yes,No,19,Yes,Yes,Fiber optic,Yes,Yes,No,Yes,Yes,Yes,One year,No,Electronic check,79.49,1484.35,No
TC-04052,Female,0,No,No,42,Yes,Yes,DSL,No,No,No,Yes,No,No,One year,Yes,Credit card (automatic),37.13,1563.8,No
TC-04053,Male,0,Yes,Yes,41,No,No phone service,No,No internet service,No internet service,No internet service,No internet service,No internet service,No internet service,Month-to-month,Yes,Electronic check,110.03,4582.64,No
TC-04054,Male,0,No,No,68,Yes,No,Fiber optic,No,Yes,No,No,No,No,Month-to-month,Yes,Credit card (automatic),101.01,6768.22,No
TC-04055,Female,0,Yes,No,38,Yes,No,Fiber optic,Yes,Yes,No,No,No,Yes,Two year,No,Mailed check,100.84,3824.32,No
TC-04056,Male,1,Yes,No,61,Yes,No,Fiber optic,Yes,Yes,Yes,Yes,No,Yes,Two year,No,Mailed check,71.17,4335.95,Yes
TC-04057,Female,0,Yes,No,47,Yes,No,DSL,No,No,No,No,No,Yes,Month-to-month,Yes,Electronic check,100.01,4646.1,Yes
TC-04058,Male,0,No,No,5,Yes,Yes,DSL,No,Yes,Yes,No,No,Yes,Month-to-month,Yes,Mailed check,80.75,395.95,No
TC-04059,Male,0,No,Yes,41,Yes,Yes,DSL,No,No,Yes,Yes,No,Yes,Month-to-month,Yes,Credit card (automatic),63.06,2503.49,No
TC-04060,Male,0,No,No,57,Yes,No,No,No internet service,No internet service,No internet service,No internet service,No internet service,No internet service,Two year,No,Electronic check,93.25,5286.04,No
TC-04061,Female,0,No,No,42,Yes,Yes,No,No internet service,No internet service,No internet service,No internet service,No internet service,No internet service,Month-to-month,Yes,Electronic check,77.99,3262.16,No
TC-04062,Male,0,Yes,No,9,Yes,No,No,No internet service,No internet service,No internet service,No internet service,No internet service,No internet service,Two year,No,Electronic check,18.2,163.54,No
TC-04063,Female,0,Yes,No,38,Yes,Yes,Fiber optic,No,Yes,No,Yes,No,No,Month-to-month,Yes,Mailed check,117.7,4566.36,Yes
TC-04064,Male,0,No,No,12,Yes,Yes,Fiber optic,No,Yes,Yes,Yes,No,Yes,Month-to-month,Yes,Mailed check,60.99,691.07,Yes
TC-04065,Male,0,No,No,38,Yes,No,DSL,Yes,Yes,No,Yes,No,No,Month-to-month,Yes,Bank transfer (automatic),75.17,2790.23,No
TC-04066,Male,0,No,No,10,Yes,No,DSL,No,Yes,Yes,No,No,No,Month-to-month,Yes,Credit card (automatic),58.59,635.51,No
TC-04067,Male,0,No,No,15,Yes,No,No,No internet service,No internet service,No internet service,No internet service,No internet service,No internet service,One year,Yes,Bank transfer (automatic),28.03,197.3,Yes
TC-04068,Male,0,Yes,Yes,32,Yes,No,DSL,No,Yes,No,No,No,No,Month-to-month,Yes,Electronic check,101.4,3213.85,Yes
TC-04069,Female,0,No,No,59,Yes,No,Fiber optic,Yes,No,No,Yes,No,No,One year,No,Credit card (automatic),86.26,5073.06,No
TC-04070,Female,1,No,No,58,Yes,No,Fiber optic,No,No,Yes,Yes,Yes,No,Month-to-month,No,Mailed check,100.85,5802.24,No
TC-04071,Male,0,Yes,No,50,Yes,No,Fiber optic,Yes,Yes,No,No,No,No,Month-to-month,Yes,Bank transfer (automatic),66.39,3314.76,No
TC-04072,Male,1,No,Yes,14,Yes,Yes,No,No internet service,No internet service,No internet service,No internet service,No internet service,No internet service,Month-to-month,Yes,Bank transfer (automatic),97.17,1327.95,No
TC-04073,Male,1,Yes,No,42,Yes,No,DSL,Yes,Yes,No,No,Yes,Yes,Month-to-month,Yes,Electronic check,97.77,4019.27,No
TC-04074,Male,1,No,No,26,No,No phone service,No,No internet service,No internet service,No internet service,No internet service,No internet service,No internet service,Month-to-month,Yes,Credit card (automatic),51.63,1373.28,No
TC-04075,Female,0,Yes,No,55,Yes,No,Fiber optic,Yes,Yes,No,Yes,Yes,No,Month-to-month,Yes,Credit card (automatic),18.41,1045.39,No
TC-04076,Male,0,No,No,59,Yes,Yes,No,No internet service,No internet service,No internet service,No internet service,No internet service,No internet service,Two year,Yes,Electronic check,103.98,6085.45,No
TC-04077,Female,0,No,No,69,Yes,Yes,No,No internet service,No internet service,No internet service,No internet service,No internet service,No internet service,Month-to-month,No,Mailed check,36.46,2488.68,No
TC-04078,Male,0,No,No,46,No,No phone service,DSL,Yes,Yes,Yes,Yes,Yes,No,Two year,Yes,Credit card (automatic),104.87,4916.82,No
TC-04079,Female,0,No,No,7,Yes,No,DSL,No,No,No,Yes,No,Yes,Two year,Yes,Bank transfer (automatic),79.83,581.23,No
TC-04080,Male,0,No,No,62,Yes,Yes,No,No internet service,No internet service,No internet service,No internet service,No internet service,No internet service,Month-to-month,No,Electronic check,81.47,5051.15,Yes
TC-04081,Male,0,Yes,No,6,Yes,No,DSL,Yes,Yes,Yes,Yes,Yes,Yes,One year,No,Bank transfer (automatic),42.72,337.19,No
TC-04082,Female,0,No,No,1,No,No phone service,Fiber optic,No,Yes,No,No,Yes,Yes,One year,No,Mailed check,58.26,58.26,No
TC-04083,Male,1,Yes,Yes,16,Yes,Yes,Fiber optic,No,No,No,No,Yes,No,One year,No,Mailed check,49.21,685.71,No
TC-04084,Male,1,Yes,Yes,3,No,No phone service,Fiber optic,No,No,No,Yes,Yes,Yes,Month-to-month,No,Credit card (automatic),37.03,119.44,No
TC-04085,Male,1,Yes,No,25,Yes,Yes,Fiber optic,No,Yes,Yes,No,No,Yes,One year,Yes,Bank transfer (automatic),90.45,2303.26,Yes
TC-04086,Female,0,Yes,No,71,No,No phone service,Fiber optic,No,No,Yes,No,Yes,Yes,Month-to-month,No,Mailed check,27.58,1872.65,No
TC-04087,Male,1,No,Yes,68,Yes,Yes,Fiber optic,No,Yes,No,No,No,No,Two year,Yes,Electronic check,69.2,4640.62,No
TC-04088,Male,0,No,Yes,4,Yes,Yes,Fiber optic,No,No,No,Yes,Yes,Yes,One year,Yes,Mailed check,71.6,326.05,No
TC-04089,Female,0,No,No,4,Yes,No,No,No internet service,No internet service,No internet service,No internet service,No internet service,No internet service,Month-to-month,Yes,Mailed check,113.54,396.55,Yes
TC-04090,Female,0,No,No,68,Yes,Yes,Fiber optic,No,No,No,Yes,Yes,No,Month-to-month,Yes,Credit card (automatic),104.94,7123.11,No
TC-04091,Female,1,Yes,Yes,2,Yes,Yes,DSL,Yes,Yes,Yes,No,No,No,Month-to-month,Yes,Electronic check,67.17,144.83,Yes
TC-04092,Male,1,Yes,No,37,Yes,No,Fiber optic,No,No,Yes,Yes,No,No,Month-to-month,No,Mailed check,102.42,3837.28,No
TC-04093,Male,0,Yes,No,0,Yes,No,No,No internet service,No internet service,No internet service,No internet service,No internet service,No internet service,Two year,No,Bank transfer (automatic),97.06,97.06,No
TC-04094,Male,0,No,No,7,No,No phone service,DSL,No,No,Yes,No,Yes,Yes,Month-to-month,No,Electronic check,20.79,170.15,No
TC-04095,Female,0,No,No,12,Yes,Yes,Fiber optic,No,No,Yes,No,No,Yes,Two year,No,Electronic check,110.21,1260.54,No
TC-04096,Male,0,No,Yes,69,Yes,Yes,Fiber optic,Yes,No,No,No,Yes,Yes,Month-to-month,Yes,Bank transfer (automatic),86.79,6017.95,No
TC-04097,Male,1,No,Yes,49,Yes,Yes,No,No internet service,No internet service,No internet service,No internet service,No internet service,No internet service,One year,Yes,Bank transfer (automatic),85.2,4129.36,No
TC-04098,Female,1,Yes,Yes,7,Yes,No,No,No internet service,No internet service,No internet service,No internet service,No internet service,No internet service,Month-to-month,No,Credit card (automatic),89.35,556.42,No
TC-04099,Female,0,No,Yes,29,Yes,Yes,No,No internet service,No internet service,No internet service,No internet service,No internet service,No internet service,Two year,No,Electronic check,40.48,1277.18,No
TC-04100,Female,0,No,Yes,39,Yes,No,DSL,Yes,Yes,Yes,No,Yes,Yes,Two year,No,Bank transfer (automatic),20.92,907.38,No
TC-04101,Female,0,Yes,Yes,32,Yes,No,DSL,Yes,No,No,Yes,No,No,One year,Yes,Electronic check,41.18,1325.17,No
TC-04102,Female,0,Yes,No,51,Yes,No,DSL,No,No,Yes,No,Yes,No,Month-to-month,No,Electronic check,97.46,5047.82,No
TC-04103,Male,0,No,Yes,32,No,No phone service,DSL,Yes,No,No,No,Yes,No,Month-to-month,Yes,Electronic check,77.73,2471.07,No
TC-04104,Female,0,No,No,36,Yes,Yes,DSL,Yes,No,No,Yes,No,Yes,Month-to-month,No,Electronic check,54.13,1941.88,Yes
TC-04105,Male,0,Yes,No,69,Yes,No,Fiber optic,Yes,No,No,Yes,No,No,Month-to-month,Yes,Electronic check,42.15,2899.52,No
TC-04106,Male,0,No,No,68,Yes,Yes,DSL,No,Yes,No,Yes,No,Yes,Month-to-month,Yes,Credit card (automatic),97.98,6616.97,No
TC-04107,Female,0,Yes,Yes,3,Yes,No,Fiber optic,No,Yes,Yes,Yes,No,No,Month-to-month,No,Electronic check,63.79,74.16,No
TC-04108,Female,0,Yes,Yes,59,Yes,No,No,No internet service,No internet service,No internet service,No internet service,No internet service,No internet service,Month-to-month,No,Electronic check,79.17,4655.57,No
TC-04109,Female,0,No,No,30,Yes,Yes,Fiber optic,Yes,No,No,No,Yes,No,One year,Yes,Credit card (automatic),19.26,642.92,No
TC-04110,Male,0,Yes,No,13,Yes,Yes,No,No internet service,No internet service,No internet service,No internet service,No internet service,No internet service,Month-to-month,Yes,Bank transfer (automatic),60.99,806.66,No
TC-04111,Female,0,No,No,59,Yes,No,DSL,No,Yes,Yes,Yes,Yes,No,Month-to-month,Yes,Bank transfer (automatic),19.54,1193.59,No
TC-04112,Female,1,No,No,67,Yes,No,DSL,Yes,No,Yes,Yes,No,No,Two year,No,Credit card (automatic),96.74,6501.23,No
TC-04113,Female,0,No,No,25,Yes,No,DSL,Yes,Yes,No,Yes,No,Yes,Two year,No,Bank transfer (automatic),42.93,1030.92,No
TC-04114,Female,1,No,No,23,Yes,Yes,No,No internet service,No internet service,No internet service,No internet service,No internet service,No internet service,One year,No,Electronic check,34.71,810.74,No
TC-04115,Female,1,Yes,No,55,No,No phone service,Fiber optic,Yes,Yes,No,No,No,No,Two year,No,Bank transfer (automatic),110.64,6068.58,No
TC-04116,Male,0,No,No,8,Yes,Yes,No,No internet service,No internet service,No internet service,No internet service,No internet service,No internet service,Month-to-month,No,Mailed check,19.8,105.27,No
TC-04117,Male,0,No,No,34,Yes,No,DSL,Yes,Yes,Yes,Yes,Yes,Yes,Month-to-month,No,Bank transfer (automatic),37.78,1330.5,No
TC-04118,Male,0,Yes,No,23,Yes,Yes,No,No internet service,No internet service,No internet service,No internet service,No internet service,No internet service,Month-to-month,No,Credit card (automatic),42.05,901.89,No
TC-04119,Female,1,No,Yes,30,Yes,No,DSL,No,Yes,Yes,No,Yes,Yes,Month-to-month,Yes,Bank transfer (automatic),100.28,2975.45,No
TC-04120,Female,1,No,No,65,Yes,No,Fiber optic,No,Yes,No,Yes,No,No,Two year,Yes,Bank transfer (automatic),89.01,5896.5,Yes
TC-04121,Female,0,No,No,65,Yes,Yes,No,No internet service,No internet service,No internet service,No internet service,No internet service,No internet service,Month-to-month,No,Credit card (automatic),114.74,7493.17,No
TC-04122,Male,0,No,No,40,Yes,No,No,No internet service,No internet service,No internet service,No internet service,No internet service,No internet service,Month-to-month,Yes,Credit card (automatic),87.49,3511.85,Yes
TC-04123,Female,0,Yes,No,35,Yes,No,No,No internet service,No internet service,No internet service,No internet service,No internet service,No internet service,Month-to-month,Yes,Electronic check,41.63,1348.38,No
TC-04124,Female,0,Yes,No,33,Yes,No,DSL,Yes,No,Yes,Yes,No,No,Month-to-month,No,Credit card (automatic),34.68,1138.54,Yes
TC-04125,Female,0,No,Yes,38,Yes,Yes,Fiber optic,Yes,Yes,Yes,Yes,Yes,No,One year,No,Mailed check,93.54,3496.29,No
TC-04126,Male,0,Yes,Yes,22,Yes,No,No,No internet service,No internet service,No internet service,No internet service,No internet service,No internet service,Month-to-month,Yes,Mailed check,108.09,2374.08,Yes
TC-04127,Female,0,Yes,Yes,43,Yes,No,Fiber optic,Yes,No,No,Yes,No,No,Month-to-month,Yes,Credit card (automatic),109.17,4684.79,No
TC-04128,Male,0,Yes,No,69,Yes,Yes,Fiber optic,No,Yes,No,No,No,Yes,Two year,Yes,Mailed check,95.11,6519.76,No
TC-04129,Female,0,Yes,No,57,Yes,No,DSL,Yes,Yes,No,No,Yes,No,One year,Yes,Electronic check,97.44,5612.7,No
TC-04130,Male,0,No,No,58,Yes,Yes,DSL,No,No,Yes,Yes,Yes,Yes,Month-to-month,No,Credit card (automatic),84.24,4933.66,No
TC-04131,Male,1,Yes,No,25,No,No phone service,Fiber optic,Yes,No,No,Yes,Yes,Yes,One year,No,Bank transfer (automatic),91.58,2233.2,Yes
TC-04132,Male,0,No,Yes,21,Yes,No,Fiber optic,Yes,No,Yes,No,No,Yes,Month-to-month,No,Electronic check,29.6,700.3,Yes
TC-04133,Female,0,No,Yes,39,Yes,No,DSL,No,Yes,No,Yes,No,No,Two year,Yes,Mailed check,50.92,1928.4,No
TC-04134,Female,0,Yes,No,10,No,No phone service,DSL,No,Yes,No,Yes,Yes,No,Two year,Yes,Electronic check,63.81,721.31,No
TC-04135,Male,0,No,No,8,Yes,No,Fiber optic,No,No,Yes,No,Yes,No,Month-to-month,Yes,Mailed check,84.43,664.9,No
TC-04136,Male,0,Yes,No,11,Yes,No,Fiber optic,No,Yes,No,Yes,Yes,Yes,Month-to-month,No,Mailed check,59.77,637.45,Yes
TC-04137,Female,0,No,No,25,Yes,No,DSL,No,Yes,No,No,Yes,No,Month-to-month,Yes,Mailed check,55.5,1461.95,Yes
TC-04138,Female,0,No,No,37,Yes,No,No,No internet service,No internet service,No internet service,No internet service,No internet service,No internet service,Month-to-month,Yes,Electronic check,74.36,2743.11,No
TC-04139,Male,1,Yes,Yes,2,Yes,Yes,DSL,Yes,No,Yes,Yes,Yes,Yes,One year,No,Bank transfer (automatic),57.44,169.76,No
TC-04140,Female,0,No,No,14,Yes,Yes,Fiber optic,No,Yes,Yes,No,No,Yes,Month-to-month,No,Bank transfer (automatic),25.25,288.44,No
TC-04141,Female,1,Yes,No,46,Yes,No,DSL,Yes,Yes,No,Yes,No,No,Month-to-month,No,Bank transfer (automatic),114.94,5288.66,Yes
TC-04142,Female,0,No,No,4,Yes,Yes,Fiber optic,Yes,No,Yes,No,Yes,Yes,Month-to-month,No,Bank transfer (automatic),110.62,466.21,No
TC-04143,Female,0,No,No,53,No,No phone service,Fiber optic,Yes,No,Yes,No,Yes,No,Month-to-month,No,Bank transfer (automatic),21.9,1220.52,No
TC-04144,Male,0,Yes,Yes,23,No,No phone service,Fiber optic,Yes,No,No,Yes,No,Yes,Month-to-month,Yes,Mailed check,70.92,1666.78,No
TC-04145,Female,0,Yes,Yes,10,No,No phone service,Fiber optic,No,Yes,Yes,Yes,Yes,Yes,One year,No,Bank transfer (automatic),89.28,895.05,No
TC-04146,Female,0,Yes,No,32,Yes,Yes,No,No internet service,No internet service,No internet service,No internet service,No internet service,No internet service,Month-to-month,No,Credit card (automatic),78.99,2551.36,No
TC-04147,Male,0,No,No,56,Yes,Yes,DSL,No,Yes,Yes,No,Yes,Yes,Month-to-month,Yes,Mailed check,53.34,2950.65,No
TC-04148,Male,0,Yes,No,51,Yes,Yes,Fiber optic,No,No,No,Yes,No,Yes,Month-to-month,No,Bank transfer (automatic),98.33,5045.03,Yes
TC-04149,Female,0,Yes,Yes,63,Yes,Yes,Fiber optic,No,No,Yes,No,Yes,Yes,Two year,No,Electronic check,79.47,5030.49,No
TC-04150,Female,0,Yes,No,42,Yes,Yes,No,No internet service,No internet service,No internet service,No internet service,No internet service,No internet service,Month-to-month,Yes,Electronic check,41.89,1720.5,No
TC-04151,Female,0,Yes,Yes,43,Yes,No,Fiber optic,No,Yes,Yes,Yes,Yes,No,Month-to-month,No,Credit card (automatic),79.12,3408.31,No
TC-04152,Female,1,No,Yes,35,Yes,No,DSL,No,Yes,Yes,Yes,No,No,Month-to-month,No,Mailed check,45.47,1630.01,No
TC-04153,Male,1,No,Yes,11,No,No phone service,Fiber optic,Yes,No,No,No,No,Yes,Month-to-month,Yes,Mailed check,77.58,975.57,Yes
TC-04154,Male,0,No,No,55,Yes,No,No,No internet service,No internet service,No internet service,No internet service,No internet service,No internet service,One year,Yes,Mailed check,94.43,5252.93,No
TC-04155,Male,1,No,No,2,Yes,Yes,DSL,No,Yes,No,No,Yes,No,Two year,Yes,Mailed check,48.25,107.75,No
TC-04156,Female,0,No,No,49,Yes,No,Fiber optic,No,No,No,No,Yes,No,One year,No,Bank transfer (automatic),46.25,2280.48,No
TC-04157,Female,0,No,Yes,28,Yes,No,Fiber optic,No,No,No,No,Yes,Yes,Two year,No,Mailed check,90.67,2531.5,No
TC-04158,Female,0,Yes,Yes,15,Yes,No,DSL,No,Yes,Yes,Yes,Yes,No,Month-to-month,No,Mailed check,68.84,1038.17,No
TC-04159,Female,1,No,Yes,39,Yes,No,Fiber optic,No,Yes,Yes,Yes,No,No,Month-to-month,No,Electronic check,31.88,1282.14,No
TC-04160,Male,0,Yes,No,26,Yes,No,DSL,No,Yes,Yes,Yes,No,No,Two year,No,Bank transfer (automatic),72.57,1924.4,No
TC-04161,Male,0,Yes,Yes,69,Yes,No,No,No internet service,No internet service,No internet service,No internet service,No internet service,No internet service,Month-to-month,No,Bank transfer (automatic),84.32,5813.82,No
TC-04162,Female,0,Yes,No,41,Yes,No,Fiber optic,Yes,Yes,No,No,Yes,Yes,Month-to-month,No,Bank transfer (automatic),67.13,2697.36,No
TC-04163,Male,0,Yes,Yes,56,Yes,Yes,No,No internet service,No internet service,No internet service,No internet service,No internet service,No internet service,Two year,Yes,Credit card (automatic),80.42,4492.82,No
TC-04164,Female,0,No,Yes,9,Yes,Yes,Fiber optic,Yes,Yes,No,Yes,No,No,Month-to-month,Yes,Bank transfer (automatic),54.49,448.62,Yes
TC-04165,Female,0,No,Yes,37,Yes,Yes,DSL,Yes,Yes,Yes,No,Yes,Yes,One year,Yes,Electronic check,105.78,3853.08,No
TC-04166,Male,0,No,Yes,7,Yes,Yes,Fiber optic,No,No,No,No,Yes,Yes,One year,Yes,Electronic check,42.0,324.42,No
TC-04167,Female,0,Yes,No,17,Yes,Yes,Fiber optic,Yes,Yes,No,No,Yes,No,One year,No,Credit card (automatic),46.13,801.48,No
TC-04168,Female,0,No,No,16,Yes,No,No,No internet service,No internet service,No internet service,No internet service,No internet service,No internet service,One year,Yes,Electronic check,95.37,1479.98,No
TC-04169,Male,0,No,No,57,Yes,No,No,No internet service,No internet service,No internet service,No internet service,No internet service,No internet service,One year,Yes,Electronic check,23.79,1339.8,No
TC-04170,Female,0,No,Yes,65,Yes,No,Fiber optic,Yes,No,No,No,Yes,Yes,Month-to-month,No,Bank transfer (automatic),116.74,7603.44,No
TC-04171,Female,0,No,Yes,43,Yes,Yes,Fiber optic,No,Yes,Yes,Yes,No,Yes,Month-to-month,Yes,Bank transfer (automatic),80.9,3491.58,Yes
TC-04172,Male,1,No,No,8,Yes,No,No,No internet service,No internet service,No internet service,No internet service,No internet service,No internet service,Month-to-month,Yes,Electronic check,98.74,811.88,Yes
TC-04173,Female,0,No,No,47,Yes,No,No,No internet service,No internet service,No internet service,No internet service,No internet service,No internet service,One year,No,Bank transfer (automatic),76.39,3552.22,No
TC-04174,Male,0,Yes,No,38,Yes,Yes,Fiber optic,Yes,Yes,No,No,No,Yes,Month-to-month,No,Electronic check,96.63,3689.84,No
TC-04175,Female,0,Yes,No,5,Yes,Yes,Fiber optic,No,No,No,Yes,No,Yes,Two year,Yes,Mailed check,61.42,304.72,Yes
TC-04176,Male,1,No,No,29,Yes,No,Fiber optic,Yes,No,No,No,No,Yes,Month-to-month,Yes,Mailed check,75.67,2233.02,Yes
TC-04177,Male,1,Yes,Yes,17,No,No phone service,Fiber optic,No,No,Yes,No,No,Yes,Two year,Yes,Electronic check,84.19,1484.97,Yes
TC-04178,Male,0,Yes,No,42,Yes,No,No,No internet service,No internet service,No internet service,No internet service,No internet service,No internet service,One year,Yes,Bank transfer (automatic),108.19,4695.44,No
TC-04179,Female,0,No,No,32,No,No phone service,DSL,No,No,Yes,No,Yes,Yes,Month-to-month,Yes,Mailed check,21.48,752.84,No
TC-04180,Male,0,Yes,No,52,Yes,Yes,Fiber optic,No,No,Yes,No,No,Yes,Month-to-month,Yes,Mailed check,28.89,1508.58,Yes
TC-04181,Male,0,No,No,55,Yes,Yes,Fiber optic,No,Yes,Yes,No,Yes,No,Two year,Yes,Mailed check,87.06,4786.41,No
TC-04182,Male,0,Yes,No,18,Yes,Yes,Fiber optic,Yes,Yes,Yes,Yes,Yes,Yes,Month-to-month,Yes,Credit card (automatic),52.44,897.12,No
TC-04183,Male,0,No,Yes,68,Yes,No,Fiber optic,No,Yes,Yes,No,Yes,Yes,Month-to-month,No,Electronic check,85.77,5786.8,No
TC-04184,Male,0,Yes,No,25,No,No phone service,DSL,Yes,Yes,No,No,No,No,Two year,Yes,Mailed check,40.77,1032.83,No
TC-04185,Female,0,Yes,Yes,28,No,No phone service,Fiber optic,Yes,No,No,Yes,No,No,Month-to-month,No,Bank transfer (automatic),80.83,2278.37,Yes
TC-04186,Female,0,Yes,No,23,Yes,No,Fiber optic,Yes,Yes,Yes,No,Yes,No,Month-to-month,Yes,Electronic check,65.81,1647.45,Yes
TC-04187,Female,0,Yes,No,5,No,No phone service,Fiber optic,No,Yes,Yes,Yes,No,Yes,Month-to-month,No,Electronic check,30.29,115.06,Yes
TC-04188,Female,0,No,No,53,Yes,Yes,No,No internet service,No internet service,No internet service,No internet service,No internet service,No internet service,One year,No,Mailed check,110.94,5838.24,No
TC-04189,Female,0,Yes,No,38,Yes,Yes,Fiber optic,No,Yes,Yes,Yes,Yes,Yes,One year,No,Mailed check,97.22,3706.86,No
TC-04190,Female,0,No,No,3,Yes,No,No,No internet service,No internet service,No internet service,No internet service,No internet service,No internet service,One year,Yes,Electronic check,96.11,263.14,No
TC-04191,Female,0,No,Yes,57,Yes,Yes,DSL,Yes,No,No,Yes,Yes,Yes,Two year,Yes,Bank transfer (automatic),87.69,5017.79,No
TC-04192,Male,0,Yes,No,47,Yes,No,Fiber optic,No,No,Yes,No,Yes,No,Two year,No,Credit card (automatic),20.13,922.42,Yes
TC-04193,Female,0,Yes,Yes,59,Yes,No,Fiber optic,No,No,No,No,No,Yes,Month-to-month,Yes,Electronic check,68.46,4024.87,Yes
TC-04194,Male,0,No,No,25,Yes,No,DSL,No,Yes,Yes,No,Yes,Yes,One year,No,Electronic check,93.1,2348.98,No
TC-04195,Male,0,Yes,No,39,Yes,No,DSL,Yes,Yes,No,No,No,No,Month-to-month,No,Electronic check,39.67,1518.78,No
TC-04196,Female,0,No,Yes,55,Yes,No,Fiber optic,No,No,Yes,Yes,Yes,Yes,Month-to-month,No,Bank transfer (automatic),79.53,4356.12,No
TC-04197,Male,0,Yes,Yes,38,Yes,No,Fiber optic,No,No,No,Yes,Yes,No,One year,No,Credit card (automatic),110.95,4242.53,Yes
TC-04198,Male,0,No,No,38,Yes,Yes,DSL,Yes,Yes,No,Yes,No,No,One year,Yes,Credit card (automatic),93.29,3547.35,No
TC-04199,Male,0,Yes,No,47,Yes,Yes,Fiber optic,No,No,Yes,No,Yes,Yes,Month-to-month,Yes,Electronic check,72.76,3387.73,No
TC-04200,Male,0,Yes,No,24,Yes,No,DSL,No,Yes,Yes,No,Yes,No,Two year,No,Mailed check,48.99,1151.66,No
TC-04201,Female,0,No,Yes,33,Yes,No,No,No internet service,No internet service,No internet service,No internet service,No internet service,No internet service,One year,Yes,Mailed check,81.65,2746.57,No
TC-04202,Female,0,No,No,20,Yes,No,Fiber optic,Yes,No,Yes,Yes,Yes,Yes,Month-to-month,No,Bank transfer (automatic),89.44,1804.32,No
TC-04203,Female,0,No,No,24,Yes,Yes,DSL,No,Yes,Yes,Yes,Yes,No,Month-to-month,No,Mailed check,81.78,1944.65,Yes
TC-04204,Female,1,Yes,Yes,21,Yes,No,Fiber optic,No,No,No,Yes,Yes,No,One year,No,Bank transfer (automatic),93.54,2007.63,No
TC-04205,Female,0,Yes,No,22,Yes,Yes,No,No internet service,No internet service,No internet service,No internet service,No internet service,No internet service,One year,No,Mailed check,45.92,1032.05,No
TC-04206,Female,0,Yes,No,24,Yes,Yes,No,No internet service,No internet service,No internet service,No internet service,No internet service,No internet service,Two year,Yes,Electronic check,68.78,1718.46,No
TC-04207,Female,0,Yes,No,25,Yes,No,Fiber optic,No,No,No,Yes,Yes,No,Month-to-month,No,Bank transfer (automatic),72.87,1866.04,No
TC-04208,Female,0,No,No,29,Yes,Yes,Fiber optic,No,Yes,Yes,Yes,No,Yes,Month-to-month,Yes,Mailed check,26.99,841.03,No
TC-04209,Female,0,No,No,37,Yes,Yes,No,No internet service,No internet service,No internet service,No internet service,No internet service,No internet service,Two year,Yes,Electronic check,35.65,1302.04,No
TC-04210,Female,0,Yes,No,33,Yes,Yes,No,No internet service,No internet service,No internet service,No internet service,No internet service,No internet service,Two year,No,Bank transfer (automatic),48.66,1561.34,No
TC-04211,Male,1,Yes,Yes,14,Yes,No,DSL,Yes,No,Yes,Yes,No,No,Month-to-month,Yes,Bank transfer (automatic),22.78,357.51,Yes
TC-04212,Female,0,Yes,No,43,Yes,Yes,Fiber optic,Yes,Yes,Yes,No,No,Yes,One year,No,Mailed check,41.36,1817.55,No
TC-04213,Male,0,No,Yes,9,Yes,No,Fiber optic,No,No,Yes,No,Yes,Yes,Two year,Yes,Mailed check,70.22,626.75,No
TC-04214,Male,1,No,No,36,Yes,Yes,DSL,No,Yes,No,No,Yes,No,Month-to-month,Yes,Electronic check,72.17,2545.95,Yes
TC-04215,Male,0,Yes,No,6,No,No phone service,No,No internet service,No internet service,No internet service,No internet service,No internet service,No internet service,Two year,Yes,Credit card (automatic),42.94,272.99,No
TC-04216,Male,0,No,Yes,31,Yes,Yes,Fiber optic,No,No,No,No,No,No,Two year,No,Bank transfer (automatic),112.65,3511.57,Yes
TC-04217,Female,0,Yes,Yes,10,Yes,Yes,Fiber optic,Yes,No,Yes,Yes,Yes,No,Two year,No,Electronic check,64.72,579.31,No
TC-04218,Male,0,Yes,No,47,Yes,Yes,DSL,Yes,Yes,No,Yes,No,No,Two year,No,Electronic check,81.73,3860.02,No
TC-04219,Female,0,No,No,67,Yes,No,DSL,No,No,Yes,No,No,Yes,Month-to-month,Yes,Mailed check,21.04,1467.21,No
TC-04220,Female,0,No,No,47,Yes,No,DSL,Yes,No,No,No,Yes,No,Month-to-month,Yes,Mailed check,57.92,2656.55,No
TC-04221,Male,0,No,No,44,Yes,Yes,No,No internet service,No internet service,No internet service,No internet service,No internet service,No internet service,Month-to-month,Yes,Credit card (automatic),72.21,3203.7,No
TC-04222,Female,0,No,No,32,Yes,Yes,Fiber optic,Yes,No,Yes,No,No,Yes,Month-to-month,Yes,Mailed check,49.23,1640.88,Yes
TC-04223,Male,1,Yes,No,3,Yes,Yes,DSL,Yes,No,No,Yes,No,Yes,Month-to-month,No,Mailed check,35.14,174.06,No
TC-04224,Male,0,No,Yes,46,Yes,Yes,DSL,Yes,No,No,No,No,No,One year,Yes,Bank transfer (automatic),38.11,1659.34,No
TC-04225,Female,0,No,No,52,Yes,No,Fiber optic,No,Yes,No,Yes,Yes,No,Two year,Yes,Electronic check,64.66,3416.7,No
TC-04226,Female,0,No,No,30,Yes,No,Fiber optic,No,No,No,No,Yes,No,Month-to-month,Yes,Bank transfer (automatic),25.1,737.32,Yes
TC-04227,Male,0,No,No,30,Yes,Yes,Fiber optic,Yes,No,No,No,No,No,Month-to-month,No,Electronic check,41.45,1222.02,No
TC-04228,Female,1,Yes,Yes,26,Yes,No,No,No internet service,No internet service,No internet service,No internet service,No internet service,No internet service,Month-to-month,No,Bank transfer (automatic),89.95,2464.32,Yes
TC-04229,Female,0,Yes,No,47,Yes,Yes,Fiber optic,Yes,Yes,Yes,No,No,No,Two year,Yes,Electronic check,39.47,1866.09,No
TC-04230,Female,0,No,No,35,Yes,Yes,Fiber optic,Yes,No,No,No,Yes,No,Month-to-month,No,Bank transfer (automatic),29.69,1020.01,No
TC-04231,Male,0,No,Yes,48,Yes,No,Fiber optic,No,Yes,Yes,Yes,Yes,No,Month-to-month,Yes,Mailed check,26.38,1306.2,No
TC-04232,Male,1,Yes,No,30,Yes,No,Fiber optic,Yes,No,No,No,Yes,Yes,Month-to-month,No,Mailed check,116.87,3590.38,Yes
TC-04233,Female,0,Yes,No,43,Yes,Yes,Fiber optic,Yes,Yes,No,No,Yes,Yes,Month-to-month,Yes,Electronic check,26.69,1156.34,Yes
TC-04234,Female,0,No,Yes,58,Yes,Yes,Fiber optic,Yes,Yes,No,Yes,Yes,No,Two year,No,Electronic check,61.35,3531.62,No
TC-04235,Female,0,Yes,Yes,22,Yes,Yes,Fiber optic,No,Yes,No,No,Yes,No,Month-to-month,Yes,Electronic check,69.11,1524.98,No
TC-04236,Female,1,Yes,No,67,Yes,No,DSL,Yes,Yes,No,No,No,Yes,Month-to-month,Yes,Mailed check,114.46,7723.36,No
TC-04237,Female,0,Yes,No,41,Yes,Yes,Fiber optic,Yes,Yes,Yes,Yes,Yes,Yes,One year,No,Credit card (automatic),107.11,4375.97,No
TC-04238,Male,0,Yes,Yes,41,No,No phone service,DSL,Yes,No,Yes,Yes,No,No,One year,No,Electronic check,41.77,1767.16,No
TC-04239,Female,0,No,Yes,12,Yes,Yes,DSL,Yes,No,No,No,No,No,One year,Yes,Electronic check,26.47,310.62,No
TC-04240,Male,0,Yes,No,0,Yes,No,Fiber optic,Yes,No,Yes,No,Yes,Yes,Two year,No,Mailed check,61.79,61.79,Yes
TC-04241,Female,0,Yes,No,52,Yes,No,Fiber optic,Yes,Yes,Yes,No,No,Yes,Two year,No,Bank transfer (automatic),28.09,1536.68,No
TC-04242,Male,1,No,Yes,39,Yes,No,DSL,No,Yes,No,No,No,No,Month-to-month,Yes,Electronic check,105.11,4116.05,No
TC-04243,Female,1,No,Yes,45,No,No phone service,DSL,No,No,No,Yes,Yes,Yes,Two year,Yes,Electronic check,88.38,4029.8,No
TC-04244,Male,1,No,No,21,Yes,Yes,Fiber optic,Yes,No,No,Yes,Yes,Yes,Two year,Yes,Electronic check,112.38,2375.1,No
TC-04245,Female,0,Yes,No,51,Yes,Yes,DSL,No,No,Yes,Yes,Yes,Yes,Two year,Yes,Mailed check,74.95,3824.31,No
TC-04246,Male,0,No,No,27,No,No phone service,No,No internet service,No internet service,No internet service,No internet service,No internet service,No internet service,Month-to-month,Yes,Bank transfer (automatic),54.44,1506.72,No
TC-04247,Male,1,Yes,No,52,Yes,No,No,No internet service,No internet service,No internet service,No internet service,No internet service,No internet service,One year,No,Mailed check,68.06,3531.42,No
TC-04248,Male,0,No,No,62,Yes,No,No,No internet service,No internet service,No internet service,No internet service,No internet service,No internet service,Month-to-month,No,Credit card (automatic),34.08,2203.63,No
TC-04249,Male,0,Yes,No,16,Yes,No,Fiber optic,Yes,Yes,No,Yes,Yes,Yes,Two year,Yes,Credit card (automatic),64.31,1027.44,No
TC-04250,Male,0,No,No,63,Yes,No,No,No internet service,No internet service,No internet service,No internet service,No internet service,No internet service,Month-to-month,Yes,Mailed check,117.87,7516.75,No
TC-04251,Male,1,No,No,5,Yes,No,Fiber optic,No,Yes,Yes,Yes,No,Yes,Two year,Yes,Bank transfer (automatic),87.05,465.48,Yes
TC-04252,Female,0,Yes,Yes,13,Yes,No,DSL,Yes,No,No,Yes,Yes,No,One year,No,Mailed check,24.24,196.06,No
TC-04253,Male,1,No,No,16,No,No phone service,Fiber optic,Yes,Yes,No,Yes,No,No,One year,No,Electronic check,90.57,1399.63,No
TC-04254,Female,0,No,No,37,Yes,No,Fiber optic,Yes,No,No,Yes,No,No,Two year,No,Electronic check,28.07,1081.07,No
TC-04255,Female,0,No,No,68,Yes,No,Fiber optic,No,Yes,Yes,Yes,Yes,Yes,Two year,Yes,Mailed check,57.06,3834.16,No
TC-04256,Female,0,No,No,12,Yes,No,No,No internet service,No internet service,No internet service,No internet service,No internet service,No internet service,Month-to-month,No,Bank transfer (automatic),96.63,1091.74,No
TC-04257,Female,0,No,No,52,Yes,No,Fiber optic,No,Yes,No,Yes,No,Yes,Month-to-month,Yes,Electronic check,30.81,1666.33,No
TC-04258,Female,0,Yes,No,8,Yes,No,Fiber optic,Yes,Yes,Yes,Yes,Yes,No,One year,No,Bank transfer (automatic),47.27,298.75,No
TC-04259,Male,1,Yes,No,43,No,No phone service,DSL,No,Yes,Yes,Yes,Yes,No,Month-to-month,Yes,Credit card (automatic),37.53,1652.69,No
TC-04260,Male,0,No,No,25,Yes,No,No,No internet service,No internet service,No internet service,No internet service,No internet service,No internet service,Month-to-month,Yes,Credit card (automatic),105.01,2607.09,No
TC-04261,Male,0,No,No,18,Yes,No,DSL,Yes,No,Yes,No,Yes,No,Month-to-month,No,Bank transfer (automatic),32.79,625.34,Yes
TC-04262,Female,0,Yes,No,47,Yes,No,No,No internet service,No internet service,No internet service,No internet service,No internet service,No internet service,Month-to-month,Yes,Credit card (automatic),71.58,3377.59,No
TC-04263,Male,0,Yes,No,29,Yes,Yes,Fiber optic,No,No,Yes,Yes,Yes,No,Month-to-month,Yes,Electronic check,45.53,1216.71,No
TC-04264,Male,0,No,Yes,31,Yes,No,Fiber optic,Yes,Yes,Yes,Yes,No,Yes,One year,No,Electronic check,68.73,2114.88,Yes
TC-04265,Male,0,Yes,Yes,68,Yes,No,DSL,No,No,Yes,Yes,Yes,No,One year,Yes,Credit card (automatic),34.74,2350.11,No
TC-04266,Male,1,No,No,10,Yes,Yes,Fiber optic,Yes,No,No,Yes,Yes,No,Two year,Yes,Electronic check,93.76,958.05,No
TC-04267,Male,0,No,No,25,Yes,No,No,No internet service,No internet service,No internet service,No internet service,No internet service,No internet service,Month-to-month,No,Electronic check,82.31,2073.68,Yes
TC-04268,Female,0,No,No,25,Yes,No,DSL,Yes,No,Yes,No,No,Yes,Month-to-month,No,Electronic check,22.34,546.24,Yes
TC-04269,Male,0,No,Yes,16,Yes,Yes,DSL,Yes,Yes,Yes,Yes,No,No,Month-to-month,Yes,Credit card (automatic),112.76,1747.45,Yes
TC-04270,Female,0,Yes,No,43,No,No phone service,DSL,Yes,Yes,No,Yes,No,No,One year,Yes,Credit card (automatic),107.3,4637.96,No
TC-04271,Female,1,Yes,Yes,22,No,No phone service,Fiber optic,Yes,Yes,Yes,Yes,Yes,Yes,Month-to-month,No,Mailed check,47.78,1094.72,No
TC-04272,Female,0,Yes,No,24,Yes,No,Fiber optic,No,Yes,No,Yes,No,Yes,Two year,No,Credit card (automatic),47.19,1149.1,No
TC-04273,Female,1,No,Yes,36,No,No phone service,Fiber optic,Yes,Yes,No,Yes,Yes,Yes,Two year,No,Credit card (automatic),67.92,2434.15,No
TC-04274,Female,0,Yes,Yes,64,Yes,No,No,No internet service,No internet service,No internet service,No internet service,No internet service,No internet service,One year,Yes,Mailed check,79.91,5095.72,No
TC-04275,Male,0,No,Yes,1,Yes,No,No,No internet service,No internet service,No internet service,No internet service,No internet service,No internet service,Month-to-month,Yes,Mailed check,47.1,1.21,No
TC-04276,Male,1,No,No,31,Yes,No,No,No internet service,No internet service,No internet service,No internet service,No internet service,No internet service,Month-to-month,No,Electronic check,97.54,3036.16,Yes
TC-04277,Male,0,Yes,No,54,Yes,Yes,Fiber optic,Yes,No,Yes,Yes,Yes,No,Month-to-month,No,Bank transfer (automatic),25.85,1405.49,No
TC-04278,Female,0,No,Yes,49,Yes,No,DSL,Yes,No,Yes,Yes,Yes,No,Month-to-month,Yes,Mailed check,57.78,2873.03,No
TC-04279,Male,0,No,No,64,Yes,Yes,Fiber optic,No,Yes,No,Yes,Yes,No,Month-to-month,Yes,Bank transfer (automatic),73.58,4677.97,No
TC-04280,Male,0,No,Yes,31,Yes,No,DSL,No,Yes,No,No,Yes,Yes,Month-to-month,Yes,Credit card (automatic),97.97,3043.03,No
TC-04281,Female,0,Yes,No,36,Yes,Yes,DSL,Yes,Yes,Yes,No,Yes,No,Month-to-month,No,Electronic check,105.18,3720.68,No
TC-04282,Female,0,No,No,12,Yes,Yes,Fiber optic,No,Yes,Yes,Yes,Yes,Yes,Two year,No,Electronic check,42.44,492.31,No
TC-04283,Female,0,Yes,No,53,Yes,No,No,No internet service,No internet service,No internet service,No internet service,No internet service,No internet service,Month-to-month,Yes,Mailed check,42.11,2203.74,No
TC-04284,Female,0,No,No,2,No,No phone service,Fiber optic,Yes,Yes,No,No,No,Yes,Two year,No,Bank transfer (automatic),54.83,162.54,No
TC-04285,Male,1,Yes,No,41,Yes,No,No,No internet service,No internet service,No internet service,No internet service,No internet service,No internet service,Month-to-month,Yes,Bank transfer (automatic),60.76,2576.48,No
TC-04286,Female,0,No,No,39,Yes,No,DSL,Yes,Yes,No,No,Yes,No,Month-to-month,Yes,Bank transfer (automatic),102.84,3951.94,No
TC-04287,Female,0,Yes,No,65,Yes,Yes,Fiber optic,No,Yes,Yes,No,No,No,Month-to-month,Yes,Bank transfer (automatic),18.76,1264.78,No
TC-04288,Male,1,Yes,No,59,Yes,Yes,No,No internet service,No internet service,No internet service,No internet service,No internet service,No internet service,Two year,Yes,Bank transfer (automatic),86.5,5137.53,No
TC-04289,Male,0,No,Yes,10,Yes,No,Fiber optic,Yes,Yes,No,No,No,No,Month-to-month,No,Electronic check,40.01,372.65,No
TC-04290,Female,0,No,No,0,Yes,No,Fiber optic,No,Yes,No,Yes,No,Yes,Month-to-month,No,Bank transfer (automatic),106.24,106.24,Yes
TC-04291,Male,0,No,No,25,Yes,No,No,No internet service,No internet service,No internet service,No internet service,No internet service,No internet service,Month-to-month,No,Bank transfer (automatic),49.73,1205.03,No
TC-04292,Female,0,No,No,41,Yes,No,Fiber optic,No,Yes,No,Yes,Yes,Yes,Two year,No,Bank transfer (automatic),71.76,2923.29,No
TC-04293,Female,0,Yes,No,61,Yes,Yes,No,No internet service,No internet service,No internet service,No internet service,No internet service,No internet service,Month-to-month,Yes,Mailed check,50.9,3086.96,Yes
TC-04294,Male,0,No,No,60,Yes,No,DSL,Yes,Yes,Yes,Yes,Yes,Yes,Month-to-month,Yes,Credit card (automatic),60.53,3624.16,No
TC-04295,Male,0,Yes,Yes,61,No,No phone service,No,No internet service,No internet service,No internet service,No internet service,No internet service,No internet service,Two year,Yes,Electronic check,70.22,4257.92,No
TC-04296,Female,0,No,Yes,11,Yes,No,DSL,Yes,Yes,No,Yes,No,Yes,Month-to-month,No,Credit card (automatic),92.75,1060.55,Yes
TC-04297,Female,0,Yes,No,26,Yes,No,DSL,No,No,Yes,No,No,Yes,Two year,No,Mailed check,30.08,807.52,Yes
TC-04298,Female,0,Yes,No,66,No,No phone service,Fiber optic,No,Yes,No,Yes,Yes,Yes,Month-to-month,Yes,Credit card (automatic),53.22,3503.86,No
TC-04299,Male,0,Yes,No,27,Yes,Yes,Fiber optic,No,No,No,No,Yes,No,Month-to-month,Yes,Mailed check,81.96,2185.95,No
TC-04300,Female,1,No,No,65,Yes,Yes,Fiber optic,No,No,Yes,No,No,No,Month-to-month,Yes,Mailed check,76.88,4968.89,Yes
TC-04301,Female,0,No,No,27,Yes,Yes,No,No internet service,No internet service,No internet service,No internet service,No internet service,No internet service,Month-to-month,No,Credit card (automatic),96.08,2616.1,Yes
TC-04302,Female,0,Yes,Yes,20,Yes,No,No,No internet service,No internet service,No internet service,No internet service,No internet service,No internet service,Two year,No,Mailed check,106.91,2141.01,No
TC-04303,Female,0,Yes,No,6,Yes,No,DSL,No,No,No,No,Yes,No,Month-to-month,Yes,Mailed check,27.41,174.4,Yes
TC-04304,Female,1,Yes,No,13,Yes,Yes,Fiber optic,No,No,No,No,Yes,No,Month-to-month,Yes,Electronic check,89.38,1204.86,Yes
TC-04305,Male,1,Yes,Yes,38,Yes,No,Fiber optic,No,No,Yes,Yes,Yes,Yes,Month-to-month,No,Credit card (automatic),46.4,1760.48,No
TC-04306,Female,0,Yes,No,61,Yes,Yes,DSL,No,Yes,No,Yes,Yes,Yes,Month-to-month,Yes,Bank transfer (automatic),66.14,4103.05,No
TC-04307,Female,0,No,Yes,11,Yes,Yes,Fiber optic,Yes,Yes,Yes,No,No,Yes,Month-to-month,Yes,Mailed check,80.78,788.46,Yes
TC-04308,Female,0,Yes,No,37,Yes,No,DSL,No,No,No,Yes,Yes,No,Month-to-month,Yes,Electronic check,33.06,1157.46,Yes
TC-04309,Female,0,No,Yes,57,Yes,Yes,No,No internet service,No internet service,No internet service,No internet service,No internet service,No internet service,Month-to-month,No,Mailed check,52.66,3092.12,No
TC-04310,Male,0,No,No,55,Yes,No,Fiber optic,Yes,Yes,No,Yes,Yes,No,Month-to-month,Yes,Credit card (automatic),115.61,6338.66,No
TC-04311,Male,0,No,No,38,Yes,No,Fiber optic,No,No,No,No,Yes,No,Month-to-month,Yes,Bank transfer (automatic),31.63,1216.75,No
TC-04312,Male,0,Yes,No,3,Yes,Yes,No,No internet service,No internet service,No internet service,No internet service,No internet service,No internet service,Month-to-month,Yes,Mailed check,26.33,141.65,No
TC-04313,Female,0,Yes,No,47,Yes,No,DSL,No,No,Yes,Yes,Yes,No,Month-to-month,Yes,Electronic check,101.68,4796.12,No
TC-04314,Female,0,Yes,Yes,6,Yes,Yes,Fiber optic,No,Yes,No,No,No,No,Two year,Yes,Credit card (automatic),61.06,412.01,No
TC-04315,Male,0,Yes,No,59,Yes,Yes,DSL,Yes,No,No,No,Yes,Yes,Two year,No,Credit card (automatic),85.48,5074.1,No
TC-04316,Male,1,No,No,39,Yes,Yes,Fiber optic,Yes,Yes,Yes,No,Yes,No,Month-to-month,Yes,Bank transfer (automatic),48.57,1943.38,No
TC-04317,Male,0,No,No,7,Yes,No,Fiber optic,No,Yes,Yes,No,Yes,No,Month-to-month,Yes,Bank transfer (automatic),37.84,289.53,Yes
TC-04318,Female,0,No,No,57,Yes,Yes,DSL,No,No,No,Yes,No,No,Month-to-month,No,Bank transfer (automatic),39.25,2273.81,No
TC-04319,Female,0,Yes,Yes,56,Yes,No,Fiber optic,No,No,Yes,No,No,Yes,One year,No,Credit card (automatic),37.56,2074.36,No
TC-04320,Male,0,Yes,Yes,34,Yes,Yes,Fiber optic,No,No,No,No,No,No,One year,Yes,Bank transfer (automatic),42.7,1477.95,Yes
TC-04321,Male,0,Yes,No,12,Yes,No,Fiber optic,Yes,Yes,No,Yes,Yes,Yes,One year,Yes,Bank transfer (automatic),40.12,479.42,No
TC-04322,Male,0,Yes,No,38,Yes,Yes,No,No internet service,No internet service,No internet service,No internet service,No internet service,No internet service,One year,Yes,Credit card (automatic),99.37,3771.71,No
TC-04323,Female,0,Yes,No,20,Yes,Yes,Fiber optic,No,Yes,Yes,No,No,Yes,Month-to-month,No,Mailed check,71.33,1342.64,No
TC-04324,Female,1,Yes,No,46,Yes,No,Fiber optic,Yes,Yes,No,No,No,Yes,Two year,No,Electronic check,47.65,2170.82,No
TC-04325,Female,0,No,No,1,Yes,Yes,Fiber optic,Yes,Yes,Yes,No,No,Yes,Two year,No,Electronic check,52.51,45.79,Yes
TC-04326,Male,1,No,No,43,Yes,Yes,Fiber optic,Yes,Yes,Yes,No,Yes,Yes,One year,No,Electronic check,113.78,4970.32,No
TC-04327,Male,0,Yes,No,29,No,No phone service,Fiber optic,No,Yes,Yes,Yes,No,No,Month-to-month,Yes,Mailed check,36.39,1041.34,Yes
TC-04328,Female,1,No,No,54,Yes,No,No,No internet service,No internet service,No internet service,No internet service,No internet service,No internet service,One year,Yes,Credit card (automatic),106.68,5774.86,No
TC-04329,Male,0,No,No,39,Yes,Yes,DSL,Yes,Yes,No,Yes,No,No,One year,Yes,Credit card (automatic),91.68,3644.29,No
TC-04330,Female,0,No,No,23,Yes,Yes,DSL,No,Yes,No,No,No,Yes,Two year,No,Electronic check,79.35,1763.17,No
TC-04331,Male,0,No,Yes,41,Yes,No,Fiber optic,No,No,Yes,Yes,Yes,Yes,One year,No,Mailed check,80.41,3277.66,No
TC-04332,Male,0,Yes,No,27,Yes,Yes,DSL,Yes,No,Yes,Yes,No,Yes,Two year,No,Bank transfer (automatic),60.29,1671.81,No
TC-04333,Male,0,No,No,50,Yes,No,DSL,Yes,No,No,Yes,No,No,Two year,Yes,Bank transfer (automatic),61.89,3217.97,No
TC-04334,Male,0,Yes,No,21,Yes,No,DSL,No,No,Yes,Yes,Yes,Yes,Month-to-month,No,Bank transfer (automatic),97.61,1950.56,Yes
TC-04335,Female,0,Yes,No,7,Yes,Yes,No,No internet service,No internet service,No internet service,No internet service,No internet service,No internet service,Month-to-month,No,Electronic check,99.09,687.77,Yes
TC-04336,Male,0,No,Yes,13,Yes,No,DSL,Yes,Yes,Yes,No,No,Yes,Month-to-month,No,Electronic check,75.12,1007.97,No
TC-04337,Female,0,Yes,No,44,Yes,No,DSL,No,No,Yes,Yes,No,No,One year,No,Credit card (automatic),94.86,4215.89,No
TC-04338,Female,1,No,No,37,Yes,Yes,Fiber optic,No,No,Yes,Yes,Yes,No,One year,Yes,Electronic check,99.01,3775.68,No
TC-04339,Female,0,Yes,Yes,31,Yes,Yes,No,No internet service,No internet service,No internet service,No internet service,No internet service,No internet service,Month-to-month,No,Electronic check,51.21,1555.25,Yes
TC-04340,Male,0,Yes,No,61,Yes,Yes,Fiber optic,No,Yes,No,No,Yes,Yes,One year,No,Bank transfer (automatic),80.34,4888.99,Yes
TC-04341,Female,0,No,No,66,Yes,Yes,No,No internet service,No internet service,No internet service,No internet service,No internet service,No internet service,Two year,No,Mailed check,61.58,3982.88,Yes
TC-04342,Female,0,No,No,60,Yes,No,No,No internet service,No internet service,No internet service,No internet service,No internet service,No internet service,Month-to-month,Yes,Credit card (automatic),27.81,1675.01,Yes
TC-04343,Female,0,Yes,No,12,Yes,No,Fiber optic,No,No,No,Yes,Yes,Yes,Month-to-month,Yes,Mailed check,82.85,1019.76,No
TC-04344,Male,0,No,Yes,46,Yes,No,DSL,No,No,Yes,No,No,No,One year,No,Electronic check,76.75,3635.1,No
TC-04345,Male,0,Yes,No,53,Yes,Yes,Fiber optic,No,Yes,Yes,No,Yes,Yes,Month-to-month,Yes,Bank transfer (automatic),28.26,1582.98,No
TC-04346,Female,0,No,No,70,Yes,No,Fiber optic,Yes,No,No,Yes,No,No,Two year,Yes,Credit card (automatic),25.08,1831.41,No
TC-04347,Male,1,Yes,Yes,51,Yes,Yes,DSL,No,No,No,No,Yes,Yes,One year,Yes,Bank transfer (automatic),42.96,2156.19,No
TC-04348,Female,0,Yes,No,71,Yes,No,No,No internet service,No internet service,No internet service,No internet service,No internet service,No internet service,Month-to-month,No,Mailed check,101.34,7216.46,No
TC-04349,Female,0,Yes,No,24,Yes,Yes,Fiber optic,Yes,No,No,No,No,No,Two year,No,Bank transfer (automatic),24.37,604.34,No
TC-04350,Male,0,Yes,Yes,22,Yes,Yes,No,No internet service,No internet service,No internet service,No internet service,No internet service,No internet service,Month-to-month,Yes,Electronic check,64.04,1432.24,Yes
TC-04351,Female,0,Yes,No,29,Yes,No,Fiber optic,No,Yes,No,No,No,Yes,Month-to-month,Yes,Bank transfer (automatic),35.9,1038.97,No
TC-04352,Male,0,No,No,10,Yes,Yes,Fiber optic,No,Yes,Yes,No,Yes,Yes,Month-to-month,Yes,Mailed check,43.36,490.15,Yes
TC-04353,Male,0,Yes,No,34,Yes,No,No,No internet service,No internet service,No internet service,No internet service,No internet service,No internet service,Month-to-month,Yes,Mailed check,94.99,3211.86,Yes
TC-04354,Female,1,No,No,26,Yes,No,No,No internet service,No internet service,No internet service,No internet service,No internet service,No internet service,Month-to-month,No,Electronic check,103.06,2696.03,No
TC-04355,Male,0,No,No,66,Yes,No,Fiber optic,Yes,No,No,No,No,No,Month-to-month,Yes,Electronic check,76.03,5090.64,No
TC-04356,Male,0,Yes,Yes,46,Yes,No,No,No internet service,No internet service,No internet service,No internet service,No internet service,No internet service,Two year,No,Credit card (automatic),104.32,4906.4,No
TC-04357,Female,0,Yes,No,49,Yes,Yes,DSL,No,Yes,No,No,Yes,Yes,Two year,Yes,Mailed check,103.69,5039.37,No
TC-04358,Female,0,No,Yes,7,Yes,No,Fiber optic,Yes,No,Yes,No,Yes,Yes,One year,Yes,Electronic check,40.15,308.58,No
TC-04359,Male,0,Yes,No,54,Yes,No,DSL,Yes,Yes,No,Yes,No,Yes,One year,Yes,Credit card (automatic),82.5,4477.72,No
TC-04360,Male,0,Yes,Yes,41,No,No phone service,No,No internet service,No internet service,No internet service,No internet service,No internet service,No internet service,Month-to-month,Yes,Credit card (automatic),95.83,3990.02,No
TC-04361,Female,0,No,No,66,No,No phone service,Fiber optic,Yes,No,Yes,Yes,No,Yes,One year,Yes,Credit card (automatic),74.11,4972.94,No
TC-04362,Male,0,No,No,19,Yes,No,DSL,Yes,No,Yes,No,No,Yes,Month-to-month,No,Credit card (automatic),98.58,1856.35,No
TC-04363,Male,0,No,Yes,44,Yes,Yes,DSL,No,No,No,No,No,Yes,Month-to-month,Yes,Mailed check,80.88,3554.94,Yes
TC-04364,Male,0,No,No,34,No,No phone service,Fiber optic,Yes,No,No,Yes,No,Yes,Month-to-month,Yes,Mailed check,46.45,1582.96,Yes
TC-04365,Male,0,No,Yes,19,Yes,No,Fiber optic,No,No,Yes,Yes,Yes,No,Two year,No,Electronic check,86.56,1668.57,Yes
TC-04366,Male,0,No,No,23,Yes,No,DSL,No,Yes,Yes,No,Yes,No,Two year,Yes,Bank transfer (automatic),76.8,1807.74,No
TC-04367,Male,1,Yes,No,56,No,No phone service,No,No internet service,No internet service,No internet service,No internet service,No internet service,No internet service,Month-to-month,No,Mailed check,80.5,4489.23,Yes
TC-04368,Male,0,No,Yes,54,Yes,No,No,No internet service,No internet service,No internet service,No internet service,No internet service,No internet service,Month-to-month,Yes,Mailed check,27.53,1579.47,No
TC-04369,Female,0,No,No,8,No,No phone service,Fiber optic,No,No,Yes,Yes,No,No,Two year,No,Credit card (automatic),30.57,153.1,No
TC-04370,Female,0,Yes,Yes,15,Yes,Yes,DSL,Yes,No,No,No,No,No,One year,Yes,Mailed check,99.47,1432.34,No
TC-04371,Female,0,Yes,Yes,54,Yes,No,No,No internet service,No internet service,No internet service,No internet service,No internet service,No internet service,One year,No,Electronic check,61.13,3331.4,No
TC-04372,Female,0,Yes,No,71,Yes,No,No,No internet service,No internet service,No internet service,No internet service,No internet service,No internet service,Month-to-month,Yes,Bank transfer (automatic),39.53,2798.42,No
TC-04373,Female,0,Yes,No,57,Yes,No,DSL,Yes,Yes,No,Yes,Yes,No,Month-to-month,Yes,Electronic check,27.27,1526.09,No
TC-04374,Male,0,Yes,No,63,Yes,Yes,Fiber optic,Yes,Yes,No,No,Yes,No,Month-to-month,No,Mailed check,44.29,2838.24,Yes
TC-04375,Male,1,Yes,Yes,48,Yes,No,No,No internet service,No internet service,No internet service,No internet service,No internet service,No internet service,Month-to-month,Yes,Credit card (automatic),47.52,2321.59,No
TC-04376,Male,1,No,No,28,Yes,Yes,Fiber optic,No,Yes,No,Yes,Yes,Yes,Two year,Yes,Electronic check,116.3,3318.86,No
TC-04377,Male,0,Yes,No,6,Yes,No,No,No internet service,No internet service,No internet service,No internet service,No internet service,No internet service,Two year,Yes,Bank transfer (automatic),101.45,556.92,No
TC-04378,Female,0,Yes,Yes,68,Yes,No,No,No internet service,No internet service,No internet service,No internet service,No internet service,No internet service,Month-to-month,Yes,Credit card (automatic),25.85,1798.43,No
TC-04379,Male,0,Yes,No,1,Yes,No,Fiber optic,Yes,Yes,Yes,Yes,No,No,Month-to-month,No,Credit card (automatic),92.84,132.95,Yes
TC-04380,Male,0,Yes,No,32,Yes,Yes,No,No internet service,No internet service,No internet service,No internet service,No internet service,No internet service,Month-to-month,Yes,Electronic check,74.39,2330.11,No
TC-04381,Female,0,No,No,47,Yes,No,DSL,No,Yes,No,No,Yes,No,Two year,Yes,Electronic check,40.85,1921.92,No
TC-04382,Male,0,Yes,Yes,36,Yes,Yes,DSL,Yes,Yes,Yes,No,Yes,No,Month-to-month,Yes,Credit card (automatic),92.66,3384.2,Yes
TC-04383,Male,0,Yes,No,29,Yes,No,DSL,No,No,Yes,No,No,Yes,Two year,Yes,Bank transfer (automatic),21.02,676.69,No
TC-04384,Female,0,No,Yes,40,Yes,Yes,Fiber optic,No,No,No,Yes,No,No,Two year,No,Mailed check,91.15,3638.66,No
TC-04385,Male,0,No,No,3,No,No phone service,DSL,Yes,Yes,Yes,Yes,No,No,Two year,Yes,Mailed check,107.53,267.65,No
TC-04386,Male,0,No,No,38,Yes,No,Fiber optic,Yes,Yes,No,No,No,Yes,Month-to-month,Yes,Electronic check,106.26,4114.49,No
TC-04387,Male,0,Yes,No,23,Yes,Yes,DSL,Yes,Yes,No,No,Yes,No,Two year,No,Electronic check,95.23,2192.28,No
TC-04388,Male,0,No,No,49,Yes,No,Fiber optic,Yes,No,Yes,Yes,No,No,One year,No,Electronic check,111.47,5367.58,No
TC-04389,Male,0,No,No,36,Yes,No,No,No internet service,No internet service,No internet service,No internet service,No internet service,No internet service,Two year,Yes,Electronic check,88.73,3182.3,No
TC-04390,Female,0,No,No,52,Yes,No,Fiber optic,Yes,No,No,No,No,Yes,One year,Yes,Bank transfer (automatic),86.67,4563.48,No
TC-04391,Female,0,Yes,No,24,Yes,No,No,No internet service,No internet service,No internet service,No internet service,No internet service,No internet service,Month-to-month,Yes,Mailed check,20.62,433.91,No
TC-04392,Female,0,Yes,Yes,30,Yes,Yes,DSL,Yes,No,Yes,No,No,Yes,Two year,Yes,Credit card (automatic),35.42,1068.46,No
TC-04393,Female,0,No,No,37,No,No phone service,Fiber optic,Yes,No,Yes,No,Yes,Yes,Two year,Yes,Mailed check,96.14,3540.82,No
TC-04394,Female,0,Yes,No,57,Yes,Yes,DSL,Yes,No,Yes,Yes,No,No,One year,Yes,Electronic check,117.75,6709.88,No
TC-04395,Female,0,Yes,No,52,Yes,No,Fiber optic,No,No,No,No,No,No,Month-to-month,Yes,Credit card (automatic),89.99,4657.67,No
TC-04396,Male,0,Yes,No,49,Yes,Yes,Fiber optic,Yes,Yes,Yes,Yes,No,Yes,Month-to-month,No,Bank transfer (automatic),75.98,3748.18,No
TC-04397,Female,0,Yes,No,3,Yes,No,Fiber optic,No,No,No,Yes,Yes,Yes,Two year,Yes,Bank transfer (automatic),36.34,97.89,Yes
TC-04398,Female,0,Yes,No,51,Yes,Yes,DSL,No,Yes,No,No,Yes,Yes,Month-to-month,Yes,Electronic check,112.79,5785.13,No
TC-04399,Male,0,No,No,30,Yes,No,DSL,No,No,Yes,No,No,Yes,Month-to-month,Yes,Electronic check,82.97,2470.72,No
TC-04400,Male,0,No,No,13,Yes,No,DSL,Yes,Yes,Yes,Yes,Yes,Yes,Month-to-month,No,Mailed check,66.9,925.63,No
TC-04401,Female,1,No,Yes,0,Yes,No,Fiber optic,No,No,No,Yes,No,Yes,Month-to-month,No,Electronic check,104.14,104.14,Yes
TC-04402,Male,0,No,No,42,Yes,Yes,DSL,No,No,Yes,Yes,Yes,Yes,Two year,Yes,Electronic check,113.33,4699.49,No
TC-04403,Female,0,Yes,No,58,No,No phone service,Fiber optic,Yes,Yes,No,Yes,No,No,Month-to-month,No,Credit card (automatic),55.12,3154.16,No
TC-04404,Male,0,No,No,60,No,No phone service,DSL,Yes,No,Yes,No,No,No,Two year,No,Credit card (automatic),69.58,4116.9,No
TC-04405,Female,0,No,No,40,Yes,Yes,No,No internet service,No internet service,No internet service,No internet service,No internet service,No internet service,Month-to-month,No,Mailed check,29.51,1125.35,No
TC-04406,Male,0,Yes,Yes,17,Yes,Yes,Fiber optic,Yes,No,No,Yes,Yes,No,Two year,No,Mailed check,113.99,1872.17,No
TC-04407,Male,0,Yes,No,59,Yes,No,DSL,Yes,Yes,No,Yes,No,Yes,One year,No,Bank transfer (automatic),30.07,1719.83,No
TC-04408,Female,0,Yes,No,68,Yes,Yes,Fiber optic,Yes,Yes,No,No,No,No,Month-to-month,No,Credit card (automatic),110.9,7540.93,Yes
TC-04409,Female,0,Yes,No,58,No,No phone service,Fiber optic,No,No,Yes,Yes,Yes,Yes,Two year,Yes,Credit card (automatic),37.1,2188.72,No
TC-04410,Female,0,No,No,41,Yes,No,No,No internet service,No internet service,No internet service,No internet service,No internet service,No internet service,One year,No,Mailed check,108.88,4396.45,No
TC-04411,Female,0,Yes,No,35,Yes,Yes,Fiber optic,No,Yes,No,Yes,No,No,Two year,No,Electronic check,63.23,2172.82,No
TC-04412,Female,1,Yes,Yes,39,Yes,Yes,Fiber optic,Yes,No,Yes,Yes,No,No,Month-to-month,No,Bank transfer (automatic),77.21,3051.34,No
TC-04413,Male,0,Yes,Yes,29,No,No phone service,Fiber optic,No,Yes,No,Yes,Yes,Yes,Month-to-month,Yes,Electronic check,21.56,617.34,No
TC-04414,Female,0,Yes,Yes,10,Yes,No,Fiber optic,Yes,Yes,Yes,Yes,Yes,Yes,Two year,No,Credit card (automatic),57.44,488.85,No
TC-04415,Female,0,Yes,No,24,Yes,Yes,No,No internet service,No internet service,No internet service,No internet service,No internet service,No internet service,Month-to-month,No,Mailed check,67.34,1618.05,No
TC-04416,Male,0,Yes,No,44,No,No phone service,DSL,Yes,Yes,Yes,Yes,Yes,Yes,Two year,Yes,Bank transfer (automatic),18.94,851.46,No
TC-04417,Male,1,No,No,50,Yes,No,Fiber optic,No,No,Yes,Yes,Yes,Yes,Two year,No,Bank transfer (automatic),84.09,4220.21,No
TC-04418,Female,1,No,No,42,Yes,Yes,Fiber optic,No,No,No,Yes,Yes,No,Month-to-month,No,Credit card (automatic),101.89,4391.68,No
TC-04419,Male,0,No,No,65,Yes,No,Fiber optic,Yes,No,No,Yes,No,Yes,Month-to-month,No,Bank transfer (automatic),20.48,1293.54,No
TC-04420,Male,0,Yes,No,46,Yes,No,DSL,No,No,Yes,Yes,No,Yes,One year,No,Mailed check,67.25,3148.51,No
TC-04421,Female,0,Yes,No,23,Yes,No,DSL,No,Yes,Yes,No,No,Yes,Month-to-month,Yes,Credit card (automatic),21.37,490.29,No
TC-04422,Male,0,No,No,36,Yes,No,Fiber optic,No,Yes,No,No,Yes,Yes,Month-to-month,No,Mailed check,105.33,3815.3,No
TC-04423,Male,0,No,Yes,55,Yes,Yes,Fiber optic,No,Yes,No,No,No,No,Month-to-month,Yes,Mailed check,34.08,1841.83,Yes
TC-04424,Female,1,No,No,45,Yes,No,DSL,Yes,No,No,Yes,Yes,Yes,Month-to-month,Yes,Credit card (automatic),23.85,1039.61,No
TC-04425,Female,1,No,No,27,Yes,No,DSL,Yes,Yes,No,No,No,No,Two year,Yes,Bank transfer (automatic),103.77,2739.25,No
TC-04426,Male,1,Yes,No,51,Yes,No,Fiber optic,No,Yes,Yes,Yes,No,Yes,Month-to-month,Yes,Credit card (automatic),62.45,3111.55,No
TC-04427,Male,0,No,No,14,Yes,Yes,DSL,No,Yes,Yes,Yes,Yes,No,Month-to-month,Yes,Mailed check,27.54,419.12,No
TC-04428,Female,0,Yes,No,44,Yes,Yes,No,No internet service,No internet service,No internet service,No internet service,No internet service,No internet service,Month-to-month,No,Mailed check,82.79,3615.94,No
TC-04429,Male,0,Yes,No,57,No,No phone service,DSL,Yes,No,Yes,No,No,Yes,Two year,No,Electronic check,88.56,5175.17,No
TC-04430,Male,0,Yes,No,66,Yes,No,DSL,No,No,No,No,No,No,Month-to-month,Yes,Mailed check,74.83,4915.1,Yes
TC-04431,Male,0,No,No,71,Yes,Yes,DSL,Yes,No,Yes,Yes,No,No,Month-to-month,Yes,Mailed check,51.21,3669.55,No
TC-04432,Female,0,No,No,40,Yes,Yes,DSL,No,Yes,No,No,Yes,Yes,Two year,Yes,Mailed check,60.45,2420.76,No
TC-04433,Male,0,No,Yes,64,Yes,Yes,No,No internet service,No internet service,No internet service,No internet service,No internet service,No internet service,Month-to-month,No,Credit card (automatic),113.48,7171.46,No
TC-04434,Male,0,Yes,No,39,Yes,No,DSL,Yes,Yes,No,No,No,No,Month-to-month,Yes,Mailed check,71.44,2718.86,No
TC-04435,Female,1,Yes,Yes,4,Yes,Yes,DSL,Yes,No,No,Yes,Yes,No,Two year,No,Credit card (automatic),57.71,155.31,No
TC-04436,Male,1,No,No,27,Yes,Yes,No,No internet service,No internet service,No internet service,No internet service,No internet service,No internet service,One year,No,Credit card (automatic),88.82,2471.59,No
TC-04437,Male,1,Yes,No,37,No,No phone service,DSL,No,Yes,Yes,No,Yes,No,One year,No,Electronic check,25.62,1012.87,No
TC-04438,Female,0,No,No,17,Yes,No,DSL,Yes,No,Yes,No,No,No,Month-to-month,No,Mailed check,47.02,895.73,No
TC-04439,Female,0,Yes,No,36,Yes,Yes,DSL,No,No,Yes,No,No,No,Month-to-month,No,Mailed check,40.65,1352.38,No
TC-04440,Female,0,Yes,No,26,Yes,No,Fiber optic,No,Yes,No,Yes,Yes,No,Month-to-month,Yes,Mailed check,86.01,2167.79,Yes
TC-04441,Female,0,Yes,Yes,24,Yes,No,Fiber optic,No,Yes,Yes,No,No,No,One year,Yes,Mailed check,78.39,1911.6,Yes
TC-04442,Male,1,Yes,Yes,68,Yes,No,No,No internet service,No internet service,No internet service,No internet service,No internet service,No internet service,Month-to-month,Yes,Bank transfer (automatic),93.94,6349.54,No
TC-04443,Male,1,Yes,No,26,Yes,Yes,Fiber optic,No,No,Yes,No,Yes,Yes,One year,Yes,Mailed check,60.68,1612.39,Yes
TC-04444,Female,0,Yes,No,53,No,No phone service,Fiber optic,Yes,No,Yes,Yes,No,No,Month-to-month,No,Electronic check,35.39,1853.4,No
TC-04445,Female,0,Yes,Yes,6,Yes,No,No,No internet service,No internet service,No internet service,No internet service,No internet service,No internet service,One year,Yes,Credit card (automatic),36.28,190.29,No
TC-04446,Male,0,No,Yes,26,Yes,No,Fiber optic,No,No,No,No,Yes,No,One year,Yes,Bank transfer (automatic),107.23,2697.18,Yes
TC-04447,Female,0,Yes,No,58,Yes,No,DSL,No,Yes,Yes,Yes,No,No,Two year,No,Mailed check,25.49,1449.58,No
TC-04448,Male,1,Yes,No,71,Yes,No,Fiber optic,Yes,No,No,Yes,No,No,Two year,Yes,Electronic check,77.41,5514.64,No
TC-04449,Female,0,No,No,30,Yes,No,Fiber optic,Yes,No,No,Yes,No,Yes,One year,No,Mailed check,41.17,1185.7,No
TC-04450,Male,0,No,No,67,Yes,No,DSL,Yes,No,No,Yes,No,Yes,One year,No,Bank transfer (automatic),39.43,2645.24,No
TC-04451,Female,0,No,Yes,3,No,No phone service,DSL,Yes,Yes,Yes,No,No,Yes,Month-to-month,No,Bank transfer (automatic),27.84,31.18,No
TC-04452,Female,0,No,No,17,Yes,No,Fiber optic,Yes,No,Yes,No,Yes,No,Two year,No,Electronic check,115.93,1932.09,Yes
TC-04453,Male,0,Yes,Yes,62,Yes,Yes,DSL,Yes,No,Yes,Yes,Yes,Yes,One year,No,Credit card (automatic),24.1,1458.95,No
TC-04454,Female,1,Yes,No,51,Yes,No,Fiber optic,No,Yes,No,Yes,Yes,No,Month-to-month,No,Electronic check,32.78,1695.01,Yes
TC-04455,Male,0,No,No,62,Yes,No,DSL,No,Yes,No,Yes,Yes,Yes,Two year,No,Bank transfer (automatic),54.52,3423.15,No
TC-04456,Male,0,Yes,No,44,Yes,No,Fiber optic,No,No,No,No,No,Yes,One year,Yes,Mailed check,63.58,2889.43,No
TC-04457,Male,0,No,No,11,Yes,No,DSL,Yes,No,No,Yes,No,No,One year,Yes,Bank transfer (automatic),113.08,1282.84,No
TC-04458,Male,0,Yes,No,7,Yes,No,Fiber optic,Yes,No,No,No,No,No,Month-to-month,No,Mailed check,42.18,313.45,Yes
TC-04459,Male,0,Yes,No,21,Yes,No,Fiber optic,Yes,No,Yes,Yes,No,No,Two year,Yes,Electronic check,90.1,1980.84,No
TC-04460,Female,0,Yes,No,40,Yes,Yes,No,No internet service,No internet service,No internet service,No internet service,No internet service,No internet service,Two year,Yes,Bank transfer (automatic),83.64,3359.33,No
TC-04461,Female,0,Yes,No,40,Yes,No,Fiber optic,Yes,No,Yes,No,No,Yes,Month-to-month,No,Mailed check,69.75,2820.72,No
TC-04462,Male,0,Yes,No,56,Yes,No,Fiber optic,Yes,Yes,No,Yes,No,Yes,One year,Yes,Credit card (automatic),44.61,2545.98,No
TC-04463,Female,0,No,No,31,Yes,Yes,No,No internet service,No internet service,No internet service,No internet service,No internet service,No internet service,Month-to-month,Yes,Credit card (automatic),33.66,1052.14,No
TC-04464,Male,0,Yes,Yes,54,Yes,Yes,DSL,Yes,Yes,Yes,No,No,No,Two year,No,Credit card (automatic),35.65,1921.69,No
TC-04465,Female,0,Yes,No,5,Yes,Yes,DSL,No,Yes,Yes,Yes,Yes,No,One year,No,Mailed check,52.6,254.67,No
TC-04466,Female,0,Yes,No,38,Yes,No,Fiber optic,Yes,No,No,Yes,No,Yes,Two year,Yes,Bank transfer (automatic),31.71,1176.34,No
TC-04467,Female,0,Yes,No,8,Yes,No,DSL,Yes,Yes,No,No,Yes,Yes,Month-to-month,No,Bank transfer (automatic),117.86,918.07,Yes
TC-04468,Female,0,Yes,No,31,Yes,No,No,No internet service,No internet service,No internet service,No internet service,No internet service,No internet service,Month-to-month,Yes,Mailed check,62.58,1993.08,No
TC-04469,Male,0,No,No,35,Yes,No,Fiber optic,No,Yes,Yes,Yes,Yes,No,Two year,No,Mailed check,71.9,2461.66,No
TC-04470,Male,0,Yes,No,15,Yes,No,Fiber optic,No,Yes,Yes,Yes,Yes,No,Month-to-month,Yes,Electronic check,79.65,1201.64,No
TC-04471,Female,1,No,Yes,11,Yes,No,Fiber optic,No,Yes,Yes,No,No,No,Month-to-month,Yes,Mailed check,37.58,412.19,No
TC-04472,Female,0,Yes,No,40,Yes,Yes,No,No internet service,No internet service,No internet service,No internet service,No internet service,No internet service,Two year,Yes,Bank transfer (automatic),66.18,2575.94,No
TC-04473,Male,0,Yes,No,66,Yes,No,DSL,Yes,No,Yes,No,Yes,Yes,Month-to-month,Yes,Bank transfer (automatic),24.29,1645.05,No
TC-04474,Female,1,No,No,57,Yes,No,Fiber optic,No,Yes,No,No,No,Yes,Month-to-month,Yes,Mailed check,114.92,6483.62,Yes
TC-04475,Male,0,Yes,No,8,Yes,Yes,DSL,No,Yes,Yes,No,Yes,Yes,Month-to-month,No,Mailed check,65.28,484.98,No
TC-04476,Male,0,Yes,No,16,Yes,No,No,No internet service,No internet service,No internet service,No internet service,No internet service,No internet service,One year,Yes,Mailed check,20.97,331.24,No
TC-04477,Male,0,No,Yes,4,Yes,Yes,Fiber optic,Yes,No,No,No,Yes,No,Month-to-month,Yes,Electronic check,77.91,386.14,No
TC-04478,Female,0,Yes,No,25,Yes,Yes,No,No internet service,No internet service,No internet service,No internet service,No internet service,No internet service,Two year,Yes,Bank transfer (automatic),28.01,726.29,No
TC-04479,Male,0,No,Yes,0,Yes,Yes,Fiber optic,No,No,Yes,No,Yes,No,Month-to-month,Yes,Bank transfer (automatic),97.0,97.0,Yes
TC-04480,Female,0,No,No,0,Yes,Yes,DSL,No,Yes,No,No,No,Yes,Two year,No,Credit card (automatic),113.34,113.34,Yes
TC-04481,Male,0,No,No,34,Yes,No,No,No internet service,No internet service,No internet service,No internet service,No internet service,No internet service,One year,Yes,Mailed check,109.66,3715.23,No
TC-04482,Female,1,Yes,No,8,Yes,No,No,No internet service,No internet service,No internet service,No internet service,No internet service,No internet service,One year,Yes,Electronic check,60.78,586.15,No
TC-04483,Female,0,Yes,No,37,Yes,No,DSL,Yes,Yes,Yes,Yes,Yes,No,Month-to-month,No,Credit card (automatic),89.26,3327.8,No
TC-04484,Female,0,No,No,3,Yes,No,DSL,Yes,Yes,No,No,No,No,Month-to-month,Yes,Electronic check,33.58,107.42,No
TC-04485,Male,0,Yes,Yes,51,Yes,No,DSL,Yes,No,No,No,Yes,No,One year,Yes,Mailed check,25.57,1214.23,No
TC-04486,Male,0,No,No,18,Yes,No,Fiber optic,No,No,Yes,Yes,No,Yes,Two year,Yes,Bank transfer (automatic),100.11,1850.78,No
TC-04487,Female,0,Yes,Yes,4,Yes,Yes,No,No internet service,No internet service,No internet service,No internet service,No internet service,No internet service,Month-to-month,No,Electronic check,87.52,376.95,Yes
TC-04488,Female,0,No,No,47,Yes,Yes,DSL,Yes,No,No,No,No,Yes,Two year,No,Mailed check,108.71,5098.24,No
TC-04489,Female,0,Yes,Yes,62,Yes,Yes,Fiber optic,Yes,Yes,Yes,No,No,No,Month-to-month,Yes,Credit card (automatic),109.46,6761.27,Yes
TC-04490,Male,0,No,No,37,Yes,Yes,Fiber optic,Yes,No,Yes,Yes,Yes,No,Month-to-month,Yes,Bank transfer (automatic),52.73,2051.68,No
TC-04491,Male,1,Yes,No,51,Yes,Yes,DSL,No,Yes,No,Yes,No,Yes,Month-to-month,No,Bank transfer (automatic),49.86,2503.02,Yes
TC-04492,Male,0,No,No,45,No,No phone service,DSL,Yes,No,Yes,Yes,No,No,Two year,Yes,Mailed check,62.19,2815.99,No
TC-04493,Male,0,Yes,Yes,8,Yes,No,Fiber optic,Yes,Yes,No,Yes,Yes,Yes,One year,Yes,Bank transfer (automatic),84.57,678.29,Yes
TC-04494,Female,0,No,No,49,Yes,Yes,No,No internet service,No internet service,No internet service,No internet service,No internet service,No internet service,Month-to-month,Yes,Electronic check,18.5,940.92,Yes
TC-04495,Female,0,Yes,No,65,Yes,Yes,Fiber optic,Yes,No,Yes,No,No,No,Two year,Yes,Bank transfer (automatic),71.46,4548.78,No
TC-04496,Male,0,Yes,No,37,No,No phone service,Fiber optic,No,Yes,Yes,Yes,No,No,One year,Yes,Electronic check,19.97,772.52,No
TC-04497,Male,0,No,Yes,26,Yes,No,DSL,Yes,No,Yes,No,No,Yes,Two year,Yes,Credit card (automatic),63.07,1719.81,No
TC-04498,Female,0,Yes,No,19,Yes,No,DSL,Yes,Yes,Yes,Yes,Yes,Yes,Two year,Yes,Electronic check,26.23,403.26,No
TC-04499,Male,0,Yes,No,61,Yes,No,DSL,No,No,Yes,No,No,Yes,One year,Yes,Mailed check,74.22,4480.0,No
TC-04500,Male,0,Yes,Yes,15,Yes,No,DSL,Yes,Yes,No,No,No,No,Two year,Yes,Mailed check,49.43,769.71,No
TC-04501,Male,0,Yes,No,12,Yes,Yes,Fiber optic,No,No,Yes,Yes,Yes,Yes,Month-to-month,No,Bank transfer (automatic),65.89,783.99,No
TC-04502,Male,0,No,No,19,Yes,Yes,Fiber optic,Yes,No,No,Yes,Yes,No,Two year,No,Electronic check,113.77,2195.61,Yes
TC-04503,Male,0,Yes,No,23,Yes,Yes,DSL,No,Yes,Yes,No,No,Yes,Two year,Yes,Credit card (automatic),52.1,1235.52,No
TC-04504,Male,0,Yes,Yes,49,Yes,No,Fiber optic,No,Yes,Yes,No,No,Yes,Month-to-month,Yes,Electronic check,89.93,4417.83,No
TC-04505,Female,0,No,Yes,6,Yes,Yes,DSL,No,Yes,Yes,Yes,Yes,No,Two year,Yes,Electronic check,86.33,606.12,No
TC-04506,Male,0,Yes,Yes,28,Yes,Yes,No,No internet service,No internet service,No internet service,No internet service,No internet service,No internet service,Month-to-month,Yes,Electronic check,104.89,2974.54,No
TC-04507,Male,0,No,No,4,Yes,Yes,Fiber optic,Yes,Yes,Yes,No,Yes,Yes,Month-to-month,Yes,Electronic check,51.44,139.48,Yes
TC-04508,Female,0,Yes,No,34,Yes,No,Fiber optic,No,No,Yes,No,No,No,Two year,Yes,Bank transfer (automatic),23.61,837.78,No
TC-04509,Female,0,No,No,64,Yes,No,Fiber optic,Yes,Yes,No,No,Yes,No,Month-to-month,Yes,Electronic check,115.06,7362.21,Yes
TC-04510,Female,0,Yes,No,69,Yes,No,Fiber optic,Yes,Yes,No,Yes,Yes,No,Month-to-month,Yes,Credit card (automatic),54.24,3769.94,No
TC-04511,Male,0,No,Yes,6,Yes,No,Fiber optic,Yes,No,Yes,No,Yes,No,Month-to-month,No,Mailed check,37.37,282.63,Yes
TC-04512,Female,0,No,Yes,43,Yes,Yes,No,No internet service,No internet service,No internet service,No internet service,No internet service,No internet service,One year,Yes,Mailed check,109.41,4785.4,No
TC-04513,Male,1,No,No,71,Yes,Yes,Fiber optic,No,Yes,Yes,No,Yes,Yes,Two year,Yes,Electronic check,37.06,2635.47,Yes
TC-04514,Male,1,Yes,Yes,12,No,No phone service,Fiber optic,No,Yes,No,No,No,No,Month-to-month,Yes,Bank transfer (automatic),70.88,892.48,Yes
TC-04515,Male,0,No,No,37,Yes,No,Fiber optic,Yes,No,No,Yes,Yes,No,Two year,No,Mailed check,93.55,3407.34,No
TC-04516,Female,0,Yes,No,12,Yes,No,Fiber optic,No,No,Yes,No,No,No,Month-to-month,Yes,Bank transfer (automatic),91.1,1070.02,Yes
TC-04517,Female,0,No,Yes,53,Yes,Yes,No,No internet service,No internet service,No internet service,No internet service,No internet service,No internet service,Two year,Yes,Mailed check,20.95,1082.22,No
TC-04518,Female,0,No,No,43,No,No phone service,Fiber optic,Yes,No,Yes,No,No,No,Two year,No,Electronic check,38.24,1696.03,No
TC-04519,Female,0,No,No,12,No,No phone service,DSL,Yes,No,Yes,Yes,No,Yes,Month-to-month,No,Mailed check,106.85,1368.56,Yes
TC-04520,Female,0,Yes,No,24,Yes,No,Fiber optic,Yes,Yes,No,No,No,No,Two year,No,Credit card (automatic),73.32,1919.14,No
TC-04521,Male,1,Yes,No,23,Yes,No,No,No internet service,No internet service,No internet service,No internet service,No internet service,No internet service,Month-to-month,No,Electronic check,86.72,2037.62,No
TC-04522,Male,1,No,Yes,28,Yes,No,No,No internet service,No internet service,No internet service,No internet service,No internet service,No internet service,Two year,No,Electronic check,58.23,1686.65,Yes
TC-04523,Male,0,No,No,69,Yes,Yes,Fiber optic,No,No,Yes,No,No,Yes,Month-to-month,Yes,Credit card (automatic),92.52,6297.36,No
TC-04524,Male,0,No,No,17,Yes,No,DSL,Yes,Yes,No,No,No,No,Two year,Yes,Electronic check,46.91,708.07,No
TC-04525,Female,0,No,No,4,Yes,Yes,Fiber optic,No,No,No,Yes,Yes,Yes,Month-to-month,No,Mailed check,41.2,121.36,No
TC-04526,Female,0,No,Yes,17,Yes,Yes,DSL,No,Yes,No,No,Yes,No,Month-to-month,No,Credit card (automatic),117.71,1938.36,No
TC-04527,Male,0,No,No,62,Yes,No,Fiber optic,No,No,Yes,No,No,No,Month-to-month,No,Bank transfer (automatic),33.77,2119.33,No
TC-04528,Female,0,No,No,36,No,No phone service,Fiber optic,Yes,No,No,No,Yes,Yes,Month-to-month,No,Credit card (automatic),116.14,4267.84,No
TC-04529,Female,0,No,No,70,Yes,No,No,No internet service,No internet service,No internet service,No internet service,No internet service,No internet service,One year,No,Mailed check,110.65,7746.1,No
TC-04530,Male,0,Yes,No,54,Yes,No,DSL,No,No,Yes,Yes,Yes,Yes,Month-to-month,No,Bank transfer (automatic),89.47,4798.59,No
TC-04531,Male,0,No,No,11,Yes,No,No,No internet service,No internet service,No internet service,No internet service,No internet service,No internet service,Month-to-month,No,Electronic check,76.2,853.47,No
TC-04532,Female,1,Yes,No,51,Yes,No,DSL,No,No,No,No,Yes,Yes,Two year,No,Bank transfer (automatic),18.45,904.99,No
TC-04533,Female,0,No,No,56,Yes,Yes,Fiber optic,No,No,Yes,Yes,No,Yes,Month-to-month,Yes,Credit card (automatic),81.53,4538.52,No
TC-04534,Male,0,Yes,Yes,45,Yes,Yes,DSL,No,Yes,No,No,Yes,No,Month-to-month,Yes,Electronic check,95.24,4276.05,No
TC-04535,Male,0,Yes,No,43,Yes,No,No,No internet service,No internet service,No internet service,No internet service,No internet service,No internet service,One year,No,Credit card (automatic),91.29,3944.87,No
TC-04536,Male,0,No,No,23,Yes,No,Fiber optic,No,Yes,Yes,No,Yes,Yes,Month-to-month,No,Credit card (automatic),35.21,726.49,Yes
TC-04537,Female,0,Yes,No,8,Yes,Yes,DSL,No,Yes,Yes,Yes,No,Yes,Month-to-month,No,Credit card (automatic),72.45,478.12,Yes
TC-04538,Male,0,Yes,No,11,Yes,Yes,DSL,No,Yes,Yes,Yes,No,No,One year,Yes,Credit card (automatic),73.02,760.24,No
TC-04539,Male,1,No,No,8,No,No phone service,Fiber optic,No,Yes,No,No,Yes,Yes,Month-to-month,Yes,Mailed check,83.29,692.44,Yes
TC-04540,Female,0,No,No,21,Yes,Yes,DSL,Yes,Yes,Yes,No,Yes,No,One year,Yes,Bank transfer (automatic),101.09,2059.63,No
TC-04541,Female,0,No,Yes,16,No,No phone service,DSL,Yes,No,Yes,Yes,No,No,Two year,No,Credit card (automatic),87.82,1496.83,No
TC-04542,Female,0,Yes,Yes,32,Yes,Yes,Fiber optic,Yes,No,Yes,Yes,No,No,Month-to-month,No,Bank transfer (automatic),32.13,1070.76,Yes
TC-04543,Female,1,No,No,46,Yes,Yes,Fiber optic,No,No,No,No,Yes,Yes,Two year,Yes,Bank transfer (automatic),19.9,948.86,No
TC-04544,Female,0,Yes,No,14,Yes,No,DSL,Yes,Yes,Yes,Yes,Yes,No,Month-to-month,Yes,Mailed check,31.66,486.0,Yes
TC-04545,Male,0,No,No,32,Yes,No,Fiber optic,No,Yes,Yes,Yes,Yes,Yes,Month-to-month,Yes,Credit card (automatic),22.03,726.29,No
TC-04546,Male,0,No,No,14,Yes,Yes,Fiber optic,No,No,Yes,Yes,Yes,Yes,One year,No,Credit card (automatic),61.68,888.87,Yes
TC-04547,Female,0,Yes,No,26,Yes,No,No,No internet service,No internet service,No internet service,No internet service,No internet service,No internet service,Month-to-month,No,Bank transfer (automatic),46.38,1267.98,No
TC-04548,Female,0,Yes,No,60,Yes,Yes,No,No internet service,No internet service,No internet service,No internet service,No internet service,No internet service,Month-to-month,Yes,Credit card (automatic),18.73,1173.8,No
TC-04549,Female,0,Yes,Yes,67,Yes,No,Fiber optic,Yes,No,Yes,Yes,Yes,No,Month-to-month,No,Electronic check,26.03,1759.03,No
TC-04550,Female,0,No,No,47,Yes,Yes,No,No internet service,No internet service,No internet service,No internet service,No internet service,No internet service,Month-to-month,Yes,Mailed check,57.75,2810.43,No
TC-04551,Female,0,No,No,7,Yes,No,Fiber optic,Yes,Yes,No,Yes,No,Yes,Month-to-month,No,Electronic check,111.98,787.73,No
TC-04552,Male,0,No,No,5,Yes,Yes,DSL,No,No,Yes,No,Yes,No,One year,Yes,Electronic check,117.48,564.65,No
TC-04553,Male,0,Yes,No,62,Yes,No,Fiber optic,Yes,Yes,Yes,No,No,No,Month-to-month,Yes,Mailed check,23.01,1352.46,No
TC-04554,Male,0,Yes,No,1,Yes,Yes,No,No internet service,No internet service,No internet service,No internet service,No internet service,No internet service,Two year,No,Credit card (automatic),101.06,64.94,No
TC-04555,Male,0,Yes,No,21,Yes,No,No,No internet service,No internet service,No internet service,No internet service,No internet service,No internet service,Month-to-month,Yes,Credit card (automatic),66.03,1446.75,No
TC-04556,Female,0,Yes,No,20,Yes,No,No,No internet service,No internet service,No internet service,No internet service,No internet service,No internet service,Month-to-month,Yes,Electronic check,80.1,1600.29,No
TC-04557,Male,0,No,No,5,No,No phone service,Fiber optic,No,Yes,No,Yes,Yes,Yes,Two year,Yes,Credit card (automatic),68.6,366.97,No
TC-04558,Female,1,Yes,No,69,Yes,No,Fiber optic,No,No,Yes,Yes,No,Yes,One year,No,Credit card (automatic),110.45,7625.09,No
TC-04559,Female,1,Yes,No,12,Yes,No,DSL,No,Yes,No,Yes,Yes,Yes,Month-to-month,No,Credit card (automatic),65.85,730.06,No
TC-04560,Female,0,No,No,0,Yes,Yes,DSL,Yes,Yes,No,Yes,No,Yes,Month-to-month,Yes,Bank transfer (automatic),34.8,34.8,No
TC-04561,Male,0,No,Yes,21,Yes,No,Fiber optic,Yes,No,Yes,Yes,No,Yes,Two year,No,Electronic check,95.99,1974.09,No
TC-04562,Female,0,Yes,No,23,Yes,No,Fiber optic,No,No,No,Yes,Yes,No,One year,No,Bank transfer (automatic),69.38,1573.99,No
TC-04563,Male,1,Yes,Yes,63,Yes,Yes,DSL,Yes,Yes,No,No,No,Yes,Month-to-month,Yes,Credit card (automatic),29.71,1827.35,No
TC-04564,Male,0,Yes,No,40,Yes,Yes,Fiber optic,No,No,Yes,No,No,No,Two year,No,Mailed check,64.16,2590.5,No
TC-04565,Female,0,Yes,No,21,Yes,No,Fiber optic,Yes,No,Yes,No,No,No,Two year,Yes,Credit card (automatic),86.74,1862.16,No
TC-04566,Female,0,Yes,Yes,60,Yes,No,No,No internet service,No internet service,No internet service,No internet service,No internet service,No internet service,Two year,Yes,Electronic check,47.58,2856.55,No
TC-04567,Female,1,Yes,No,11,Yes,No,DSL,Yes,Yes,No,No,No,No,Two year,Yes,Electronic check,109.2,1101.72,No
TC-04568,Male,0,No,No,3,Yes,Yes,Fiber optic,Yes,Yes,Yes,No,No,Yes,Month-to-month,No,Bank transfer (automatic),103.0,241.37,No
TC-04569,Female,0,No,No,11,Yes,No,Fiber optic,No,Yes,Yes,No,No,No,Month-to-month,No,Electronic check,74.79,854.99,Yes
TC-04570,Male,0,No,No,32,Yes,Yes,DSL,Yes,Yes,No,No,No,No,Month-to-month,Yes,Credit card (automatic),23.44,712.3,No
TC-04571,Female,0,No,No,20,Yes,Yes,Fiber optic,Yes,No,Yes,Yes,No,Yes,Month-to-month,No,Bank transfer (automatic),76.33,1488.87,Yes
TC-04572,Female,0,Yes,No,71,Yes,Yes,DSL,No,No,No,Yes,No,No,Two year,No,Credit card (automatic),59.56,4232.21,No
TC-04573,Male,0,Yes,No,71,Yes,No,Fiber optic,No,Yes,Yes,No,Yes,No,Two year,Yes,Credit card (automatic),90.41,6379.76,Yes
TC-04574,Male,0,Yes,No,51,Yes,No,Fiber optic,Yes,No,No,No,No,No,Two year,No,Electronic check,44.7,2173.63,No
TC-04575,Male,1,Yes,Yes,46,Yes,No,No,No internet service,No internet service,No internet service,No internet service,No internet service,No internet service,One year,Yes,Mailed check,78.58,3568.46,No
TC-04576,Male,0,No,No,58,Yes,No,No,No internet service,No internet service,No internet service,No internet service,No internet service,No internet service,One year,No,Bank transfer (automatic),73.44,4239.33,No
TC-04577,Male,0,Yes,No,46,Yes,Yes,DSL,Yes,No,Yes,No,Yes,No,One year,No,Credit card (automatic),70.69,3224.0,No
TC-04578,Male,0,Yes,No,55,Yes,No,No,No internet service,No internet service,No internet service,No internet service,No internet service,No internet service,Two year,Yes,Electronic check,29.59,1662.51,No
TC-04579,Female,0,Yes,Yes,12,Yes,Yes,No,No internet service,No internet service,No internet service,No internet service,No internet service,No internet service,Month-to-month,Yes,Electronic check,66.99,808.32,No
TC-04580,Female,0,Yes,No,43,Yes,No,Fiber optic,Yes,No,Yes,No,Yes,Yes,Month-to-month,Yes,Bank transfer (automatic),73.06,3142.48,No
TC-04581,Male,0,No,No,34,Yes,Yes,DSL,No,No,No,Yes,No,No,Month-to-month,Yes,Credit card (automatic),110.77,3824.02,No
TC-04582,Female,0,Yes,No,28,Yes,No,DSL,No,No,Yes,No,No,No,Two year,Yes,Electronic check,64.09,1716.52,No
TC-04583,Male,1,No,No,55,No,No phone service,No,No internet service,No internet service,No internet service,No internet service,No internet service,No internet service,Month-to-month,Yes,Electronic check,81.99,4587.68,No
TC-04584,Female,1,Yes,No,4,Yes,Yes,Fiber optic,No,Yes,No,No,Yes,No,One year,Yes,Bank transfer (automatic),74.92,382.25,No
TC-04585,Female,1,Yes,No,66,Yes,No,DSL,Yes,Yes,No,No,Yes,Yes,Two year,Yes,Credit card (automatic),37.52,2470.54,No
TC-04586,Male,0,Yes,No,52,Yes,No,Fiber optic,Yes,Yes,Yes,No,Yes,No,Two year,No,Bank transfer (automatic),36.44,1875.24,No
TC-04587,Male,0,No,No,59,Yes,Yes,DSL,Yes,Yes,No,Yes,Yes,No,Month-to-month,Yes,Mailed check,91.94,5491.6,No
TC-04588,Male,0,Yes,No,5,Yes,Yes,No,No internet service,No internet service,No internet service,No internet service,No internet service,No internet service,One year,Yes,Mailed check,70.31,338.36,No
TC-04589,Female,0,Yes,Yes,47,Yes,Yes,No,No internet service,No internet service,No internet service,No internet service,No internet service,No internet service,Month-to-month,Yes,Bank transfer (automatic),107.6,5074.87,No
TC-04590,Male,0,Yes,No,34,Yes,Yes,Fiber optic,No,No,Yes,Yes,No,No,One year,No,Electronic check,108.82,3713.79,No
TC-04591,Female,0,No,No,17,No,No phone service,DSL,No,Yes,No,No,Yes,No,One year,Yes,Bank transfer (automatic),47.71,835.53,No
TC-04592,Male,0,No,No,10,Yes,No,Fiber optic,No,Yes,Yes,No,No,No,Two year,Yes,Electronic check,28.15,226.5,Yes
TC-04593,Female,0,Yes,No,50,Yes,Yes,DSL,Yes,No,No,No,Yes,No,Month-to-month,Yes,Mailed check,52.41,2642.49,No
TC-04594,Female,0,No,No,22,Yes,No,DSL,No,Yes,Yes,No,No,No,Month-to-month,Yes,Credit card (automatic),24.7,499.29,No
TC-04595,Male,0,Yes,Yes,46,Yes,No,Fiber optic,Yes,No,No,Yes,No,No,One year,No,Bank transfer (automatic),96.13,4392.03,No
TC-04596,Female,0,Yes,No,58,Yes,Yes,DSL,Yes,No,No,No,Yes,Yes,Month-to-month,No,Credit card (automatic),32.62,1938.39,No
TC-04597,Female,0,No,No,56,Yes,Yes,Fiber optic,No,Yes,Yes,No,Yes,No,One year,Yes,Bank transfer (automatic),104.64,5834.67,No
TC-04598,Male,0,Yes,Yes,55,Yes,No,DSL,No,No,No,Yes,Yes,Yes,Two year,Yes,Mailed check,59.53,3242.25,No
TC-04599,Female,0,Yes,Yes,26,Yes,No,Fiber optic,No,No,No,No,Yes,Yes,Month-to-month,Yes,Bank transfer (automatic),45.86,1202.55,Yes
TC-04600,Male,1,No,Yes,34,Yes,Yes,DSL,Yes,No,No,Yes,Yes,No,Month-to-month,No,Bank transfer (automatic),68.15,2384.43,No
TC-04601,Male,0,No,No,54,No,No phone service,Fiber optic,Yes,Yes,No,No,Yes,Yes,One year,Yes,Bank transfer (automatic),78.55,4361.95,No
TC-04602,Male,1,No,Yes,8,No,No phone service,Fiber optic,No,Yes,Yes,Yes,Yes,Yes,Month-to-month,No,Credit card (automatic),88.15,762.32,Yes
TC-04603,Male,0,No,No,17,Yes,No,No,No internet service,No internet service,No internet service,No internet service,No internet service,No internet service,Two year,Yes,Bank transfer (automatic),51.82,937.4,No
TC-04604,Female,0,Yes,No,43,Yes,Yes,Fiber optic,Yes,No,Yes,Yes,No,Yes,Month-to-month,Yes,Mailed check,116.3,4999.71,No
TC-04605,Female,0,Yes,No,20,Yes,Yes,Fiber optic,No,Yes,Yes,Yes,No,No,Two year,Yes,Electronic check,60.23,1332.58,Yes
TC-04606,Female,0,Yes,No,55,Yes,No,No,No internet service,No internet service,No internet service,No internet service,No internet service,No internet service,Two year,Yes,Mailed check,101.45,5589.68,No
TC-04607,Male,0,Yes,No,47,Yes,Yes,Fiber optic,Yes,No,No,Yes,Yes,Yes,Two year,No,Mailed check,21.49,1008.25,No
TC-04608,Female,0,Yes,No,0,Yes,Yes,Fiber optic,Yes,Yes,No,Yes,Yes,Yes,Month-to-month,Yes,Bank transfer (automatic),95.8,95.8,No
TC-04609,Female,0,Yes,No,26,Yes,Yes,DSL,Yes,Yes,Yes,Yes,No,Yes,Two year,Yes,Mailed check,73.13,1914.6,No
TC-04610,Male,0,Yes,No,44,Yes,No,No,No internet service,No internet service,No internet service,No internet service,No internet service,No internet service,Two year,Yes,Bank transfer (automatic),81.96,3540.55,No
TC-04611,Male,0,Yes,No,62,Yes,No,Fiber optic,No,Yes,Yes,Yes,No,Yes,One year,Yes,Bank transfer (automatic),55.29,3393.12,No
TC-04612,Female,0,No,No,57,Yes,Yes,DSL,No,Yes,No,Yes,No,No,Two year,No,Electronic check,72.48,4150.39,No
TC-04613,Male,0,Yes,Yes,39,Yes,No,DSL,No,No,Yes,No,Yes,No,Month-to-month,Yes,Mailed check,111.22,4298.11,No
TC-04614,Male,0,Yes,No,62,Yes,Yes,Fiber optic,Yes,Yes,No,No,Yes,No,Two year,Yes,Mailed check,56.6,3541.58,No
TC-04615,Male,0,Yes,No,37,Yes,No,DSL,No,No,Yes,Yes,Yes,No,Month-to-month,Yes,Bank transfer (automatic),28.58,1059.26,No
TC-04616,Male,0,Yes,No,28,Yes,No,Fiber optic,No,Yes,No,No,Yes,Yes,Month-to-month,Yes,Bank transfer (automatic),90.05,2568.24,Yes
TC-04617,Female,0,Yes,No,39,No,No phone service,DSL,No,Yes,Yes,Yes,No,Yes,One year,Yes,Electronic check,68.52,2666.09,No
TC-04618,Male,0,No,No,18,Yes,Yes,Fiber optic,Yes,No,No,Yes,No,No,Month-to-month,Yes,Credit card (automatic),60.49,1112.91,No
TC-04619,Male,1,No,Yes,55,Yes,No,DSL,No,No,No,No,No,No,Month-to-month,No,Bank transfer (automatic),95.78,5177.31,No
TC-04620,Male,0,No,No,43,Yes,No,Fiber optic,No,No,No,No,No,No,Month-to-month,No,Electronic check,74.22,3110.99,No
TC-04621,Male,0,Yes,No,64,Yes,No,DSL,Yes,No,Yes,Yes,No,Yes,Month-to-month,Yes,Bank transfer (automatic),81.14,5152.79,No
TC-04622,Male,0,Yes,No,12,Yes,No,Fiber optic,No,Yes,No,No,No,Yes,Month-to-month,No,Bank transfer (automatic),110.61,1342.87,Yes
TC-04623,Male,0,Yes,No,29,Yes,Yes,No,No internet service,No internet service,No internet service,No internet service,No internet service,No internet service,Two year,Yes,Bank transfer (automatic),23.85,652.59,No
TC-04624,Male,0,Yes,No,48,No,No phone service,No,No internet service,No internet service,No internet service,No internet service,No internet service,No internet service,One year,No,Credit card (automatic),44.24,2159.92,No
TC-04625,Male,0,No,No,62,Yes,Yes,DSL,No,No,No,Yes,Yes,Yes,Month-to-month,No,Credit card (automatic),107.82,6704.18,Yes
TC-04626,Female,0,No,No,70,Yes,Yes,Fiber optic,Yes,Yes,No,No,No,No,Month-to-month,No,Bank transfer (automatic),97.27,6785.96,No
TC-04627,Male,0,Yes,No,34,Yes,No,Fiber optic,No,No,No,No,Yes,Yes,Month-to-month,Yes,Mailed check,36.86,1264.43,Yes
TC-04628,Female,0,Yes,No,10,Yes,No,No,No internet service,No internet service,No internet service,No internet service,No internet service,No internet service,Month-to-month,Yes,Electronic check,34.91,326.9,No
TC-04629,Male,0,No,Yes,48,Yes,No,No,No internet service,No internet service,No internet service,No internet service,No internet service,No internet service,Month-to-month,No,Mailed check,100.51,4840.24,No
TC-04630,Male,0,No,No,39,Yes,Yes,DSL,Yes,Yes,Yes,No,Yes,Yes,One year,No,Mailed check,73.29,2832.79,No
TC-04631,Male,0,No,No,20,Yes,Yes,DSL,Yes,Yes,No,No,Yes,Yes,Month-to-month,Yes,Electronic check,104.03,2100.42,No
TC-04632,Male,1,No,Yes,46,Yes,No,Fiber optic,No,No,No,Yes,Yes,Yes,Month-to-month,Yes,Bank transfer (automatic),109.77,5117.45,No
TC-04633,Female,0,No,Yes,2,Yes,No,DSL,Yes,No,Yes,No,No,No,Month-to-month,No,Credit card (automatic),24.95,24.95,No
TC-04634,Male,0,No,No,29,Yes,No,No,No internet service,No internet service,No internet service,No internet service,No internet service,No internet service,Month-to-month,Yes,Bank transfer (automatic),114.98,3299.7,No
TC-04635,Male,0,No,No,66,Yes,Yes,No,No internet service,No internet service,No internet service,No internet service,No internet service,No internet service,Month-to-month,Yes,Credit card (automatic),89.65,5884.25,Yes
TC-04636,Female,1,Yes,No,61,Yes,Yes,Fiber optic,No,No,Yes,No,No,No,Month-to-month,Yes,Bank transfer (automatic),101.45,6204.01,No
TC-04637,Female,0,Yes,No,36,Yes,No,DSL,No,No,Yes,No,No,No,Month-to-month,No,Electronic check,81.03,2958.96,No
TC-04638,Male,0,No,No,21,Yes,Yes,Fiber optic,Yes,No,Yes,Yes,Yes,Yes,Month-to-month,No,Mailed check,48.52,931.94,No
TC-04639,Female,0,Yes,Yes,30,Yes,Yes,Fiber optic,No,Yes,Yes,Yes,No,Yes,Two year,No,Mailed check,77.94,2329.03,No
TC-04640,Female,0,No,Yes,45,Yes,Yes,No,No internet service,No internet service,No internet service,No internet service,No internet service,No internet service,One year,Yes,Mailed check,69.59,3132.96,No
TC-04641,Female,0,Yes,Yes,44,Yes,Yes,DSL,No,No,No,No,No,No,Month-to-month,Yes,Mailed check,111.21,4937.34,Yes
TC-04642,Male,0,No,Yes,13,Yes,No,Fiber optic,No,No,Yes,Yes,No,Yes,Month-to-month,No,Electronic check,73.5,910.71,No
TC-04643,Male,1,Yes,Yes,11,Yes,No,DSL,No,No,No,No,No,No,Two year,No,Mailed check,20.79,265.18,No
TC-04644,Male,0,No,No,62,Yes,No,Fiber optic,Yes,Yes,Yes,Yes,No,Yes,Month-to-month,Yes,Credit card (automatic),86.61,5384.47,No
TC-04645,Female,0,Yes,No,37,Yes,Yes,No,No internet service,No internet service,No internet service,No internet service,No internet service,No internet service,Month-to-month,No,Electronic check,23.05,941.55,No
TC-04646,Male,0,Yes,No,46,Yes,No,No,No internet service,No internet service,No internet service,No internet service,No internet service,No internet service,Month-to-month,No,Mailed check,112.4,5280.1,No
TC-04647,Female,0,No,No,53,Yes,No,Fiber optic,Yes,Yes,Yes,Yes,Yes,No,Month-to-month,Yes,Credit card (automatic),66.66,3572.77,Yes
TC-04648,Male,1,No,No,54,No,No phone service,No,No internet service,No internet service,No internet service,No internet service,No internet service,No internet service,Two year,No,Electronic check,114.8,6186.18,No
TC-04649,Male,0,No,No,47,Yes,Yes,DSL,Yes,Yes,Yes,No,Yes,Yes,Month-to-month,Yes,Mailed check,20.59,992.26,No
TC-04650,Female,0,Yes,No,71,Yes,Yes,Fiber optic,Yes,No,Yes,No,Yes,Yes,Two year,Yes,Mailed check,71.28,5089.95,No
TC-04651,Male,0,Yes,No,14,Yes,No,Fiber optic,Yes,Yes,Yes,No,No,Yes,Month-to-month,Yes,Mailed check,40.62,595.02,No
TC-04652,Female,0,Yes,Yes,70,Yes,No,Fiber optic,Yes,No,Yes,No,Yes,Yes,Month-to-month,Yes,Electronic check,82.07,5765.92,Yes
TC-04653,Female,0,Yes,No,15,Yes,Yes,DSL,Yes,No,Yes,No,Yes,Yes,Month-to-month,No,Electronic check,67.82,1044.01,Yes
TC-04654,Male,1,No,No,42,Yes,No,No,No internet service,No internet service,No internet service,No internet service,No internet service,No internet service,One year,Yes,Mailed check,74.61,3186.1,No
TC-04655,Female,1,No,No,6,Yes,No,Fiber optic,Yes,Yes,No,No,No,No,One year,No,Bank transfer (automatic),53.96,433.66,No
TC-04656,Male,0,Yes,No,42,No,No phone service,Fiber optic,No,No,Yes,No,Yes,No,One year,No,Electronic check,23.15,881.83,No
TC-04657,Male,0,No,No,27,Yes,Yes,Fiber optic,No,No,No,No,Yes,Yes,Month-to-month,No,Credit card (automatic),28.61,837.46,Yes
TC-04658,Female,0,No,No,65,Yes,No,DSL,No,No,No,Yes,Yes,No,Month-to-month,No,Credit card (automatic),103.86,6757.98,No
TC-04659,Male,1,No,Yes,59,Yes,No,DSL,No,No,Yes,Yes,Yes,Yes,Month-to-month,Yes,Bank transfer (automatic),88.28,5169.03,No
TC-04660,Female,0,No,No,2,Yes,Yes,No,No internet service,No internet service,No internet service,No internet service,No internet service,No internet service,Two year,Yes,Credit card (automatic),94.94,122.34,No
TC-04661,Male,0,Yes,Yes,0,Yes,Yes,Fiber optic,No,Yes,Yes,No,No,Yes,Two year,No,Credit card (automatic),30.27,30.27,No
TC-04662,Male,0,No,No,30,Yes,Yes,No,No internet service,No internet service,No internet service,No internet service,No internet service,No internet service,Month-to-month,No,Credit card (automatic),22.92,689.4,No
TC-04663,Male,0,No,Yes,55,No,No phone service,DSL,Yes,Yes,Yes,No,Yes,No,Month-to-month,Yes,Electronic check,19.73,1031.21,No
TC-04664,Male,1,No,No,45,Yes,No,No,No internet service,No internet service,No internet service,No internet service,No internet service,No internet service,Month-to-month,Yes,Credit card (automatic),70.18,3156.57,No
TC-04665,Male,0,Yes,Yes,31,No,No phone service,No,No internet service,No internet service,No internet service,No internet service,No internet service,No internet service,Month-to-month,No,Bank transfer (automatic),68.09,2162.63,No
TC-04666,Female,0,No,No,17,Yes,No,Fiber optic,No,No,Yes,Yes,Yes,Yes,Two year,Yes,Mailed check,29.06,571.6,No
TC-04667,Female,0,Yes,Yes,67,Yes,No,Fiber optic,Yes,No,No,No,Yes,Yes,Two year,Yes,Electronic check,52.66,3534.59,No
TC-04668,Female,0,Yes,Yes,34,Yes,No,Fiber optic,No,No,Yes,No,Yes,No,Month-to-month,Yes,Electronic check,71.02,2420.9,No
TC-04669,Female,0,No,No,22,Yes,Yes,DSL,Yes,No,Yes,Yes,Yes,Yes,Month-to-month,No,Bank transfer (automatic),85.58,1913.9,No
TC-04670,Female,0,No,Yes,12,Yes,Yes,Fiber optic,No,No,Yes,No,No,Yes,One year,Yes,Mailed check,99.0,1246.25,Yes
TC-04671,Female,0,Yes,Yes,13,Yes,Yes,DSL,Yes,No,No,No,Yes,Yes,Month-to-month,Yes,Electronic check,82.14,1076.99,No
TC-04672,Male,0,Yes,Yes,36,Yes,Yes,No,No internet service,No internet service,No internet service,No internet service,No internet service,No internet service,Month-to-month,Yes,Mailed check,21.0,773.51,No
TC-04673,Male,0,Yes,No,4,Yes,No,No,No internet service,No internet service,No internet service,No internet service,No internet service,No internet service,Month-to-month,Yes,Electronic check,76.61,286.48,Yes
TC-04674,Female,0,Yes,No,21,No,No phone service,Fiber optic,No,Yes,No,Yes,Yes,Yes,Month-to-month,Yes,Bank transfer (automatic),26.79,554.7,No
TC-04675,Female,0,No,Yes,27,Yes,Yes,DSL,No,No,Yes,Yes,No,No,Month-to-month,No,Mailed check,74.49,1979.43,No
TC-04676,Male,0,Yes,Yes,3,Yes,No,DSL,Yes,Yes,No,No,No,No,Month-to-month,Yes,Bank transfer (automatic),55.6,115.07,No
TC-04677,Male,0,No,No,49,Yes,Yes,No,No internet service,No internet service,No internet service,No internet service,No internet service,No internet service,Month-to-month,No,Mailed check,46.63,2224.62,No
TC-04678,Male,0,No,No,28,Yes,No,No,No internet service,No internet service,No internet service,No internet service,No internet service,No internet service,Month-to-month,Yes,Electronic check,66.17,1809.65,Yes
TC-04679,Female,0,Yes,No,36,Yes,No,Fiber optic,Yes,No,No,Yes,No,Yes,Month-to-month,No,Electronic check,56.15,1974.85,Yes
TC-04680,Female,0,No,No,34,Yes,No,Fiber optic,No,Yes,Yes,Yes,Yes,Yes,Month-to-month,Yes,Credit card (automatic),101.03,3449.96,No
TC-04681,Female,1,Yes,No,19,Yes,No,Fiber optic,No,No,Yes,No,Yes,Yes,One year,No,Credit card (automatic),40.65,794.75,No
TC-04682,Male,0,Yes,No,34,Yes,No,No,No internet service,No internet service,No internet service,No internet service,No internet service,No internet service,Month-to-month,No,Bank transfer (automatic),31.67,1055.75,No
TC-04683,Male,0,Yes,No,1,Yes,No,Fiber optic,No,No,Yes,No,Yes,No,One year,No,Credit card (automatic),101.7,59.75,No
TC-04684,Female,0,No,No,57,Yes,No,DSL,Yes,Yes,No,No,Yes,Yes,Month-to-month,Yes,Mailed check,42.34,2520.97,No
TC-04685,Female,0,No,No,17,Yes,Yes,Fiber optic,Yes,No,Yes,No,Yes,Yes,Two year,Yes,Bank transfer (automatic),21.22,338.69,No
TC-04686,Male,1,Yes,No,55,Yes,Yes,DSL,No,Yes,No,No,No,Yes,Month-to-month,Yes,Mailed check,56.7,3088.84,No
TC-04687,Male,0,No,No,63,Yes,No,Fiber optic,Yes,Yes,No,No,No,No,Two year,Yes,Electronic check,99.9,6215.05,No
TC-04688,Male,1,No,No,51,Yes,Yes,Fiber optic,Yes,Yes,Yes,Yes,Yes,No,Month-to-month,No,Credit card (automatic),61.19,3146.54,Yes
TC-04689,Male,0,No,No,21,Yes,Yes,No,No internet service,No internet service,No internet service,No internet service,No internet service,No internet service,Month-to-month,Yes,Electronic check,65.01,1456.17,No
TC-04690,Female,1,No,No,59,Yes,Yes,Fiber optic,Yes,Yes,No,Yes,No,No,Month-to-month,No,Credit card (automatic),22.72,1331.15,No
TC-04691,Male,1,No,Yes,9,Yes,Yes,DSL,Yes,Yes,No,Yes,No,Yes,Month-to-month,Yes,Electronic check,89.11,784.64,Yes
TC-04692,Male,1,Yes,No,5,Yes,Yes,No,No internet service,No internet service,No internet service,No internet service,No internet service,No internet service,Month-to-month,No,Credit card (automatic),52.37,275.68,No
TC-04693,Male,0,No,No,5,Yes,No,No,No internet service,No internet service,No internet service,No internet service,No internet service,No internet service,Month-to-month,No,Mailed check,90.86,469.68,No
TC-04694,Female,0,No,No,27,Yes,No,Fiber optic,No,No,No,Yes,No,Yes,Month-to-month,Yes,Electronic check,59.1,1470.92,No
TC-04695,Female,0,Yes,No,41,Yes,No,DSL,Yes,Yes,Yes,No,No,No,Month-to-month,Yes,Credit card (automatic),70.69,2930.67,No
TC-04696,Male,0,No,Yes,40,Yes,Yes,DSL,No,No,Yes,Yes,Yes,Yes,Two year,No,Electronic check,76.95,3171.75,No
TC-04697,Male,1,No,Yes,62,No,No phone service,DSL,No,Yes,Yes,Yes,No,No,Month-to-month,No,Mailed check,37.69,2339.58,No
TC-04698,Male,0,No,No,21,Yes,No,DSL,No,No,No,Yes,No,No,Two year,No,Credit card (automatic),47.4,989.97,No
TC-04699,Female,1,Yes,No,28,Yes,Yes,DSL,No,No,Yes,Yes,Yes,No,Month-to-month,Yes,Electronic check,76.56,2183.41,No
TC-04700,Female,0,No,No,70,Yes,No,DSL,Yes,No,No,Yes,Yes,Yes,Month-to-month,No,Mailed check,100.29,7054.1,No
TC-04701,Female,0,No,Yes,33,Yes,No,No,No internet service,No internet service,No internet service,No internet service,No internet service,No internet service,Month-to-month,Yes,Electronic check,114.14,3775.27,Yes
TC-04702,Male,0,Yes,No,1,Yes,Yes,Fiber optic,No,Yes,Yes,No,Yes,Yes,Two year,Yes,Mailed check,70.42,109.07,Yes
TC-04703,Female,0,Yes,No,25,Yes,Yes,Fiber optic,Yes,Yes,No,No,No,No,Two year,No,Credit card (automatic),25.39,675.77,No
TC-04704,Male,0,No,No,18,Yes,Yes,DSL,Yes,No,Yes,Yes,No,Yes,Month-to-month,Yes,Bank transfer (automatic),113.6,1986.14,Yes
TC-04705,Male,0,Yes,No,19,Yes,No,No,No internet service,No internet service,No internet service,No internet service,No internet service,No internet service,Month-to-month,Yes,Mailed check,60.08,1084.09,No
TC-04706,Male,1,Yes,No,32,Yes,No,Fiber optic,Yes,No,No,Yes,No,Yes,Month-to-month,Yes,Mailed check,28.25,839.43,Yes
TC-04707,Female,0,Yes,No,3,Yes,No,No,No internet service,No internet service,No internet service,No internet service,No internet service,No internet service,One year,Yes,Electronic check,115.22,269.98,No
TC-04708,Male,0,No,No,31,Yes,No,Fiber optic,Yes,No,Yes,Yes,Yes,Yes,One year,Yes,Credit card (automatic),46.05,1468.08,No
TC-04709,Female,0,No,Yes,18,Yes,Yes,DSL,Yes,Yes,No,Yes,Yes,Yes,Month-to-month,Yes,Credit card (automatic),83.68,1546.88,Yes
TC-04710,Female,0,Yes,No,2,No,No phone service,No,No internet service,No internet service,No internet service,No internet service,No internet service,No internet service,Month-to-month,Yes,Electronic check,32.41,87.21,No
TC-04711,Male,0,Yes,No,60,Yes,Yes,Fiber optic,No,Yes,No,Yes,No,No,Month-to-month,No,Electronic check,89.96,5480.7,No
TC-04712,Male,0,Yes,No,37,Yes,No,Fiber optic,No,No,Yes,No,Yes,Yes,Month-to-month,No,Credit card (automatic),115.63,4262.89,No
TC-04713,Female,0,Yes,No,5,Yes,No,Fiber optic,Yes,No,No,Yes,No,Yes,Month-to-month,Yes,Electronic check,116.51,548.05,No
TC-04714,Male,0,No,No,55,Yes,No,Fiber optic,No,Yes,No,Yes,No,Yes,Month-to-month,Yes,Bank transfer (automatic),30.62,1690.23,No
TC-04715,Female,0,Yes,No,39,Yes,No,No,No internet service,No internet service,No internet service,No internet service,No internet service,No internet service,Two year,No,Electronic check,94.87,3757.04,No
TC-04716,Male,1,No,No,68,No,No phone service,Fiber optic,Yes,No,Yes,Yes,No,Yes,Month-to-month,Yes,Bank transfer (automatic),84.43,5711.7,No
TC-04717,Female,0,Yes,No,41,Yes,No,Fiber optic,Yes,No,No,Yes,No,Yes,Two year,No,Electronic check,98.15,4121.25,No
TC-04718,Female,0,No,No,1,Yes,Yes,Fiber optic,No,Yes,No,No,No,No,Month-to-month,Yes,Mailed check,51.32,47.73,No
TC-04719,Female,0,No,Yes,27,Yes,No,No,No internet service,No internet service,No internet service,No internet service,No internet service,No internet service,Two year,No,Credit card (automatic),58.17,1596.24,No
TC-04720,Female,0,Yes,No,16,Yes,Yes,Fiber optic,No,Yes,No,No,Yes,Yes,Two year,No,Mailed check,52.18,843.01,No
TC-04721,Male,0,No,No,69,Yes,Yes,DSL,Yes,No,No,Yes,Yes,No,Month-to-month,No,Mailed check,94.65,6511.0,No
TC-04722,Male,0,No,Yes,68,Yes,No,Fiber optic,Yes,No,Yes,Yes,No,Yes,Month-to-month,Yes,Electronic check,98.91,6771.39,No
TC-04723,Female,0,No,Yes,38,Yes,No,DSL,Yes,Yes,Yes,Yes,Yes,Yes,Month-to-month,Yes,Credit card (automatic),42.93,1457.59,No
TC-04724,Female,0,Yes,No,6,Yes,No,DSL,Yes,No,No,No,Yes,Yes,Month-to-month,Yes,Bank transfer (automatic),75.28,434.75,No
TC-04725,Male,0,No,No,31,Yes,Yes,DSL,Yes,Yes,No,No,No,Yes,Month-to-month,No,Mailed check,30.6,988.36,Yes
TC-04726,Male,0,No,No,3,Yes,Yes,DSL,No,Yes,No,No,Yes,No,Two year,Yes,Credit card (automatic),19.32,19.32,No
TC-04727,Male,0,Yes,Yes,20,Yes,Yes,DSL,Yes,No,No,Yes,Yes,Yes,Two year,Yes,Mailed check,79.01,1545.16,No
TC-04728,Male,0,Yes,Yes,31,No,No phone service,DSL,No,Yes,Yes,No,No,No,Month-to-month,No,Bank transfer (automatic),102.02,3137.96,Yes
TC-04729,Male,0,No,No,13,Yes,No,Fiber optic,No,Yes,No,No,Yes,Yes,Two year,No,Bank transfer (automatic),108.66,1396.08,No
TC-04730,Male,0,No,Yes,69,Yes,Yes,DSL,No,Yes,No,Yes,No,No,Two year,Yes,Bank transfer (automatic),80.04,5492.64,No
TC-04731,Female,0,Yes,Yes,45,Yes,Yes,DSL,Yes,No,Yes,No,Yes,Yes,Month-to-month,Yes,Mailed check,98.87,4398.22,No
TC-04732,Male,0,Yes,Yes,19,Yes,Yes,No,No internet service,No internet service,No internet service,No internet service,No internet service,No internet service,Month-to-month,Yes,Credit card (automatic),58.42,1106.43,No
TC-04733,Male,0,No,Yes,57,Yes,Yes,No,No internet service,No internet service,No internet service,No internet service,No internet service,No internet service,Month-to-month,No,Bank transfer (automatic),105.53,6055.49,Yes
TC-04734,Female,1,No,Yes,47,Yes,No,DSL,Yes,No,No,Yes,No,Yes,Month-to-month,Yes,Electronic check,95.47,4506.21,No
TC-04735,Male,0,Yes,No,6,Yes,No,No,No internet service,No internet service,No internet service,No internet service,No internet service,No internet service,Month-to-month,Yes,Credit card (automatic),48.85,344.44,No
TC-04736,Male,0,Yes,Yes,39,Yes,No,Fiber optic,Yes,No,Yes,Yes,No,No,Month-to-month,Yes,Electronic check,77.72,3021.05,No
TC-04737,Male,0,No,No,58,Yes,No,DSL,Yes,Yes,No,No,No,Yes,Month-to-month,Yes,Electronic check,23.13,1404.5,No
TC-04738,Male,0,No,No,35,Yes,No,Fiber optic,Yes,No,No,No,Yes,Yes,Month-to-month,Yes,Credit card (automatic),32.66,1079.31,No
TC-04739,Male,0,Yes,No,43,Yes,Yes,No,No internet service,No internet service,No internet service,No internet service,No internet service,No internet service,Month-to-month,No,Credit card (automatic),112.67,4910.37,No
TC-04740,Female,0,No,No,30,Yes,Yes,Fiber optic,Yes,Yes,Yes,No,No,Yes,Month-to-month,No,Electronic check,18.98,624.01,Yes
TC-04741,Male,0,No,No,41,Yes,Yes,DSL,No,Yes,Yes,No,No,No,One year,No,Electronic check,38.32,1492.24,No
TC-04742,Female,1,No,No,43,Yes,Yes,DSL,No,No,No,Yes,No,Yes,Month-to-month,Yes,Electronic check,31.88,1394.25,No
TC-04743,Female,0,No,No,42,Yes,Yes,DSL,Yes,No,Yes,No,Yes,Yes,One year,No,Credit card (automatic),87.88,3684.65,No
TC-04744,Male,0,Yes,No,42,Yes,No,DSL,Yes,Yes,No,Yes,Yes,No,Two year,Yes,Electronic check,28.57,1194.63,No
TC-04745,Female,0,Yes,No,46,Yes,Yes,DSL,No,Yes,Yes,Yes,No,Yes,Month-to-month,No,Mailed check,20.01,923.76,No
TC-04746,Male,0,No,No,5,Yes,No,Fiber optic,No,No,No,No,Yes,No,Two year,Yes,Electronic check,111.05,524.29,No
TC-04747,Female,0,No,Yes,65,Yes,No,Fiber optic,No,No,Yes,Yes,Yes,Yes,Month-to-month,Yes,Bank transfer (automatic),105.28,6890.14,No
TC-04748,Female,0,No,No,8,Yes,No,Fiber optic,Yes,Yes,No,Yes,Yes,Yes,Month-to-month,Yes,Mailed check,53.84,430.92,No
TC-04749,Male,0,No,No,10,Yes,Yes,Fiber optic,No,Yes,No,No,No,No,One year,No,Credit card (automatic),28.05,224.27,No
TC-04750,Male,0,Yes,No,17,Yes,Yes,DSL,No,No,Yes,No,No,No,Month-to-month,No,Credit card (automatic),85.82,1457.06,Yes
TC-04751,Male,0,No,Yes,24,Yes,Yes,Fiber optic,No,Yes,No,Yes,No,No,Month-to-month,Yes,Mailed check,106.31,2527.73,No
TC-04752,Male,0,No,No,57,Yes,No,No,No internet service,No internet service,No internet service,No internet service,No internet service,No internet service,One year,Yes,Electronic check,115.47,6612.58,No
TC-04753,Male,1,Yes,No,29,No,No phone service,Fiber optic,No,Yes,Yes,No,Yes,Yes,Month-to-month,No,Electronic check,31.01,833.53,Yes
TC-04754,Female,0,Yes,Yes,0,Yes,Yes,Fiber optic,Yes,No,No,No,Yes,Yes,Two year,No,Credit card (automatic),78.02,78.02,No
TC-04755,Female,0,No,No,62,Yes,No,DSL,Yes,Yes,No,Yes,No,Yes,Two year,Yes,Mailed check,61.06,3791.75,No
TC-04756,Female,0,Yes,No,28,No,No phone service,DSL,Yes,No,Yes,No,Yes,Yes,Month-to-month,Yes,Electronic check,33.68,881.23,Yes
TC-04757,Female,0,Yes,No,65,Yes,No,Fiber optic,Yes,No,No,Yes,No,No,One year,No,Bank transfer (automatic),98.79,6411.25,Yes
TC-04758,Female,0,No,No,52,Yes,Yes,Fiber optic,Yes,Yes,No,No,No,Yes,Two year,Yes,Mailed check,96.22,4979.31,No
TC-04759,Female,0,No,No,18,Yes,No,DSL,No,No,No,No,No,Yes,Two year,Yes,Credit card (automatic),114.46,2020.53,No
TC-04760,Female,0,Yes,No,65,Yes,Yes,DSL,Yes,Yes,Yes,No,Yes,Yes,One year,Yes,Electronic check,26.55,1747.0,No
TC-04761,Male,0,No,No,51,Yes,Yes,Fiber optic,Yes,Yes,Yes,No,No,Yes,Month-to-month,No,Electronic check,41.89,2247.91,No
TC-04762,Male,0,Yes,No,30,Yes,No,DSL,No,Yes,No,No,Yes,No,Month-to-month,Yes,Electronic check,100.76,3116.27,Yes
TC-04763,Female,0,Yes,No,59,Yes,No,No,No internet service,No internet service,No internet service,No internet service,No internet service,No internet service,Two year,Yes,Credit card (automatic),57.54,3404.92,No
TC-04764,Female,0,Yes,No,67,Yes,No,DSL,Yes,Yes,Yes,Yes,No,No,Month-to-month,Yes,Credit card (automatic),65.59,4355.5,No
TC-04765,Male,0,No,No,29,Yes,Yes,No,No internet service,No internet service,No internet service,No internet service,No internet service,No internet service,One year,Yes,Mailed check,79.15,2309.35,No
TC-04766,Male,1,No,Yes,12,Yes,Yes,Fiber optic,No,Yes,No,Yes,No,Yes,Month-to-month,Yes,Bank transfer (automatic),58.85,743.1,No
TC-04767,Male,0,Yes,Yes,14,Yes,No,Fiber optic,Yes,Yes,No,No,No,No,Month-to-month,No,Bank transfer (automatic),21.54,311.74,No
TC-04768,Male,1,Yes,No,19,Yes,No,Fiber optic,Yes,Yes,No,Yes,No,Yes,Month-to-month,Yes,Credit card (automatic),78.4,1526.85,No
TC-04769,Female,0,No,No,33,Yes,Yes,Fiber optic,No,No,No,No,Yes,No,Month-to-month,No,Mailed check,40.89,1371.56,Yes
TC-04770,Male,0,Yes,No,19,Yes,No,Fiber optic,No,Yes,Yes,Yes,No,Yes,Month-to-month,Yes,Mailed check,114.89,2197.14,No
TC-04771,Female,0,Yes,Yes,49,Yes,Yes,DSL,Yes,Yes,Yes,No,No,Yes,Two year,Yes,Credit card (automatic),87.03,4203.66,No
TC-04772,Female,0,No,No,26,Yes,No,DSL,No,No,No,Yes,Yes,Yes,One year,Yes,Credit card (automatic),102.07,2647.3,No
TC-04773,Female,0,No,No,29,Yes,No,Fiber optic,No,Yes,No,No,Yes,No,Month-to-month,Yes,Electronic check,113.44,3385.3,Yes
TC-04774,Male,0,No,No,55,Yes,No,DSL,Yes,Yes,Yes,Yes,Yes,Yes,One year,Yes,Bank transfer (automatic),24.33,1362.64,No
TC-04775,Male,0,No,Yes,64,Yes,Yes,DSL,Yes,No,No,No,Yes,Yes,Month-to-month,No,Electronic check,32.87,2162.1,No
TC-04776,Female,1,Yes,No,54,Yes,No,No,No internet service,No internet service,No internet service,No internet service,No internet service,No internet service,Month-to-month,No,Credit card (automatic),98.8,5435.77,No
TC-04777,Female,0,No,Yes,23,Yes,No,No,No internet service,No internet service,No internet service,No internet service,No internet service,No internet service,Two year,Yes,Mailed check,106.48,2390.08,No
TC-04778,Female,0,No,Yes,24,Yes,Yes,No,No internet service,No internet service,No internet service,No internet service,No internet service,No internet service,Month-to-month,No,Bank transfer (automatic),18.49,573.71,Yes
TC-04779,Male,0,Yes,No,52,Yes,Yes,Fiber optic,Yes,Yes,No,Yes,Yes,No,One year,No,Mailed check,112.52,5899.7,No
TC-04780,Female,0,Yes,Yes,10,Yes,Yes,DSL,No,No,No,No,Yes,Yes,Two year,Yes,Credit card (automatic),63.44,692.5,No
TC-04781,Male,0,Yes,Yes,59,Yes,Yes,DSL,No,No,Yes,Yes,Yes,No,Month-to-month,No,Bank transfer (automatic),64.26,3757.83,No
TC-04782,Female,0,No,No,46,No,No phone service,No,No internet service,No internet service,No internet service,No internet service,No internet service,No internet service,Month-to-month,No,Credit card (automatic),105.87,4906.23,No
TC-04783,Female,0,Yes,Yes,24,Yes,Yes,No,No internet service,No internet service,No internet service,No internet service,No internet service,No internet service,One year,No,Mailed check,46.95,1086.74,No
TC-04784,Female,0,No,No,24,Yes,Yes,Fiber optic,Yes,Yes,No,Yes,Yes,Yes,Month-to-month,No,Credit card (automatic),76.35,1839.88,Yes
TC-04785,Male,0,Yes,Yes,16,Yes,Yes,Fiber optic,Yes,Yes,Yes,No,Yes,No,Two year,No,Electronic check,51.42,839.56,No
TC-04786,Male,1,No,No,11,Yes,No,No,No internet service,No internet service,No internet service,No internet service,No internet service,No internet service,Two year,No,Bank transfer (automatic),29.36,311.02,No
TC-04787,Female,0,Yes,No,51,Yes,No,Fiber optic,No,Yes,No,No,Yes,No,Month-to-month,Yes,Credit card (automatic),53.86,2804.39,Yes
TC-04788,Male,0,No,Yes,10,Yes,No,No,No internet service,No internet service,No internet service,No internet service,No internet service,No internet service,Month-to-month,Yes,Bank transfer (automatic),35.3,327.01,Yes
TC-04789,Female,0,No,No,9,Yes,No,DSL,Yes,Yes,No,No,No,No,Month-to-month,Yes,Bank transfer (automatic),70.1,530.29,No
TC-04790,Male,1,Yes,No,59,Yes,Yes,Fiber optic,Yes,No,Yes,Yes,Yes,No,Month-to-month,No,Mailed check,70.98,4175.63,No
TC-04791,Male,0,Yes,Yes,53,Yes,Yes,Fiber optic,No,Yes,No,No,Yes,Yes,Month-to-month,No,Electronic check,61.73,3334.37,No
TC-04792,Male,1,No,No,62,No,No phone service,Fiber optic,Yes,No,No,No,No,No,Month-to-month,No,Electronic check,35.38,2316.35,No
TC-04793,Female,1,Yes,Yes,19,Yes,Yes,No,No internet service,No internet service,No internet service,No internet service,No internet service,No internet service,Month-to-month,Yes,Credit card (automatic),29.87,633.32,Yes
TC-04794,Male,1,No,Yes,4,Yes,Yes,No,No internet service,No internet service,No internet service,No internet service,No internet service,No internet service,Month-to-month,No,Bank transfer (automatic),28.46,167.18,No
TC-04795,Male,0,No,Yes,40,Yes,No,DSL,No,No,No,Yes,Yes,No,Month-to-month,No,Electronic check,29.22,1149.87,No
TC-04796,Female,0,No,No,62,Yes,No,DSL,No,Yes,No,Yes,No,No,Month-to-month,Yes,Credit card (automatic),47.49,3059.55,No
TC-04797,Female,0,Yes,No,55,Yes,Yes,Fiber optic,Yes,Yes,Yes,No,No,Yes,Month-to-month,Yes,Credit card (automatic),18.19,1034.67,No
TC-04798,Female,0,No,No,31,Yes,No,DSL,No,No,No,Yes,No,No,Month-to-month,Yes,Mailed check,24.23,787.3,No
TC-04799,Female,0,No,No,26,No,No phone service,DSL,Yes,Yes,No,No,Yes,No,One year,Yes,Bank transfer (automatic),65.04,1722.45,No
TC-04800,Male,0,No,No,67,Yes,Yes,Fiber optic,No,Yes,Yes,No,Yes,Yes,One year,Yes,Mailed check,36.27,2372.18,No
TC-04801,Male,0,No,No,47,Yes,No,Fiber optic,Yes,Yes,No,No,No,No,Month-to-month,No,Credit card (automatic),44.34,2103.17,No
TC-04802,Male,0,Yes,No,6,Yes,No,No,No internet service,No internet service,No internet service,No internet service,No internet service,No internet service,Month-to-month,No,Mailed check,53.33,247.25,No
TC-04803,Male,0,Yes,No,45,Yes,Yes,DSL,Yes,No,No,Yes,No,Yes,Two year,No,Electronic check,21.97,1030.0,No
TC-04804,Male,0,No,Yes,17,Yes,No,DSL,Yes,Yes,Yes,Yes,Yes,No,Two year,No,Bank transfer (automatic),40.0,696.81,No
TC-04805,Female,0,Yes,No,37,Yes,Yes,DSL,No,No,Yes,Yes,No,Yes,Two year,No,Mailed check,95.67,3508.19,No
TC-04806,Male,0,Yes,No,64,Yes,Yes,Fiber optic,No,No,Yes,No,Yes,Yes,Month-to-month,Yes,Bank transfer (automatic),52.09,3390.07,No
TC-04807,Male,0,No,No,16,Yes,No,Fiber optic,Yes,No,Yes,No,Yes,Yes,Month-to-month,Yes,Bank transfer (automatic),36.62,568.0,No
TC-04808,Male,1,Yes,No,37,Yes,Yes,DSL,No,Yes,No,No,No,No,Month-to-month,Yes,Mailed check,37.77,1380.78,No
TC-04809,Female,0,Yes,No,62,Yes,Yes,DSL,Yes,No,Yes,Yes,Yes,No,Month-to-month,Yes,Credit card (automatic),116.47,7247.84,No
TC-04810,Female,0,Yes,No,41,Yes,No,DSL,Yes,Yes,No,No,Yes,No,Month-to-month,Yes,Credit card (automatic),32.85,1346.06,No
TC-04811,Male,0,Yes,No,7,Yes,Yes,Fiber optic,Yes,No,Yes,No,Yes,No,Month-to-month,Yes,Credit card (automatic),108.54,771.45,Yes
TC-04812,Female,0,Yes,No,29,No,No phone service,DSL,No,Yes,Yes,No,No,Yes,Two year,Yes,Electronic check,26.05,807.07,No
TC-04813,Female,0,Yes,Yes,63,Yes,No,DSL,Yes,Yes,Yes,Yes,No,Yes,Month-to-month,Yes,Credit card (automatic),105.44,6605.8,No
TC-04814,Female,0,No,No,8,Yes,No,DSL,Yes,No,No,Yes,No,No,Month-to-month,Yes,Electronic check,68.69,508.37,No
TC-04815,Female,0,Yes,No,56,Yes,No,No,No internet service,No internet service,No internet service,No internet service,No internet service,No internet service,Month-to-month,Yes,Bank transfer (automatic),78.87,4405.08,No
TC-04816,Female,0,No,No,58,Yes,Yes,DSL,No,Yes,No,Yes,Yes,Yes,Month-to-month,Yes,Electronic check,42.59,2467.07,No
TC-04817,Female,0,No,No,66,No,No phone service,DSL,Yes,Yes,Yes,Yes,No,No,Month-to-month,Yes,Bank transfer (automatic),107.86,7150.87,Yes
TC-04818,Female,0,No,No,4,Yes,No,DSL,No,No,No,Yes,No,No,Two year,Yes,Bank transfer (automatic),76.71,403.93,No
TC-04819,Male,0,Yes,Yes,3,Yes,No,Fiber optic,Yes,No,No,No,Yes,No,Month-to-month,No,Mailed check,85.57,254.57,No
TC-04820,Male,0,Yes,No,7,Yes,Yes,Fiber optic,No,Yes,No,No,Yes,Yes,Two year,Yes,Bank transfer (automatic),73.68,517.57,Yes
TC-04821,Female,0,No,No,41,Yes,No,Fiber optic,Yes,No,No,No,Yes,No,Month-to-month,No,Mailed check,30.52,1218.74,No
TC-04822,Male,0,No,No,34,Yes,Yes,Fiber optic,No,No,No,No,No,No,Month-to-month,No,Electronic check,101.62,3416.44,No
TC-04823,Male,0,No,No,12,No,No phone service,No,No internet service,No internet service,No internet service,No internet service,No internet service,No internet service,Month-to-month,No,Credit card (automatic),36.36,470.18,Yes
TC-04824,Female,1,Yes,Yes,4,Yes,No,Fiber optic,No,Yes,Yes,No,No,No,Month-to-month,Yes,Mailed check,47.19,190.71,Yes
TC-04825,Male,0,Yes,No,39,Yes,Yes,Fiber optic,No,Yes,No,Yes,Yes,No,Month-to-month,No,Credit card (automatic),84.95,3375.4,Yes
TC-04826,Female,0,Yes,No,18,Yes,No,DSL,No,Yes,Yes,Yes,No,Yes,Month-to-month,Yes,Credit card (automatic),27.33,548.85,Yes
TC-04827,Female,1,No,No,3,Yes,Yes,Fiber optic,No,Yes,Yes,No,Yes,No,Month-to-month,Yes,Electronic check,111.34,377.49,No
TC-04828,Female,0,Yes,No,58,Yes,Yes,Fiber optic,Yes,No,No,Yes,No,No,Month-to-month,No,Credit card (automatic),30.41,1690.73,Yes
TC-04829,Male,0,Yes,No,17,Yes,Yes,No,No internet service,No internet service,No internet service,No internet service,No internet service,No internet service,Month-to-month,Yes,Mailed check,84.72,1474.41,No
TC-04830,Male,1,No,No,23,Yes,No,No,No internet service,No internet service,No internet service,No internet service,No internet service,No internet service,Month-to-month,No,Credit card (automatic),81.51,1827.99,No
TC-04831,Male,0,Yes,No,30,Yes,Yes,Fiber optic,Yes,Yes,Yes,No,Yes,No,Month-to-month,No,Electronic check,87.8,2539.8,Yes
TC-04832,Male,0,No,No,57,Yes,Yes,DSL,No,Yes,No,No,Yes,Yes,Month-to-month,Yes,Bank transfer (automatic),61.33,3506.86,No
TC-04833,Female,0,Yes,No,27,Yes,No,DSL,Yes,No,Yes,No,Yes,Yes,Month-to-month,No,Mailed check,56.23,1586.11,No
TC-04834,Female,0,No,No,8,Yes,No,No,No internet service,No internet service,No internet service,No internet service,No internet service,No internet service,Two year,Yes,Electronic check,115.77,961.75,No
TC-04835,Male,0,Yes,No,44,Yes,Yes,Fiber optic,Yes,No,No,No,No,Yes,One year,Yes,Mailed check,99.72,4343.59,No
TC-04836,Female,1,No,Yes,48,Yes,No,Fiber optic,No,Yes,Yes,No,No,Yes,Two year,Yes,Bank transfer (automatic),66.54,3333.74,No
TC-04837,Female,0,Yes,No,1,Yes,Yes,Fiber optic,Yes,No,No,Yes,No,No,Month-to-month,No,Credit card (automatic),36.23,77.06,No
TC-04838,Male,0,No,Yes,5,Yes,Yes,Fiber optic,No,No,No,Yes,No,Yes,Month-to-month,Yes,Electronic check,107.06,493.21,Yes
TC-04839,Female,1,No,Yes,28,Yes,Yes,Fiber optic,No,No,Yes,No,Yes,No,Two year,No,Bank transfer (automatic),82.87,2218.08,No
TC-04840,Male,1,Yes,No,25,Yes,Yes,DSL,No,Yes,Yes,Yes,No,No,Month-to-month,No,Mailed check,31.58,779.27,No
TC-04841,Female,0,Yes,No,27,Yes,Yes,Fiber optic,Yes,Yes,Yes,Yes,No,Yes,Month-to-month,No,Credit card (automatic),36.31,882.17,Yes
TC-04842,Male,0,No,No,6,Yes,Yes,DSL,Yes,Yes,No,Yes,Yes,Yes,Month-to-month,Yes,Bank transfer (automatic),72.08,380.99,No
TC-04843,Female,0,Yes,Yes,33,No,No phone service,Fiber optic,No,Yes,Yes,No,No,Yes,Month-to-month,No,Credit card (automatic),68.37,2171.26,Yes
TC-04844,Female,0,No,No,55,Yes,Yes,DSL,No,Yes,Yes,Yes,No,No,Two year,No,Electronic check,58.93,3203.47,No
TC-04845,Male,0,No,No,9,No,No phone service,Fiber optic,Yes,No,No,Yes,Yes,Yes,Month-to-month,No,Bank transfer (automatic),60.69,519.53,No
TC-04846,Male,1,Yes,No,56,Yes,No,No,No internet service,No internet service,No internet service,No internet service,No internet service,No internet service,Month-to-month,Yes,Bank transfer (automatic),35.22,1928.63,No
TC-04847,Male,1,Yes,No,46,Yes,Yes,Fiber optic,Yes,Yes,Yes,Yes,Yes,Yes,Month-to-month,Yes,Credit card (automatic),43.55,2118.31,No
TC-04848,Male,0,Yes,No,26,Yes,Yes,DSL,Yes,Yes,No,No,No,No,Month-to-month,Yes,Credit card (automatic),67.27,1739.68,No
TC-04849,Female,0,No,Yes,38,Yes,Yes,DSL,Yes,No,No,Yes,No,No,Two year,Yes,Credit card (automatic),24.37,992.47,No
TC-04850,Female,0,No,No,21,No,No phone service,DSL,No,No,Yes,Yes,Yes,Yes,Two year,Yes,Electronic check,53.27,1147.13,No
TC-04851,Male,0,Yes,No,18,Yes,No,No,No internet service,No internet service,No internet service,No internet service,No internet service,No internet service,Month-to-month,No,Electronic check,39.04,692.37,Yes
TC-04852,Female,0,No,No,8,Yes,Yes,Fiber optic,Yes,Yes,Yes,Yes,No,No,Month-to-month,Yes,Credit card (automatic),35.46,259.77,Yes
TC-04853,Male,0,No,Yes,18,Yes,No,Fiber optic,Yes,Yes,No,Yes,No,No,Month-to-month,No,Bank transfer (automatic),32.66,655.43,Yes
TC-04854,Male,0,Yes,No,1,Yes,No,DSL,No,Yes,No,No,Yes,Yes,Month-to-month,No,Mailed check,32.02,32.02,Yes
TC-04855,Female,0,No,No,60,Yes,No,Fiber optic,No,No,No,Yes,No,Yes,Month-to-month,No,Bank transfer (automatic),34.04,2011.06,Yes
TC-04856,Female,0,No,Yes,58,Yes,Yes,Fiber optic,Yes,Yes,Yes,No,Yes,Yes,Month-to-month,Yes,Bank transfer (automatic),55.41,3181.69,No
TC-04857,Male,0,No,No,69,Yes,Yes,DSL,Yes,No,No,No,No,Yes,Two year,Yes,Electronic check,28.15,1946.09,Yes
TC-04858,Male,0,Yes,No,70,Yes,No,DSL,Yes,Yes,No,No,No,Yes,Month-to-month,No,Electronic check,107.7,7493.56,No
TC-04859,Male,0,Yes,No,69,Yes,No,DSL,No,No,No,No,Yes,Yes,Two year,Yes,Electronic check,67.79,4724.35,No
TC-04860,Female,0,No,No,32,Yes,Yes,DSL,Yes,Yes,No,Yes,Yes,Yes,Two year,Yes,Electronic check,68.48,2245.1,No
TC-04861,Female,0,Yes,Yes,64,Yes,Yes,Fiber optic,No,Yes,Yes,No,Yes,No,Month-to-month,Yes,Bank transfer (automatic),39.11,2467.15,No
TC-04862,Female,0,No,No,24,Yes,Yes,DSL,Yes,No,No,No,Yes,No,One year,Yes,Electronic check,104.72,2539.65,No
TC-04863,Female,0,Yes,No,69,Yes,Yes,DSL,Yes,No,Yes,Yes,No,Yes,Month-to-month,No,Credit card (automatic),100.81,6913.89,No
TC-04864,Male,0,No,No,27,Yes,Yes,Fiber optic,No,No,Yes,Yes,No,No,Month-to-month,Yes,Electronic check,21.42,587.28,Yes
TC-04865,Male,0,No,No,17,Yes,No,Fiber optic,Yes,No,No,No,No,Yes,Month-to-month,Yes,Credit card (automatic),91.24,1609.58,Yes
TC-04866,Male,0,No,Yes,62,Yes,No,DSL,No,Yes,Yes,No,No,No,Month-to-month,Yes,Credit card (automatic),36.43,2263.82,No
TC-04867,Male,0,No,No,48,Yes,No,Fiber optic,Yes,No,No,Yes,Yes,Yes,One year,Yes,Credit card (automatic),73.56,3525.63,No
TC-04868,Male,0,Yes,No,65,Yes,Yes,DSL,No,Yes,Yes,No,Yes,No,Two year,No,Mailed check,105.05,6942.63,No
TC-04869,Male,1,No,Yes,39,Yes,No,Fiber optic,No,Yes,No,No,No,No,Two year,No,Mailed check,111.41,4363.0,Yes
TC-04870,Female,0,No,No,65,No,No phone service,No,No internet service,No internet service,No internet service,No internet service,No internet service,No internet service,Month-to-month,Yes,Mailed check,36.45,2327.09,Yes
TC-04871,Female,1,Yes,No,3,Yes,No,No,No internet service,No internet service,No internet service,No internet service,No internet service,No internet service,Month-to-month,Yes,Mailed check,111.96,289.84,No
TC-04872,Male,0,Yes,No,33,Yes,Yes,Fiber optic,No,Yes,No,Yes,No,Yes,Month-to-month,Yes,Bank transfer (automatic),24.96,937.65,No
TC-04873,Male,0,No,No,4,Yes,No,Fiber optic,Yes,Yes,No,Yes,No,No,Two year,No,Mailed check,108.93,398.69,No
TC-04874,Female,0,No,No,21,Yes,No,Fiber optic,No,No,Yes,Yes,Yes,No,Two year,Yes,Mailed check,95.23,1964.76,Yes
TC-04875,Female,0,Yes,No,19,Yes,Yes,No,No internet service,No internet service,No internet service,No internet service,No internet service,No internet service,Month-to-month,Yes,Mailed check,109.38,2079.56,Yes
TC-04876,Female,0,No,Yes,46,Yes,Yes,No,No internet service,No internet service,No internet service,No internet service,No internet service,No internet service,Month-to-month,Yes,Credit card (automatic),54.61,2548.65,No
TC-04877,Female,0,No,No,33,Yes,No,Fiber optic,No,No,Yes,Yes,Yes,Yes,Month-to-month,Yes,Bank transfer (automatic),112.08,3636.61,Yes
TC-04878,Male,0,No,Yes,43,Yes,No,Fiber optic,Yes,Yes,Yes,No,No,Yes,Two year,Yes,Credit card (automatic),99.85,4279.62,No
TC-04879,Male,0,No,No,5,Yes,Yes,DSL,Yes,No,Yes,No,No,Yes,One year,Yes,Credit card (automatic),50.83,187.08,No
TC-04880,Male,0,No,Yes,55,Yes,Yes,Fiber optic,No,Yes,No,No,No,No,Two year,Yes,Credit card (automatic),51.89,2846.31,No
TC-04881,Male,1,No,Yes,28,Yes,Yes,Fiber optic,No,Yes,Yes,No,No,Yes,Month-to-month,No,Bank transfer (automatic),53.72,1545.24,Yes
TC-04882,Male,1,No,Yes,52,No,No phone service,No,No internet service,No internet service,No internet service,No internet service,No internet service,No internet service,Two year,Yes,Bank transfer (automatic),76.88,3985.2,No
TC-04883,Female,0,No,No,0,Yes,No,No,No internet service,No internet service,No internet service,No internet service,No internet service,No internet service,One year,No,Mailed check,36.19,36.19,No
TC-04884,Male,0,No,No,58,No,No phone service,Fiber optic,No,Yes,Yes,No,Yes,Yes,One year,No,Credit card (automatic),61.35,3515.96,No
TC-04885,Female,1,Yes,No,47,Yes,No,No,No internet service,No internet service,No internet service,No internet service,No internet service,No internet service,Month-to-month,Yes,Credit card (automatic),24.77,1175.08,No
TC-04886,Male,0,Yes,Yes,6,Yes,Yes,No,No internet service,No internet service,No internet service,No internet service,No internet service,No internet service,Month-to-month,Yes,Bank transfer (automatic),53.83,388.35,No
TC-04887,Male,0,Yes,No,31,Yes,No,No,No internet service,No internet service,No internet service,No internet service,No internet service,No internet service,Two year,Yes,Bank transfer (automatic),84.67,2675.22,No
TC-04888,Male,0,No,No,60,Yes,Yes,Fiber optic,No,No,No,Yes,Yes,Yes,Month-to-month,Yes,Credit card (automatic),76.95,4749.13,Yes
TC-04889,Male,0,No,No,56,Yes,Yes,Fiber optic,No,Yes,No,No,Yes,No,Month-to-month,No,Mailed check,49.65,2796.59,No
TC-04890,Male,0,No,No,50,Yes,No,Fiber optic,Yes,No,No,Yes,Yes,No,Month-to-month,No,Bank transfer (automatic),43.72,2141.26,Yes
TC-04891,Female,1,Yes,No,18,Yes,Yes,DSL,Yes,Yes,No,Yes,Yes,Yes,Month-to-month,No,Bank transfer (automatic),50.71,916.97,No
TC-04892,Female,0,Yes,No,26,Yes,Yes,DSL,Yes,Yes,No,Yes,Yes,No,Month-to-month,Yes,Bank transfer (automatic),24.95,606.79,No
TC-04893,Female,0,No,Yes,62,Yes,No,DSL,Yes,No,Yes,Yes,Yes,No,Month-to-month,No,Credit card (automatic),43.76,2719.15,No
TC-04894,Male,1,Yes,Yes,59,Yes,No,No,No internet service,No internet service,No internet service,No internet service,No internet service,No internet service,One year,No,Credit card (automatic),88.81,5301.47,No
TC-04895,Male,1,Yes,No,60,Yes,No,Fiber optic,No,Yes,Yes,Yes,Yes,No,Month-to-month,No,Credit card (automatic),35.87,2187.03,No
TC-04896,Female,0,No,No,60,No,No phone service,No,No internet service,No internet service,No internet service,No internet service,No internet service,No internet service,Month-to-month,Yes,Mailed check,31.82,1903.98,Yes
TC-04897,Male,0,No,Yes,44,Yes,Yes,Fiber optic,No,Yes,No,No,Yes,No,Month-to-month,No,Credit card (automatic),102.61,4480.49,Yes
TC-04898,Male,0,Yes,No,20,No,No phone service,DSL,No,No,Yes,Yes,Yes,Yes,Month-to-month,No,Credit card (automatic),41.66,849.46,No
TC-04899,Female,0,No,No,43,Yes,Yes,DSL,No,No,Yes,Yes,No,Yes,Month-to-month,No,Credit card (automatic),43.11,1880.22,No
TC-04900,Male,0,Yes,No,0,Yes,Yes,DSL,Yes,No,Yes,Yes,No,No,Month-to-month,Yes,Bank transfer (automatic),64.3,64.3,No
TC-04901,Female,0,Yes,No,43,Yes,Yes,No,No internet service,No internet service,No internet service,No internet service,No internet service,No internet service,Month-to-month,Yes,Electronic check,65.19,2752.21,No
TC-04902,Male,1,Yes,Yes,61,Yes,No,Fiber optic,No,No,Yes,Yes,Yes,No,One year,No,Bank transfer (automatic),36.62,2219.34,No
TC-04903,Female,0,No,No,60,Yes,No,Fiber optic,Yes,Yes,Yes,Yes,Yes,No,Two year,Yes,Mailed check,73.61,4350.02,No
TC-04904,Male,0,Yes,Yes,49,Yes,Yes,Fiber optic,Yes,Yes,No,Yes,No,Yes,Two year,Yes,Electronic check,87.57,4200.38,No
TC-04905,Male,0,Yes,No,40,Yes,No,No,No internet service,No internet service,No internet service,No internet service,No internet service,No internet service,Two year,No,Electronic check,66.45,2606.47,No
TC-04906,Female,0,No,Yes,32,Yes,No,DSL,No,Yes,No,Yes,No,Yes,Month-to-month,Yes,Mailed check,107.54,3460.41,Yes
TC-04907,Male,0,No,No,11,Yes,No,No,No internet service,No internet service,No internet service,No internet service,No internet service,No internet service,Month-to-month,Yes,Credit card (automatic),117.16,1293.86,Yes
TC-04908,Male,1,Yes,No,1,Yes,No,Fiber optic,No,Yes,Yes,Yes,Yes,Yes,Month-to-month,No,Bank transfer (automatic),70.86,48.62,No
TC-04909,Female,0,No,No,20,Yes,No,No,No internet service,No internet service,No internet service,No internet service,No internet service,No internet service,Month-to-month,No,Mailed check,115.27,2258.59,Yes
TC-04910,Male,0,No,Yes,13,Yes,Yes,Fiber optic,No,Yes,No,Yes,Yes,Yes,Month-to-month,No,Mailed check,82.65,1092.89,Yes
TC-04911,Female,0,Yes,Yes,33,Yes,No,DSL,Yes,No,Yes,Yes,No,Yes,Month-to-month,Yes,Mailed check,70.88,2354.86,No
TC-04912,Male,0,No,Yes,63,Yes,Yes,Fiber optic,No,No,No,No,Yes,Yes,Two year,No,Electronic check,105.0,6677.14,No
TC-04913,Male,0,Yes,No,22,Yes,Yes,DSL,No,No,Yes,No,No,Yes,Two year,No,Bank transfer (automatic),114.65,2396.73,No
TC-04914,Male,0,No,No,49,Yes,Yes,No,No internet service,No internet service,No internet service,No internet service,No internet service,No internet service,Month-to-month,Yes,Mailed check,117.9,5689.8,Yes
TC-04915,Male,0,No,No,13,No,No phone service,Fiber optic,Yes,Yes,No,Yes,No,Yes,Month-to-month,No,Bank transfer (automatic),93.92,1267.87,No
TC-04916,Female,0,Yes,Yes,45,Yes,Yes,DSL,Yes,No,Yes,No,No,No,Month-to-month,Yes,Electronic check,66.53,3017.53,No
TC-04917,Male,0,Yes,Yes,4,Yes,No,DSL,Yes,No,No,No,No,No,Month-to-month,Yes,Bank transfer (automatic),47.6,237.11,No
TC-04918,Female,0,No,Yes,65,Yes,Yes,No,No internet service,No internet service,No internet service,No internet service,No internet service,No internet service,Two year,No,Mailed check,73.8,4752.39,Yes
TC-04919,Male,0,No,No,21,Yes,Yes,No,No internet service,No internet service,No internet service,No internet service,No internet service,No internet service,Month-to-month,Yes,Electronic check,95.75,1991.29,No
TC-04920,Male,0,No,No,69,No,No phone service,Fiber optic,Yes,Yes,Yes,Yes,No,No,Month-to-month,Yes,Electronic check,20.68,1363.04,Yes
TC-04921,Male,0,Yes,No,1,Yes,No,Fiber optic,Yes,Yes,Yes,Yes,No,No,One year,Yes,Electronic check,44.77,44.77,No
TC-04922,Male,0,No,No,28,Yes,No,No,No internet service,No internet service,No internet service,No internet service,No internet service,No internet service,One year,No,Electronic check,53.46,1503.86,No
TC-04923,Female,0,Yes,Yes,60,Yes,No,DSL,Yes,Yes,Yes,Yes,No,Yes,Two year,No,Mailed check,95.99,5830.18,No
TC-04924,Female,0,No,Yes,70,No,No phone service,DSL,Yes,No,Yes,No,No,Yes,One year,Yes,Mailed check,79.36,5546.82,No
TC-04925,Female,0,No,No,15,Yes,Yes,Fiber optic,No,No,No,Yes,Yes,Yes,Month-to-month,Yes,Credit card (automatic),60.57,872.73,Yes
TC-04926,Female,1,No,No,63,Yes,Yes,No,No internet service,No internet service,No internet service,No internet service,No internet service,No internet service,Month-to-month,Yes,Bank transfer (automatic),109.93,6869.61,No
TC-04927,Male,0,No,No,13,Yes,Yes,Fiber optic,No,No,Yes,Yes,Yes,No,Month-to-month,Yes,Electronic check,71.81,989.22,No
TC-04928,Female,0,No,Yes,42,Yes,Yes,DSL,No,Yes,No,No,Yes,Yes,Month-to-month,Yes,Bank transfer (automatic),90.39,3800.43,Yes
TC-04929,Female,0,Yes,Yes,42,Yes,Yes,Fiber optic,No,Yes,Yes,No,No,No,Month-to-month,Yes,Electronic check,83.55,3515.16,No
TC-04930,Male,1,Yes,Yes,69,Yes,No,Fiber optic,No,No,Yes,No,No,No,Two year,No,Bank transfer (automatic),103.85,7093.45,No
TC-04931,Male,0,Yes,Yes,54,Yes,Yes,Fiber optic,No,Yes,No,No,Yes,No,Month-to-month,No,Bank transfer (automatic),99.24,5313.12,Yes
TC-04932,Male,0,No,Yes,30,Yes,No,No,No internet service,No internet service,No internet service,No internet service,No internet service,No internet service,Two year,Yes,Mailed check,116.9,3543.74,Yes
TC-04933,Male,1,Yes,No,39,No,No phone service,Fiber optic,Yes,No,Yes,No,No,No,One year,No,Credit card (automatic),55.92,2154.57,No
TC-04934,Female,1,Yes,Yes,26,Yes,No,DSL,Yes,No,Yes,Yes,No,Yes,One year,Yes,Electronic check,34.49,864.16,No
TC-04935,Female,0,No,Yes,51,Yes,No,No,No internet service,No internet service,No internet service,No internet service,No internet service,No internet service,Month-to-month,Yes,Credit card (automatic),93.98,4918.46,No
TC-04936,Male,0,No,No,6,Yes,No,DSL,No,No,No,No,Yes,No,Month-to-month,Yes,Bank transfer (automatic),105.47,636.3,Yes
TC-04937,Male,1,Yes,No,45,Yes,Yes,No,No internet service,No internet service,No internet service,No internet service,No internet service,No internet service,Two year,Yes,Bank transfer (automatic),23.44,1046.18,No
TC-04938,Male,0,Yes,No,32,Yes,No,Fiber optic,No,Yes,No,Yes,Yes,No,One year,No,Electronic check,51.29,1634.49,No
TC-04939,Female,0,Yes,No,7,Yes,Yes,Fiber optic,Yes,No,No,Yes,No,No,Month-to-month,Yes,Credit card (automatic),98.72,657.14,No
TC-04940,Female,0,Yes,No,4,Yes,Yes,No,No internet service,No internet service,No internet service,No internet service,No internet service,No internet service,Month-to-month,Yes,Bank transfer (automatic),86.34,341.73,No
TC-04941,Male,0,Yes,Yes,60,Yes,No,Fiber optic,Yes,Yes,Yes,Yes,Yes,Yes,One year,No,Electronic check,93.53,5708.81,No
TC-04942,Male,0,Yes,No,71,Yes,No,Fiber optic,No,No,Yes,No,No,Yes,Month-to-month,Yes,Credit card (automatic),72.32,5155.37,Yes
TC-04943,Female,0,Yes,Yes,59,Yes,No,No,No internet service,No internet service,No internet service,No internet service,No internet service,No internet service,Month-to-month,Yes,Bank transfer (automatic),56.18,3234.85,No
TC-04944,Male,1,No,Yes,23,Yes,No,DSL,No,Yes,No,No,No,Yes,Month-to-month,No,Mailed check,99.14,2258.35,No
TC-04945,Male,0,Yes,No,6,Yes,Yes,DSL,Yes,No,No,Yes,No,Yes,Month-to-month,Yes,Mailed check,73.45,445.91,Yes
TC-04946,Female,0,No,No,60,Yes,Yes,Fiber optic,Yes,Yes,No,Yes,No,Yes,One year,No,Credit card (automatic),69.5,4094.68,No
TC-04947,Male,0,No,No,35,No,No phone service,DSL,Yes,No,Yes,Yes,Yes,No,Month-to-month,No,Bank transfer (automatic),91.48,3178.41,No
TC-04948,Female,1,No,No,26,No,No phone service,DSL,No,Yes,Yes,No,No,No,One year,No,Mailed check,37.09,916.29,No
TC-04949,Male,0,Yes,No,28,Yes,No,No,No internet service,No internet service,No internet service,No internet service,No internet service,No internet service,Month-to-month,Yes,Bank transfer (automatic),76.6,2124.99,No
TC-04950,Male,0,Yes,No,19,Yes,No,Fiber optic,Yes,No,Yes,Yes,No,No,Two year,Yes,Mailed check,48.44,923.86,No
TC-04951,Female,0,No,No,69,Yes,No,No,No internet service,No internet service,No internet service,No internet service,No internet service,No internet service,Two year,Yes,Mailed check,20.14,1424.59,No
TC-04952,Female,0,Yes,No,2,Yes,Yes,No,No internet service,No internet service,No internet service,No internet service,No internet service,No internet service,Month-to-month,Yes,Electronic check,92.89,128.09,No
TC-04953,Male,1,Yes,No,38,Yes,Yes,DSL,Yes,No,Yes,No,Yes,No,One year,No,Electronic check,65.47,2483.58,No
TC-04954,Female,0,No,Yes,44,No,No phone service,No,No internet service,No internet service,No internet service,No internet service,No internet service,No internet service,Month-to-month,No,Mailed check,108.32,4749.72,Yes
TC-04955,Male,0,Yes,No,67,Yes,No,No,No internet service,No internet service,No internet service,No internet service,No internet service,No internet service,Two year,Yes,Bank transfer (automatic),68.02,4546.33,No
TC-04956,Male,0,No,No,30,Yes,No,DSL,No,No,No,No,No,Yes,Month-to-month,No,Credit card (automatic),19.02,529.63,No
TC-04957,Female,0,No,Yes,37,Yes,No,No,No internet service,No internet service,No internet service,No internet service,No internet service,No internet service,Month-to-month,No,Bank transfer (automatic),58.87,2175.82,No
TC-04958,Male,0,No,No,5,Yes,No,Fiber optic,Yes,Yes,Yes,Yes,Yes,No,Month-to-month,No,Electronic check,35.11,200.23,No
TC-04959,Male,0,No,No,7,Yes,No,No,No internet service,No internet service,No internet service,No internet service,No internet service,No internet service,Month-to-month,Yes,Electronic check,110.11,701.18,Yes
TC-04960,Female,0,Yes,Yes,27,Yes,Yes,No,No internet service,No internet service,No internet service,No internet service,No internet service,No internet service,Month-to-month,Yes,Mailed check,62.58,1776.08,No
TC-04961,Female,0,No,Yes,14,Yes,No,Fiber optic,Yes,Yes,Yes,Yes,No,No,Month-to-month,No,Bank transfer (automatic),69.07,1014.06,No
TC-04962,Male,0,Yes,No,7,Yes,Yes,Fiber optic,Yes,Yes,Yes,No,No,No,Month-to-month,Yes,Bank transfer (automatic),54.55,303.12,Yes
TC-04963,Female,0,Yes,No,53,Yes,No,DSL,Yes,No,Yes,Yes,Yes,Yes,Month-to-month,No,Mailed check,70.22,3794.0,No
TC-04964,Female,0,Yes,No,5,Yes,Yes,Fiber optic,No,No,Yes,Yes,Yes,No,Month-to-month,No,Credit card (automatic),26.28,207.13,No
TC-04965,Female,0,Yes,Yes,28,Yes,No,DSL,No,No,No,No,Yes,Yes,Month-to-month,Yes,Electronic check,63.87,1763.22,Yes
TC-04966,Female,0,No,Yes,33,Yes,No,No,No internet service,No internet service,No internet service,No internet service,No internet service,No internet service,Month-to-month,Yes,Credit card (automatic),84.34,2793.5,Yes
TC-04967,Male,0,No,No,6,Yes,Yes,Fiber optic,Yes,Yes,No,No,No,Yes,Month-to-month,Yes,Bank transfer (automatic),55.23,335.9,Yes
TC-04968,Male,1,No,No,39,Yes,No,No,No internet service,No internet service,No internet service,No internet service,No internet service,No internet service,Month-to-month,Yes,Mailed check,57.27,2164.66,No
TC-04969,Male,0,No,No,12,Yes,No,Fiber optic,No,Yes,Yes,Yes,No,Yes,Two year,Yes,Mailed check,101.74,1272.23,No
TC-04970,Female,0,No,No,61,Yes,No,DSL,No,Yes,Yes,Yes,Yes,No,Month-to-month,No,Bank transfer (automatic),71.66,4277.22,No
TC-04971,Female,1,Yes,No,64,Yes,Yes,Fiber optic,Yes,Yes,Yes,No,No,Yes,Month-to-month,No,Mailed check,76.76,4927.11,Yes
TC-04972,Female,1,No,Yes,40,Yes,No,DSL,No,No,Yes,No,No,No,Two year,Yes,Mailed check,47.68,1985.6,Yes
TC-04973,Female,1,Yes,Yes,41,Yes,No,DSL,Yes,Yes,Yes,Yes,Yes,Yes,Month-to-month,Yes,Electronic check,66.3,2633.86,No
TC-04974,Female,0,Yes,No,65,Yes,No,Fiber optic,No,No,No,No,Yes,Yes,Month-to-month,Yes,Electronic check,23.4,1506.35,Yes
TC-04975,Female,0,No,No,10,Yes,No,No,No internet service,No internet service,No internet service,No internet service,No internet service,No internet service,Month-to-month,Yes,Electronic check,61.03,667.29,No
TC-04976,Female,0,Yes,No,49,Yes,No,Fiber optic,No,No,No,Yes,No,Yes,Month-to-month,No,Credit card (automatic),98.27,4835.35,No
TC-04977,Male,0,Yes,No,70,Yes,Yes,DSL,Yes,Yes,No,No,No,Yes,Two year,Yes,Electronic check,34.15,2432.17,No
TC-04978,Male,0,No,No,34,Yes,Yes,No,No internet service,No internet service,No internet service,No internet service,No internet service,No internet service,Month-to-month,Yes,Credit card (automatic),94.45,3176.94,No
TC-04979,Female,1,No,Yes,19,Yes,Yes,DSL,No,No,No,Yes,Yes,No,One year,Yes,Bank transfer (automatic),55.42,1005.94,No
TC-04980,Female,0,No,Yes,27,Yes,Yes,DSL,No,No,Yes,No,Yes,Yes,Month-to-month,Yes,Credit card (automatic),20.71,549.19,No
TC-04981,Female,0,Yes,Yes,36,Yes,No,No,No internet service,No internet service,No internet service,No internet service,No internet service,No internet service,One year,No,Electronic check,113.32,4092.79,No
TC-04982,Male,1,No,Yes,2,Yes,No,DSL,No,No,Yes,Yes,No,Yes,Two year,Yes,Bank transfer (automatic),36.14,102.27,No
TC-04983,Male,0,No,No,58,Yes,Yes,DSL,No,Yes,Yes,No,No,No,Month-to-month,No,Bank transfer (automatic),51.48,3008.07,No
TC-04984,Female,0,Yes,Yes,26,Yes,Yes,Fiber optic,Yes,Yes,No,Yes,No,Yes,Month-to-month,Yes,Bank transfer (automatic),66.07,1766.76,Yes
TC-04985,Female,0,No,Yes,31,Yes,Yes,DSL,No,No,No,No,No,No,Month-to-month,Yes,Bank transfer (automatic),112.94,3506.93,No
TC-04986,Male,0,Yes,No,47,Yes,Yes,DSL,Yes,Yes,Yes,No,Yes,No,Month-to-month,No,Bank transfer (automatic),76.12,3525.26,No
TC-04987,Male,0,Yes,No,45,Yes,Yes,Fiber optic,No,No,No,Yes,No,No,Month-to-month,No,Electronic check,108.53,4816.1,No
TC-04988,Male,1,No,No,46,Yes,No,No,No internet service,No internet service,No internet service,No internet service,No internet service,No internet service,Two year,No,Credit card (automatic),74.45,3462.62,No
TC-04989,Male,1,Yes,No,39,Yes,Yes,Fiber optic,Yes,No,Yes,No,No,No,Month-to-month,Yes,Bank transfer (automatic),38.54,1553.35,No
TC-04990,Female,1,Yes,No,2,Yes,No,DSL,Yes,No,No,No,No,No,One year,No,Credit card (automatic),74.44,247.45,No
TC-04991,Male,0,No,No,28,No,No phone service,No,No internet service,No internet service,No internet service,No internet service,No internet service,No internet service,Month-to-month,Yes,Bank transfer (automatic),28.04,906.3,Yes
TC-04992,Male,1,No,Yes,57,Yes,Yes,No,No internet service,No internet service,No internet service,No internet service,No internet service,No internet service,Month-to-month,Yes,Credit card (automatic),29.71,1742.09,No
TC-04993,Female,0,No,Yes,49,No,No phone service,DSL,No,Yes,No,Yes,No,Yes,Two year,Yes,Mailed check,29.57,1467.26,No
TC-04994,Male,0,Yes,No,9,Yes,No,Fiber optic,Yes,No,Yes,No,Yes,No,Month-to-month,Yes,Electronic check,19.23,152.05,Yes
TC-04995,Male,0,Yes,No,60,Yes,No,Fiber optic,Yes,Yes,No,No,No,Yes,Month-to-month,Yes,Mailed check,33.13,1944.11,No
TC-04996,Male,0,No,No,60,Yes,No,Fiber optic,Yes,Yes,No,No,Yes,Yes,Month-to-month,Yes,Electronic check,53.3,3201.34,No
TC-04997,Female,0,No,Yes,22,Yes,Yes,No,No internet service,No internet service,No internet service,No internet service,No internet service,No internet service,Two year,Yes,Electronic check,25.21,549.37,No
TC-04998,Male,0,No,No,5,Yes,No,No,No internet service,No internet service,No internet service,No internet service,No internet service,No internet service,Month-to-month,Yes,Bank transfer (automatic),18.62,188.36,No
TC-04999,Female,0,Yes,No,59,Yes,No,Fiber optic,Yes,No,No,No,No,Yes,Two year,No,Mailed check,29.23,1753.87,No
TC-05000,Female,0,No,No,26,Yes,Yes,DSL,No,Yes,No,No,Yes,Yes,Month-to-month,Yes,Mailed check,111.61,2890.37,No
TC-05001,Male,0,Yes,Yes,54,Yes,Yes,DSL,Yes,No,No,No,Yes,Yes,Two year,Yes,Credit card (automatic),70.56,3766.15,No
TC-05002,Male,0,No,No,30,Yes,Yes,Fiber optic,No,No,Yes,Yes,No,Yes,Month-to-month,No,Bank transfer (automatic),61.5,1871.71,Yes
TC-05003,Male,0,Yes,No,29,Yes,No,Fiber optic,Yes,Yes,Yes,Yes,Yes,No,Month-to-month,Yes,Mailed check,66.72,1941.78,Yes
TC-05004,Male,0,Yes,No,66,Yes,Yes,No,No internet service,No internet service,No internet service,No internet service,No internet service,No internet service,Month-to-month,Yes,Electronic check,73.48,4827.11,Yes
TC-05005,Female,0,No,Yes,12,Yes,No,DSL,Yes,Yes,No,No,Yes,No,One year,Yes,Credit card (automatic),28.78,311.04,No
TC-05006,Male,0,Yes,No,58,Yes,Yes,Fiber optic,Yes,No,Yes,Yes,Yes,No,Two year,Yes,Electronic check,76.48,4463.3,No
TC-05007,Male,0,Yes,Yes,53,Yes,No,DSL,Yes,Yes,Yes,No,No,Yes,Month-to-month,Yes,Electronic check,101.42,5354.9,No
TC-05008,Male,0,No,Yes,20,Yes,Yes,No,No internet service,No internet service,No internet service,No internet service,No internet service,No internet service,One year,Yes,Credit card (automatic),74.06,1465.03,No
TC-05009,Female,1,No,No,42,Yes,Yes,No,No internet service,No internet service,No internet service,No internet service,No internet service,No internet service,Month-to-month,Yes,Electronic check,106.3,4440.37,No
TC-05010,Male,0,Yes,Yes,10,Yes,No,No,No internet service,No internet service,No internet service,No internet service,No internet service,No internet service,Month-to-month,Yes,Credit card (automatic),31.82,459.92,Yes
TC-05011,Male,0,Yes,No,66,Yes,Yes,DSL,Yes,Yes,No,Yes,No,Yes,Month-to-month,No,Credit card (automatic),100.59,6646.83,No
TC-05012,Female,0,Yes,No,37,Yes,Yes,DSL,Yes,Yes,No,No,Yes,Yes,Month-to-month,Yes,Bank transfer (automatic),84.26,3076.46,Yes
TC-05013,Female,0,No,Yes,23,Yes,No,Fiber optic,No,Yes,No,No,Yes,No,Month-to-month,Yes,Credit card (automatic),78.37,1673.87,No
TC-05014,Male,0,Yes,No,50,Yes,Yes,Fiber optic,Yes,No,No,No,No,Yes,Month-to-month,No,Bank transfer (automatic),76.88,3761.97,No
TC-05015,Male,0,Yes,No,60,Yes,Yes,DSL,No,No,Yes,Yes,Yes,Yes,Month-to-month,Yes,Credit card (automatic),29.89,1778.75,No
TC-05016,Male,0,No,Yes,45,Yes,No,No,No internet service,No internet service,No internet service,No internet service,No internet service,No internet service,Month-to-month,No,Bank transfer (automatic),82.19,3783.3,No
TC-05017,Male,1,No,No,42,Yes,No,No,No internet service,No internet service,No internet service,No internet service,No internet service,No internet service,Month-to-month,Yes,Mailed check,57.88,2545.3,No
TC-05018,Male,0,No,No,26,Yes,Yes,DSL,No,Yes,Yes,No,No,No,Month-to-month,No,Credit card (automatic),24.33,620.67,No
TC-05019,Female,0,No,No,29,Yes,Yes,Fiber optic,Yes,No,Yes,No,Yes,No,Two year,No,Mailed check,38.53,1135.58,No
TC-05020,Female,0,No,Yes,62,Yes,No,Fiber optic,No,Yes,Yes,Yes,No,No,One year,Yes,Mailed check,62.26,3851.85,No
TC-05021,Male,0,Yes,No,9,Yes,No,DSL,Yes,Yes,Yes,No,No,No,Two year,No,Credit card (automatic),117.3,1078.47,No
TC-05022,Male,1,Yes,Yes,2,Yes,Yes,DSL,No,No,Yes,Yes,Yes,No,Month-to-month,No,Credit card (automatic),61.07,110.12,No
TC-05023,Female,0,Yes,No,59,Yes,No,Fiber optic,No,Yes,Yes,No,No,Yes,One year,Yes,Mailed check,32.98,1917.96,Yes
TC-05024,Male,0,No,No,26,Yes,Yes,No,No internet service,No internet service,No internet service,No internet service,No internet service,No internet service,Month-to-month,No,Credit card (automatic),108.17,2779.58,No
TC-05025,Male,0,No,No,44,Yes,Yes,No,No internet service,No internet service,No internet service,No internet service,No internet service,No internet service,One year,No,Bank transfer (automatic),21.52,982.38,No
TC-05026,Male,0,No,No,61,Yes,No,DSL,No,Yes,No,No,No,No,Month-to-month,Yes,Mailed check,30.67,1936.01,No
TC-05027,Male,1,Yes,No,23,Yes,No,No,No internet service,No internet service,No internet service,No internet service,No internet service,No internet service,Month-to-month,Yes,Credit card (automatic),65.37,1481.04,Yes
TC-05028,Male,0,No,No,45,Yes,No,Fiber optic,Yes,No,No,Yes,Yes,No,Two year,Yes,Mailed check,27.28,1263.97,No
TC-05029,Female,1,No,No,43,Yes,No,DSL,Yes,No,Yes,Yes,No,Yes,One year,No,Mailed check,75.16,3239.71,No
TC-05030,Male,1,No,No,62,Yes,Yes,Fiber optic,No,No,No,Yes,Yes,Yes,One year,Yes,Electronic check,33.78,2075.24,No
TC-05031,Male,0,Yes,Yes,3,Yes,No,No,No internet service,No internet service,No internet service,No internet service,No internet service,No internet service,One year,Yes,Credit card (automatic),83.09,283.18,No
TC-05032,Male,0,No,Yes,15,Yes,Yes,DSL,Yes,Yes,Yes,No,No,Yes,One year,No,Bank transfer (automatic),29.77,513.95,No
TC-05033,Female,0,No,No,50,Yes,Yes,DSL,No,No,Yes,No,No,No,Month-to-month,Yes,Bank transfer (automatic),99.01,4909.29,No
TC-05034,Female,1,Yes,No,47,Yes,Yes,Fiber optic,No,Yes,No,Yes,No,No,Month-to-month,No,Bank transfer (automatic),91.38,4278.73,No
TC-05035,Female,0,No,Yes,64,Yes,Yes,DSL,No,No,No,Yes,No,No,Month-to-month,Yes,Electronic check,110.54,7147.9,No
TC-05036,Female,0,No,Yes,68,Yes,Yes,No,No internet service,No internet service,No internet service,No internet service,No internet service,No internet service,Month-to-month,No,Bank transfer (automatic),24.84,1686.99,No
TC-05037,Male,0,No,Yes,44,Yes,No,Fiber optic,Yes,Yes,No,No,Yes,Yes,One year,No,Bank transfer (automatic),73.53,3195.59,No
TC-05038,Female,0,Yes,No,2,Yes,No,No,No internet service,No internet service,No internet service,No internet service,No internet service,No internet service,Month-to-month,Yes,Bank transfer (automatic),88.89,186.27,No
TC-05039,Male,0,No,No,16,Yes,Yes,DSL,Yes,Yes,No,Yes,Yes,No,Month-to-month,Yes,Credit card (automatic),108.27,1732.75,No
TC-05040,Male,0,No,No,36,Yes,No,No,No internet service,No internet service,No internet service,No internet service,No internet service,No internet service,One year,No,Mailed check,66.21,2436.34,No
TC-05041,Female,1,Yes,No,4,Yes,No,Fiber optic,Yes,No,No,Yes,Yes,No,Two year,No,Mailed check,113.13,450.34,No
TC-05042,Female,0,Yes,No,46,Yes,Yes,DSL,Yes,No,Yes,No,Yes,Yes,Month-to-month,Yes,Bank transfer (automatic),30.25,1390.99,No
TC-05043,Female,0,No,No,43,No,No phone service,No,No internet service,No internet service,No internet service,No internet service,No internet service,No internet service,One year,No,Credit card (automatic),61.32,2634.17,No
TC-05044,Female,0,Yes,Yes,32,Yes,No,Fiber optic,Yes,No,Yes,No,Yes,No,Two year,Yes,Credit card (automatic),43.32,1394.62,No
TC-05045,Female,0,No,Yes,20,Yes,Yes,DSL,No,No,No,No,Yes,Yes,Month-to-month,No,Credit card (automatic),33.54,746.63,No
TC-05046,Male,0,Yes,No,66,Yes,No,DSL,Yes,No,No,No,Yes,No,One year,Yes,Electronic check,46.68,3117.12,No
TC-05047,Female,0,No,No,67,Yes,No,DSL,Yes,Yes,Yes,Yes,Yes,Yes,Two year,No,Credit card (automatic),84.47,5607.37,No
TC-05048,Female,0,No,No,31,No,No phone service,No,No internet service,No internet service,No internet service,No internet service,No internet service,No internet service,One year,Yes,Mailed check,66.32,2070.0,No
TC-05049,Female,1,No,No,23,No,No phone service,No,No internet service,No internet service,No internet service,No internet service,No internet service,No internet service,Month-to-month,Yes,Electronic check,36.15,848.74,No
TC-05050,Male,0,Yes,No,34,Yes,No,Fiber optic,Yes,Yes,Yes,No,Yes,Yes,Month-to-month,Yes,Credit card (automatic),21.17,738.61,Yes
TC-05051,Female,0,Yes,Yes,17,Yes,Yes,Fiber optic,No,Yes,No,No,No,Yes,Month-to-month,Yes,Electronic check,110.35,1801.96,Yes
TC-05052,Male,0,No,Yes,66,Yes,Yes,DSL,Yes,No,Yes,No,Yes,No,Two year,Yes,Electronic check,49.41,3268.37,No
TC-05053,Female,0,No,No,53,Yes,No,Fiber optic,Yes,Yes,No,No,No,Yes,Two year,Yes,Bank transfer (automatic),30.76,1601.88,No
TC-05054,Female,1,No,No,25,Yes,Yes,DSL,Yes,Yes,Yes,Yes,No,No,Month-to-month,Yes,Credit card (automatic),32.61,740.38,No
TC-05055,Male,0,No,No,59,Yes,No,DSL,Yes,Yes,Yes,No,Yes,No,Two year,No,Mailed check,43.34,2617.52,No
TC-05056,Female,0,Yes,No,64,Yes,Yes,Fiber optic,No,No,No,Yes,No,No,Month-to-month,Yes,Credit card (automatic),41.08,2615.01,Yes
TC-05057,Male,0,Yes,No,50,Yes,Yes,No,No internet service,No internet service,No internet service,No internet service,No internet service,No internet service,Month-to-month,Yes,Bank transfer (automatic),45.96,2284.63,No
TC-05058,Male,0,No,No,59,Yes,No,Fiber optic,Yes,No,Yes,Yes,Yes,No,One year,No,Bank transfer (automatic),40.55,2436.56,No
TC-05059,Male,0,Yes,Yes,58,Yes,No,No,No internet service,No internet service,No internet service,No internet service,No internet service,No internet service,Two year,Yes,Credit card (automatic),61.06,3592.68,No
TC-05060,Female,0,Yes,Yes,16,Yes,No,No,No internet service,No internet service,No internet service,No internet service,No internet service,No internet service,One year,Yes,Mailed check,94.56,1500.52,No
TC-05061,Female,0,Yes,Yes,20,Yes,Yes,Fiber optic,Yes,Yes,No,No,Yes,Yes,Two year,Yes,Credit card (automatic),20.72,415.87,No
TC-05062,Female,0,No,No,66,Yes,No,DSL,Yes,No,No,Yes,No,No,Month-to-month,Yes,Electronic check,37.05,2394.79,No
TC-05063,Male,0,No,Yes,27,Yes,Yes,Fiber optic,Yes,No,No,Yes,Yes,Yes,Month-to-month,No,Bank transfer (automatic),89.2,2361.28,Yes
TC-05064,Female,0,Yes,No,43,Yes,Yes,DSL,Yes,No,Yes,Yes,No,No,Two year,No,Electronic check,32.89,1479.16,No
TC-05065,Male,0,Yes,No,69,No,No phone service,DSL,No,Yes,Yes,No,Yes,No,Month-to-month,Yes,Credit card (automatic),92.13,6359.24,No
TC-05066,Female,0,No,No,61,Yes,No,Fiber optic,Yes,No,No,Yes,No,Yes,Month-to-month,Yes,Electronic check,69.48,4286.78,No
TC-05067,Male,0,No,Yes,41,Yes,Yes,No,No internet service,No internet service,No internet service,No internet service,No internet service,No internet service,Month-to-month,Yes,Electronic check,106.16,4344.3,No
TC-05068,Male,0,No,Yes,21,Yes,No,Fiber optic,No,No,No,Yes,Yes,Yes,Month-to-month,No,Credit card (automatic),19.02,420.43,No
TC-05069,Male,0,Yes,No,37,Yes,Yes,Fiber optic,Yes,No,Yes,No,No,Yes,Month-to-month,No,Mailed check,96.44,3481.09,No
TC-05070,Female,0,Yes,Yes,13,Yes,Yes,Fiber optic,Yes,No,No,No,No,Yes,Month-to-month,Yes,Credit card (automatic),75.22,1020.9,Yes
TC-05071,Male,0,Yes,Yes,25,No,No phone service,Fiber optic,No,Yes,Yes,No,No,No,Month-to-month,Yes,Electronic check,64.89,1620.8,No
TC-05072,Male,0,No,Yes,39,No,No phone service,Fiber optic,No,Yes,Yes,No,No,No,One year,No,Mailed check,32.57,1246.73,No
TC-05073,Male,0,No,Yes,53,Yes,Yes,Fiber optic,Yes,Yes,No,No,Yes,Yes,Month-to-month,Yes,Mailed check,41.41,2226.16,No
TC-05074,Male,0,No,Yes,12,No,No phone service,Fiber optic,Yes,No,Yes,No,No,Yes,Two year,No,Bank transfer (automatic),96.6,1208.89,Yes
TC-05075,Male,1,No,No,18,Yes,No,No,No internet service,No internet service,No internet service,No internet service,No internet service,No internet service,Month-to-month,No,Electronic check,32.9,571.91,No
TC-05076,Male,0,No,No,41,Yes,No,Fiber optic,Yes,Yes,No,No,No,Yes,Two year,Yes,Credit card (automatic),70.73,2840.13,No
TC-05077,Female,0,Yes,No,40,Yes,No,DSL,No,Yes,Yes,No,No,No,Month-to-month,No,Credit card (automatic),38.76,1633.68,No
TC-05078,Female,0,Yes,Yes,49,Yes,Yes,Fiber optic,No,Yes,Yes,No,Yes,Yes,Month-to-month,No,Bank transfer (automatic),66.93,3268.79,No
TC-05079,Male,0,Yes,No,2,No,No phone service,Fiber optic,Yes,No,No,No,Yes,Yes,Two year,No,Credit card (automatic),43.47,43.47,No
TC-05080,Female,0,No,No,30,Yes,Yes,No,No internet service,No internet service,No internet service,No internet service,No internet service,No internet service,Month-to-month,No,Bank transfer (automatic),53.11,1572.2,No
TC-05081,Female,0,Yes,Yes,14,Yes,Yes,DSL,Yes,Yes,No,Yes,No,Yes,Month-to-month,Yes,Mailed check,98.24,1397.84,Yes
TC-05082,Male,0,No,No,53,Yes,Yes,Fiber optic,No,Yes,No,No,No,Yes,One year,Yes,Bank transfer (automatic),21.71,1146.54,No
TC-05083,Male,1,Yes,Yes,52,Yes,No,Fiber optic,No,No,No,Yes,Yes,Yes,Month-to-month,No,Electronic check,110.43,5735.91,No
TC-05084,Male,0,Yes,No,44,Yes,Yes,Fiber optic,Yes,No,No,No,No,No,One year,No,Credit card (automatic),49.94,2179.77,No
TC-05085,Female,0,No,No,37,Yes,Yes,Fiber optic,Yes,No,Yes,Yes,Yes,No,Month-to-month,No,Electronic check,77.6,2850.15,No
TC-05086,Male,0,Yes,No,49,Yes,No,Fiber optic,No,Yes,Yes,No,No,Yes,Month-to-month,Yes,Mailed check,40.18,1904.92,No
TC-05087,Female,0,Yes,Yes,23,Yes,Yes,No,No internet service,No internet service,No internet service,No internet service,No internet service,No internet service,One year,Yes,Electronic check,53.87,1174.13,No
TC-05088,Male,0,Yes,No,16,Yes,No,DSL,No,No,No,No,No,No,Month-to-month,Yes,Mailed check,63.97,1041.72,No
TC-05089,Female,0,Yes,Yes,17,Yes,No,DSL,Yes,Yes,Yes,No,No,No,Month-to-month,Yes,Mailed check,86.87,1538.31,Yes
TC-05090,Male,0,Yes,No,41,Yes,No,Fiber optic,Yes,Yes,No,Yes,Yes,No,Month-to-month,No,Mailed check,105.31,4303.92,No
TC-05091,Male,0,Yes,No,16,Yes,No,Fiber optic,Yes,No,No,Yes,Yes,Yes,Month-to-month,Yes,Electronic check,104.61,1743.05,Yes
TC-05092,Female,0,Yes,Yes,15,Yes,Yes,Fiber optic,Yes,No,Yes,Yes,No,No,Month-to-month,Yes,Bank transfer (automatic),51.7,830.44,No
TC-05093,Female,1,No,No,51,Yes,Yes,DSL,No,Yes,Yes,No,No,No,Month-to-month,No,Credit card (automatic),26.87,1363.78,No
TC-05094,Female,0,Yes,No,35,Yes,Yes,DSL,Yes,No,No,No,Yes,No,Two year,No,Mailed check,110.5,3899.4,No
TC-05095,Female,1,No,No,38,Yes,Yes,DSL,Yes,Yes,Yes,No,Yes,No,Month-to-month,Yes,Mailed check,21.07,825.13,No
TC-05096,Female,0,Yes,Yes,24,Yes,No,No,No internet service,No internet service,No internet service,No internet service,No internet service,No internet service,One year,No,Bank transfer (automatic),106.11,2521.39,No
TC-05097,Female,0,No,No,41,No,No phone service,No,No internet service,No internet service,No internet service,No internet service,No internet service,No internet service,Month-to-month,No,Mailed check,20.58,735.89,Yes
TC-05098,Male,0,No,No,20,No,No phone service,No,No internet service,No internet service,No internet service,No internet service,No internet service,No internet service,Month-to-month,Yes,Bank transfer (automatic),115.66,2320.14,No
TC-05099,Female,0,Yes,No,67,Yes,Yes,Fiber optic,Yes,Yes,Yes,No,No,Yes,One year,Yes,Mailed check,19.11,1315.44,No
TC-05100,Male,1,No,No,58,Yes,Yes,Fiber optic,Yes,No,Yes,No,Yes,Yes,Two year,No,Bank transfer (automatic),19.7,1114.92,No
TC-05101,Male,0,No,No,29,Yes,No,DSL,No,No,Yes,No,Yes,Yes,Month-to-month,No,Credit card (automatic),68.87,2097.59,No
TC-05102,Female,1,Yes,No,56,No,No phone service,DSL,No,No,Yes,Yes,Yes,Yes,Two year,Yes,Mailed check,84.68,4793.7,No
TC-05103,Male,0,No,Yes,32,Yes,Yes,No,No internet service,No internet service,No internet service,No internet service,No internet service,No internet service,Two year,Yes,Mailed check,53.28,1631.33,No
TC-05104,Female,0,Yes,No,52,Yes,No,Fiber optic,No,Yes,No,Yes,Yes,No,Two year,Yes,Mailed check,78.59,4076.95,No
TC-05105,Female,0,No,No,15,Yes,Yes,No,No internet service,No internet service,No internet service,No internet service,No internet service,No internet service,Month-to-month,No,Mailed check,102.59,1496.86,No
TC-05106,Male,0,No,No,48,No,No phone service,Fiber optic,No,Yes,No,No,No,Yes,Month-to-month,Yes,Electronic check,97.56,4664.51,Yes
TC-05107,Male,0,No,No,4,Yes,Yes,Fiber optic,Yes,Yes,No,No,No,No,Two year,No,Electronic check,106.41,458.35,No
TC-05108,Female,0,No,Yes,59,Yes,No,DSL,Yes,Yes,Yes,Yes,No,No,One year,Yes,Mailed check,33.92,1988.69,No
TC-05109,Female,0,Yes,No,70,Yes,No,No,No internet service,No internet service,No internet service,No internet service,No internet service,No internet service,Month-to-month,Yes,Bank transfer (automatic),40.46,2803.68,No
TC-05110,Male,0,Yes,No,54,Yes,Yes,Fiber optic,No,No,Yes,No,Yes,No,Two year,Yes,Mailed check,76.77,4150.28,No
TC-05111,Male,1,Yes,Yes,34,Yes,Yes,DSL,Yes,No,Yes,No,No,No,One year,Yes,Bank transfer (automatic),90.37,3110.57,No
TC-05112,Male,0,Yes,No,68,Yes,Yes,DSL,Yes,Yes,Yes,Yes,No,No,Two year,No,Bank transfer (automatic),28.74,1991.81,No
TC-05113,Male,1,Yes,No,41,Yes,No,Fiber optic,Yes,No,No,Yes,Yes,Yes,Month-to-month,No,Electronic check,35.56,1488.73,No
TC-05114,Female,0,No,Yes,68,Yes,Yes,DSL,Yes,Yes,Yes,Yes,Yes,Yes,One year,No,Credit card (automatic),110.29,7568.23,No
TC-05115,Female,0,Yes,Yes,23,Yes,No,DSL,Yes,No,No,No,Yes,No,Month-to-month,Yes,Bank transfer (automatic),20.58,468.82,No
TC-05116,Female,1,No,No,70,Yes,No,Fiber optic,No,No,No,No,Yes,No,One year,Yes,Mailed check,58.18,4054.54,No
TC-05117,Female,0,Yes,No,70,Yes,Yes,DSL,No,No,Yes,No,Yes,No,Month-to-month,No,Credit card (automatic),39.09,2728.53,Yes
TC-05118,Male,1,Yes,Yes,54,Yes,No,Fiber optic,No,No,Yes,No,Yes,Yes,Month-to-month,Yes,Electronic check,95.43,5112.75,No
TC-05119,Male,0,Yes,No,13,No,No phone service,DSL,Yes,No,Yes,Yes,Yes,No,Two year,Yes,Electronic check,104.36,1315.04,No
TC-05120,Female,0,Yes,No,54,Yes,No,Fiber optic,Yes,Yes,No,Yes,Yes,No,Month-to-month,No,Credit card (automatic),42.7,2342.74,No
TC-05121,Female,0,No,No,14,Yes,No,Fiber optic,Yes,Yes,No,No,No,No,One year,Yes,Electronic check,76.99,1119.39,No
TC-05122,Female,0,Yes,No,4,Yes,No,DSL,No,Yes,Yes,Yes,No,Yes,Two year,Yes,Mailed check,102.32,276.99,No
TC-05123,Female,0,No,No,3,Yes,Yes,Fiber optic,Yes,Yes,No,Yes,No,Yes,Month-to-month,Yes,Bank transfer (automatic),77.85,280.56,No
TC-05124,Female,0,No,No,29,Yes,No,Fiber optic,No,Yes,Yes,Yes,No,No,One year,Yes,Bank transfer (automatic),78.07,2243.47,Yes
TC-05125,Female,0,Yes,Yes,52,Yes,No,No,No internet service,No internet service,No internet service,No internet service,No internet service,No internet service,One year,No,Mailed check,59.29,3051.46,No
TC-05126,Female,1,No,No,29,Yes,No,Fiber optic,Yes,No,No,No,No,No,Month-to-month,Yes,Mailed check,83.3,2399.35,Yes
TC-05127,Female,0,No,No,60,Yes,No,No,No internet service,No internet service,No internet service,No internet service,No internet service,No internet service,Month-to-month,Yes,Electronic check,114.03,6778.69,No
TC-05128,Female,0,Yes,Yes,70,Yes,No,Fiber optic,Yes,No,No,No,Yes,No,Two year,No,Mailed check,47.96,3348.8,No
TC-05129,Male,0,No,No,67,No,No phone service,DSL,Yes,Yes,Yes,Yes,No,Yes,One year,Yes,Bank transfer (automatic),38.06,2645.77,No
TC-05130,Female,0,Yes,Yes,54,Yes,Yes,Fiber optic,No,Yes,No,Yes,No,No,Month-to-month,No,Mailed check,113.81,6068.36,Yes
TC-05131,Male,1,Yes,No,70,Yes,No,Fiber optic,No,Yes,No,Yes,No,Yes,Two year,No,Bank transfer (automatic),24.02,1712.32,No
TC-05132,Male,0,No,No,41,Yes,Yes,No,No internet service,No internet service,No internet service,No internet service,No internet service,No internet service,Month-to-month,No,Mailed check,101.99,4230.32,No
TC-05133,Female,0,No,No,28,No,No phone service,DSL,Yes,No,No,Yes,Yes,Yes,Month-to-month,Yes,Credit card (automatic),108.98,3080.54,Yes
TC-05134,Female,0,No,Yes,34,No,No phone service,DSL,Yes,No,No,Yes,Yes,Yes,Month-to-month,Yes,Credit card (automatic),39.94,1434.65,No
TC-05135,Male,0,No,Yes,44,Yes,Yes,No,No internet service,No internet service,No internet service,No internet service,No internet service,No internet service,Month-to-month,Yes,Bank transfer (automatic),60.57,2714.16,No
TC-05136,Male,1,No,No,28,Yes,No,Fiber optic,No,No,No,Yes,No,No,Month-to-month,Yes,Mailed check,30.3,881.95,No
TC-05137,Female,0,No,No,69,Yes,No,Fiber optic,Yes,No,No,Yes,No,Yes,One year,Yes,Mailed check,54.7,3826.2,No
TC-05138,Male,1,No,No,2,Yes,No,Fiber optic,Yes,Yes,Yes,Yes,No,Yes,Month-to-month,Yes,Electronic check,63.73,177.05,No
TC-05139,Female,0,Yes,Yes,56,Yes,No,DSL,Yes,Yes,Yes,No,No,Yes,Two year,Yes,Electronic check,68.96,3844.31,No
TC-05140,Female,1,Yes,Yes,65,Yes,Yes,Fiber optic,Yes,No,Yes,No,No,No,One year,No,Mailed check,30.25,1997.81,No
TC-05141,Female,0,Yes,No,21,Yes,No,No,No internet service,No internet service,No internet service,No internet service,No internet service,No internet service,Month-to-month,Yes,Bank transfer (automatic),58.36,1211.91,No
TC-05142,Male,1,No,No,26,Yes,Yes,No,No internet service,No internet service,No internet service,No internet service,No internet service,No internet service,Month-to-month,Yes,Bank transfer (automatic),80.51,2026.56,No
TC-05143,Male,1,No,Yes,21,Yes,No,DSL,Yes,No,No,Yes,No,No,One year,Yes,Mailed check,68.01,1520.05,No
TC-05144,Female,1,No,No,48,Yes,No,Fiber optic,Yes,Yes,No,Yes,Yes,Yes,Two year,No,Electronic check,102.14,4875.05,No
TC-05145,Male,0,Yes,No,23,Yes,Yes,DSL,No,No,Yes,Yes,Yes,Yes,Month-to-month,Yes,Bank transfer (automatic),113.11,2656.3,No
TC-05146,Male,0,Yes,Yes,26,Yes,No,No,No internet service,No internet service,No internet service,No internet service,No internet service,No internet service,Two year,Yes,Electronic check,99.69,2618.68,No
TC-05147,Male,0,Yes,No,35,Yes,No,Fiber optic,Yes,No,No,Yes,Yes,No,Month-to-month,No,Credit card (automatic),22.74,751.1,No
TC-05148,Male,0,No,No,16,Yes,Yes,Fiber optic,Yes,No,No,Yes,Yes,No,Month-to-month,No,Electronic check,39.47,592.73,No
TC-05149,Male,0,Yes,No,55,Yes,Yes,Fiber optic,Yes,Yes,Yes,Yes,Yes,Yes,Month-to-month,Yes,Electronic check,26.76,1491.67,Yes
TC-05150,Male,0,Yes,No,9,Yes,No,No,No internet service,No internet service,No internet service,No internet service,No internet service,No internet service,Month-to-month,No,Mailed check,61.38,572.39,No
TC-05151,Male,0,No,No,53,Yes,Yes,No,No internet service,No internet service,No internet service,No internet service,No internet service,No internet service,Month-to-month,Yes,Credit card (automatic),90.38,4771.33,No
TC-05152,Female,0,Yes,Yes,37,Yes,No,DSL,Yes,Yes,Yes,Yes,Yes,Yes,Month-to-month,No,Bank transfer (automatic),21.24,706.79,No
TC-05153,Male,0,Yes,No,3,Yes,Yes,Fiber optic,Yes,No,Yes,Yes,No,No,Month-to-month,Yes,Mailed check,44.7,174.26,Yes
TC-05154,Male,0,Yes,No,49,Yes,No,Fiber optic,No,Yes,No,Yes,No,No,Two year,Yes,Electronic check,27.39,1195.86,Yes
TC-05155,Male,0,No,No,60,Yes,Yes,DSL,Yes,Yes,Yes,Yes,Yes,No,Two year,Yes,Credit card (automatic),59.01,3558.01,No
TC-05156,Male,0,Yes,Yes,20,Yes,Yes,No,No internet service,No internet service,No internet service,No internet service,No internet service,No internet service,Two year,Yes,Bank transfer (automatic),110.53,2267.24,No
TC-05157,Male,0,No,No,35,Yes,Yes,Fiber optic,Yes,Yes,Yes,Yes,No,No,Month-to-month,Yes,Bank transfer (automatic),59.28,1982.34,Yes
TC-05158,Male,0,No,No,45,Yes,No,DSL,Yes,No,No,No,No,Yes,Two year,Yes,Credit card (automatic),81.47,3674.15,No
TC-05159,Male,1,Yes,No,70,Yes,No,DSL,No,Yes,No,No,Yes,Yes,Month-to-month,Yes,Mailed check,56.7,3949.81,No
TC-05160,Male,1,Yes,No,43,Yes,No,Fiber optic,Yes,No,Yes,No,Yes,Yes,Month-to-month,No,Credit card (automatic),91.15,3929.2,No
TC-05161,Female,1,No,No,63,Yes,Yes,No,No internet service,No internet service,No internet service,No internet service,No internet service,No internet service,Month-to-month,Yes,Bank transfer (automatic),92.3,5863.79,No
TC-05162,Male,1,No,Yes,17,Yes,Yes,Fiber optic,No,No,No,No,No,No,One year,Yes,Bank transfer (automatic),31.8,473.28,Yes
TC-05163,Male,0,No,No,12,Yes,Yes,DSL,No,Yes,Yes,Yes,No,No,Month-to-month,Yes,Credit card (automatic),83.32,988.67,No
TC-05164,Male,0,No,No,12,Yes,Yes,DSL,Yes,No,No,Yes,Yes,Yes,Month-to-month,Yes,Mailed check,56.64,671.46,No
TC-05165,Male,0,No,No,24,No,No phone service,No,No internet service,No internet service,No internet service,No internet service,No internet service,No internet service,Month-to-month,No,Credit card (automatic),103.97,2397.84,Yes
TC-05166,Female,0,Yes,No,4,Yes,Yes,DSL,Yes,Yes,Yes,Yes,Yes,Yes,Two year,Yes,Electronic check,33.78,163.8,No
TC-05167,Female,0,No,No,38,Yes,Yes,No,No internet service,No internet service,No internet service,No internet service,No internet service,No internet service,Two year,No,Electronic check,107.74,4175.55,No
TC-05168,Female,0,Yes,No,28,Yes,No,No,No internet service,No internet service,No internet service,No internet service,No internet service,No internet service,Two year,No,Bank transfer (automatic),69.15,1969.73,No
TC-05169,Female,0,No,Yes,56,Yes,No,Fiber optic,No,No,Yes,No,No,Yes,Month-to-month,Yes,Electronic check,43.55,2445.29,No
TC-05170,Female,0,Yes,No,45,Yes,Yes,No,No internet service,No internet service,No internet service,No internet service,No internet service,No internet service,Month-to-month,Yes,Electronic check,51.47,2360.45,No
TC-05171,Female,0,No,No,32,Yes,Yes,DSL,No,Yes,No,No,No,Yes,One year,Yes,Credit card (automatic),18.5,562.25,No
TC-05172,Female,0,Yes,Yes,9,Yes,Yes,No,No internet service,No internet service,No internet service,No internet service,No internet service,No internet service,Month-to-month,Yes,Mailed check,112.99,972.84,No
TC-05173,Female,0,Yes,Yes,57,Yes,No,DSL,Yes,Yes,No,No,Yes,Yes,One year,Yes,Electronic check,40.5,2334.18,No
TC-05174,Female,0,No,Yes,24,Yes,Yes,Fiber optic,No,No,Yes,No,No,Yes,Two year,No,Mailed check,108.97,2626.73,No
TC-05175,Female,0,No,No,38,Yes,Yes,Fiber optic,No,Yes,No,Yes,No,No,Month-to-month,Yes,Credit card (automatic),103.3,3941.09,Yes
TC-05176,Female,0,Yes,No,15,Yes,Yes,Fiber optic,No,No,Yes,Yes,Yes,Yes,Month-to-month,Yes,Credit card (automatic),52.91,750.71,Yes
TC-05177,Female,1,Yes,Yes,59,Yes,No,DSL,Yes,No,No,Yes,Yes,No,Month-to-month,Yes,Mailed check,39.09,2231.06,No
TC-05178,Female,0,Yes,Yes,27,Yes,Yes,No,No internet service,No internet service,No internet service,No internet service,No internet service,No internet service,Two year,No,Electronic check,60.66,1585.86,No
TC-05179,Female,0,No,No,43,Yes,No,Fiber optic,Yes,No,No,Yes,No,Yes,Month-to-month,Yes,Mailed check,111.36,4745.84,No
TC-05180,Female,0,No,No,57,Yes,No,No,No internet service,No internet service,No internet service,No internet service,No internet service,No internet service,One year,Yes,Bank transfer (automatic),103.51,5798.01,No
TC-05181,Female,0,No,Yes,31,Yes,No,Fiber optic,No,No,No,Yes,No,No,Month-to-month,Yes,Mailed check,66.86,2096.42,Yes
TC-05182,Male,0,No,No,62,Yes,No,Fiber optic,Yes,No,Yes,No,No,No,Two year,No,Mailed check,72.55,4433.63,No
TC-05183,Female,0,Yes,No,44,Yes,No,No,No internet service,No internet service,No internet service,No internet service,No internet service,No internet service,Month-to-month,Yes,Mailed check,58.86,2522.61,No
TC-05184,Male,0,No,No,52,Yes,Yes,No,No internet service,No internet service,No internet service,No internet service,No internet service,No internet service,One year,Yes,Credit card (automatic),112.48,5835.86,No
TC-05185,Female,1,No,No,60,Yes,Yes,Fiber optic,Yes,Yes,Yes,No,No,Yes,One year,No,Electronic check,116.89,6968.1,No
TC-05186,Female,1,No,No,49,Yes,No,No,No internet service,No internet service,No internet service,No internet service,No internet service,No internet service,Month-to-month,No,Credit card (automatic),46.92,2220.19,No
TC-05187,Male,0,No,Yes,26,Yes,No,Fiber optic,Yes,No,No,Yes,No,Yes,Month-to-month,Yes,Mailed check,112.97,2863.86,No
TC-05188,Female,0,No,Yes,25,No,No phone service,Fiber optic,Yes,Yes,Yes,No,No,No,Two year,No,Credit card (automatic),113.04,2852.78,No
TC-05189,Male,0,Yes,No,2,Yes,No,No,No internet service,No internet service,No internet service,No internet service,No internet service,No internet service,Month-to-month,Yes,Bank transfer (automatic),65.34,113.86,Yes
TC-05190,Male,0,No,No,38,Yes,Yes,Fiber optic,Yes,Yes,No,Yes,No,No,Month-to-month,No,Electronic check,59.49,2184.94,No
TC-05191,Male,0,Yes,No,64,Yes,Yes,DSL,Yes,No,Yes,Yes,Yes,Yes,Two year,No,Electronic check,104.93,6788.32,No
TC-05192,Female,0,No,No,34,Yes,No,DSL,No,No,No,Yes,No,Yes,One year,Yes,Credit card (automatic),112.31,3782.98,No
TC-05193,Female,0,No,Yes,52,Yes,Yes,Fiber optic,No,Yes,No,Yes,Yes,No,Month-to-month,No,Electronic check,58.24,3054.97,Yes
TC-05194,Female,1,No,No,45,Yes,Yes,No,No internet service,No internet service,No internet service,No internet service,No internet service,No internet service,Month-to-month,No,Credit card (automatic),67.22,3019.5,No
TC-05195,Male,0,No,No,67,Yes,Yes,DSL,Yes,No,No,Yes,Yes,Yes,Month-to-month,Yes,Bank transfer (automatic),51.42,3450.04,No
TC-05196,Male,0,Yes,No,21,Yes,No,Fiber optic,No,No,Yes,Yes,Yes,No,Month-to-month,No,Mailed check,38.89,817.73,Yes
TC-05197,Female,0,Yes,No,59,Yes,Yes,Fiber optic,Yes,No,Yes,No,No,Yes,Month-to-month,Yes,Mailed check,117.62,6870.64,Yes
TC-05198,Female,1,No,No,5,Yes,Yes,DSL,Yes,Yes,No,No,No,Yes,One year,No,Bank transfer (automatic),36.88,296.6,No
TC-05199,Female,0,Yes,No,51,Yes,Yes,DSL,Yes,Yes,Yes,No,No,Yes,Two year,Yes,Bank transfer (automatic),99.42,5032.39,No
TC-05200,Female,0,Yes,No,28,Yes,No,No,No internet service,No internet service,No internet service,No internet service,No internet service,No internet service,Two year,Yes,Electronic check,60.06,1722.95,No
TC-05201,Female,0,No,No,42,No,No phone service,DSL,No,Yes,No,No,No,No,Two year,Yes,Credit card (automatic),26.37,1068.0,No
TC-05202,Male,0,Yes,Yes,33,No,No phone service,DSL,No,No,Yes,No,No,Yes,Two year,No,Bank transfer (automatic),50.49,1610.9,No
TC-05203,Male,1,Yes,No,30,Yes,No,DSL,Yes,No,Yes,Yes,Yes,Yes,One year,Yes,Credit card (automatic),26.31,857.76,No
TC-05204,Male,0,No,No,45,Yes,Yes,DSL,No,No,No,Yes,Yes,Yes,One year,Yes,Mailed check,116.19,5306.39,No
TC-05205,Female,0,No,No,3,Yes,Yes,DSL,Yes,No,No,Yes,No,Yes,Month-to-month,Yes,Electronic check,44.52,156.24,Yes
TC-05206,Male,0,Yes,No,1,Yes,Yes,Fiber optic,No,No,No,Yes,Yes,No,Month-to-month,No,Credit card (automatic),92.6,132.95,Yes
TC-05207,Male,0,No,No,4,Yes,Yes,Fiber optic,Yes,No,Yes,No,Yes,No,Month-to-month,Yes,Bank transfer (automatic),60.56,179.53,No
TC-05208,Male,0,No,No,45,Yes,No,Fiber optic,No,No,No,Yes,Yes,No,One year,Yes,Electronic check,85.94,3900.27,No
TC-05209,Male,0,No,No,18,Yes,No,DSL,Yes,No,No,Yes,No,Yes,Month-to-month,No,Bank transfer (automatic),43.51,815.63,No
TC-05210,Male,0,Yes,Yes,37,Yes,No,Fiber optic,Yes,No,No,No,Yes,No,Two year,Yes,Mailed check,27.41,1036.1,No
TC-05211,Female,0,No,No,58,Yes,Yes,DSL,No,No,Yes,No,Yes,No,Month-to-month,Yes,Bank transfer (automatic),98.85,5815.63,No
TC-05212,Male,0,No,No,71,Yes,No,No,No internet service,No internet service,No internet service,No internet service,No internet service,No internet service,Month-to-month,No,Mailed check,89.67,6252.56,No
TC-05213,Female,1,Yes,No,19,Yes,No,DSL,Yes,Yes,Yes,No,No,No,Two year,Yes,Bank transfer (automatic),28.94,540.9,No
TC-05214,Female,0,Yes,No,67,Yes,Yes,No,No internet service,No internet service,No internet service,No internet service,No internet service,No internet service,Month-to-month,Yes,Bank transfer (automatic),91.09,6177.14,No
TC-05215,Female,0,Yes,No,52,Yes,Yes,Fiber optic,No,No,Yes,Yes,Yes,Yes,One year,No,Electronic check,77.76,3987.9,No
TC-05216,Female,0,Yes,No,54,No,No phone service,Fiber optic,Yes,No,Yes,Yes,No,Yes,Month-to-month,No,Mailed check,35.15,1930.58,No
TC-05217,Female,0,Yes,No,38,Yes,No,Fiber optic,No,Yes,No,No,No,No,Month-to-month,No,Bank transfer (automatic),100.56,3796.99,Yes
TC-05218,Male,0,No,Yes,35,Yes,Yes,Fiber optic,Yes,No,Yes,No,No,No,Two year,Yes,Bank transfer (automatic),87.89,3080.57,No
TC-05219,Male,0,Yes,No,57,Yes,No,Fiber optic,No,Yes,No,No,No,Yes,Two year,Yes,Credit card (automatic),68.68,3861.89,No
TC-05220,Female,0,No,No,14,No,No phone service,Fiber optic,Yes,No,No,No,Yes,No,Two year,Yes,Bank transfer (automatic),35.86,615.19,No
TC-05221,Female,0,Yes,No,0,Yes,Yes,No,No internet service,No internet service,No internet service,No internet service,No internet service,No internet service,Month-to-month,Yes,Electronic check,72.02,72.02,No
TC-05222,Female,0,No,Yes,8,Yes,No,Fiber optic,No,No,Yes,No,No,Yes,Two year,Yes,Credit card (automatic),34.27,267.65,No
TC-05223,Male,0,No,No,22,Yes,No,DSL,Yes,Yes,No,No,Yes,No,Month-to-month,No,Mailed check,36.4,787.83,No
TC-05224,Female,0,Yes,No,51,Yes,Yes,No,No internet service,No internet service,No internet service,No internet service,No internet service,No internet service,Month-to-month,No,Electronic check,42.13,2202.35,No
TC-05225,Male,0,Yes,No,25,Yes,No,Fiber optic,No,Yes,No,Yes,No,Yes,Two year,Yes,Electronic check,83.45,2089.74,No
TC-05226,Female,0,Yes,No,59,Yes,No,Fiber optic,Yes,No,No,Yes,No,Yes,Month-to-month,No,Credit card (automatic),85.97,4993.4,No
TC-05227,Male,0,Yes,Yes,17,Yes,No,No,No internet service,No internet service,No internet service,No internet service,No internet service,No internet service,Month-to-month,No,Electronic check,25.28,397.59,No
TC-05228,Female,1,Yes,No,57,Yes,Yes,No,No internet service,No internet service,No internet service,No internet service,No internet service,No internet service,Month-to-month,Yes,Bank transfer (automatic),83.09,4628.02,No
TC-05229,Male,0,Yes,No,64,Yes,No,DSL,Yes,Yes,Yes,No,Yes,Yes,Two year,Yes,Credit card (automatic),21.46,1377.08,No
TC-05230,Female,0,No,No,68,Yes,Yes,DSL,No,Yes,Yes,Yes,Yes,Yes,Month-to-month,Yes,Credit card (automatic),108.5,7467.05,No
TC-05231,Male,0,No,Yes,13,Yes,Yes,DSL,No,Yes,No,Yes,No,No,Two year,Yes,Electronic check,95.87,1236.35,Yes
TC-05232,Male,0,No,No,45,Yes,No,Fiber optic,Yes,Yes,Yes,No,Yes,Yes,Month-to-month,No,Mailed check,90.44,4086.8,No
TC-05233,Male,0,No,No,68,Yes,Yes,Fiber optic,No,No,No,No,Yes,Yes,One year,Yes,Mailed check,41.92,2905.67,No
TC-05234,Male,0,No,No,31,Yes,No,Fiber optic,Yes,No,No,Yes,Yes,No,Two year,No,Mailed check,116.76,3585.02,No
TC-05235,Male,0,Yes,No,50,Yes,Yes,Fiber optic,No,No,Yes,No,No,No,Month-to-month,No,Mailed check,110.43,5576.49,No
TC-05236,Male,0,Yes,No,68,Yes,Yes,DSL,Yes,Yes,No,No,No,No,Two year,Yes,Electronic check,66.99,4650.94,No
TC-05237,Male,0,No,No,14,Yes,No,DSL,No,No,No,No,Yes,No,Month-to-month,No,Bank transfer (automatic),21.47,211.85,Yes
TC-05238,Female,0,No,Yes,52,Yes,Yes,No,No internet service,No internet service,No internet service,No internet service,No internet service,No internet service,One year,Yes,Bank transfer (automatic),69.14,3652.13,No
TC-05239,Female,0,Yes,Yes,70,Yes,No,No,No internet service,No internet service,No internet service,No internet service,No internet service,No internet service,Month-to-month,Yes,Credit card (automatic),33.4,2263.87,No
TC-05240,Female,0,Yes,No,68,Yes,No,DSL,No,Yes,No,Yes,Yes,Yes,One year,Yes,Bank transfer (automatic),77.27,5215.62,No
TC-05241,Female,0,Yes,Yes,14,Yes,No,DSL,Yes,No,No,Yes,No,Yes,One year,No,Mailed check,116.66,1689.81,No
TC-05242,Female,0,Yes,No,29,Yes,No,Fiber optic,Yes,Yes,Yes,No,Yes,No,Two year,No,Credit card (automatic),93.69,2733.12,No
TC-05243,Male,0,No,Yes,23,Yes,No,DSL,Yes,Yes,Yes,Yes,Yes,No,Month-to-month,No,Mailed check,50.23,1132.35,No
TC-05244,Male,0,No,Yes,34,Yes,Yes,DSL,No,Yes,No,No,Yes,No,Two year,Yes,Credit card (automatic),57.42,2063.96,No
TC-05245,Male,0,Yes,Yes,68,Yes,No,Fiber optic,Yes,Yes,No,No,Yes,Yes,Month-to-month,No,Credit card (automatic),112.46,7630.79,No
TC-05246,Male,0,Yes,No,11,Yes,No,DSL,No,Yes,No,Yes,Yes,Yes,Month-to-month,No,Credit card (automatic),29.02,374.04,No
TC-05247,Male,0,No,No,45,Yes,No,Fiber optic,No,No,No,No,No,No,Month-to-month,Yes,Electronic check,107.02,4800.62,No
TC-05248,Female,0,No,No,68,Yes,No,No,No internet service,No internet service,No internet service,No internet service,No internet service,No internet service,Month-to-month,Yes,Mailed check,25.45,1753.49,No
TC-05249,Female,1,No,No,35,Yes,Yes,No,No internet service,No internet service,No internet service,No internet service,No internet service,No internet service,Month-to-month,Yes,Electronic check,59.47,2106.05,No
TC-05250,Female,1,Yes,No,47,Yes,Yes,Fiber optic,No,Yes,Yes,Yes,No,No,Month-to-month,Yes,Electronic check,92.55,4353.87,No
TC-05251,Female,0,No,No,66,Yes,Yes,Fiber optic,Yes,Yes,Yes,Yes,No,No,Month-to-month,Yes,Credit card (automatic),57.51,3724.73,Yes
TC-05252,Male,0,Yes,No,53,No,No phone service,Fiber optic,No,No,No,Yes,Yes,No,Two year,No,Mailed check,75.11,3994.68,No
TC-05253,Male,0,Yes,No,35,Yes,No,DSL,No,Yes,Yes,Yes,Yes,No,One year,No,Bank transfer (automatic),67.08,2318.82,No
TC-05254,Male,0,Yes,No,51,Yes,No,Fiber optic,No,No,Yes,No,No,Yes,Month-to-month,Yes,Mailed check,78.46,3978.57,Yes
TC-05255,Female,0,No,No,21,Yes,No,Fiber optic,Yes,Yes,Yes,Yes,No,No,Month-to-month,Yes,Credit card (automatic),35.09,766.56,No
TC-05256,Male,0,No,No,37,Yes,No,DSL,No,Yes,No,No,No,No,Month-to-month,No,Credit card (automatic),75.81,2831.2,No
TC-05257,Female,0,Yes,No,61,No,No phone service,Fiber optic,Yes,Yes,Yes,Yes,No,Yes,Month-to-month,No,Credit card (automatic),116.73,7082.74,Yes
TC-05258,Male,0,No,No,64,Yes,No,DSL,Yes,No,Yes,No,No,No,Month-to-month,No,Mailed check,37.39,2403.84,No
TC-05259,Male,0,Yes,Yes,2,Yes,No,No,No internet service,No internet service,No internet service,No internet service,No internet service,No internet service,Two year,No,Credit card (automatic),24.69,50.4,No
TC-05260,Female,0,No,No,7,Yes,No,No,No internet service,No internet service,No internet service,No internet service,No internet service,No internet service,One year,Yes,Credit card (automatic),57.18,357.17,No
TC-05261,Male,0,Yes,Yes,38,Yes,No,DSL,No,No,Yes,No,No,Yes,Two year,No,Mailed check,55.44,2066.71,No
TC-05262,Male,0,Yes,No,17,Yes,No,DSL,Yes,No,No,Yes,No,Yes,Two year,Yes,Bank transfer (automatic),30.57,480.48,No
TC-05263,Female,0,No,No,2,Yes,Yes,DSL,Yes,No,No,No,No,No,Month-to-month,No,Electronic check,75.15,149.75,No
TC-05264,Male,0,No,No,17,Yes,Yes,No,No internet service,No internet service,No internet service,No internet service,No internet service,No internet service,Month-to-month,No,Electronic check,61.76,1034.71,No
TC-05265,Female,0,Yes,Yes,0,Yes,No,DSL,No,No,Yes,No,No,No,One year,Yes,Electronic check,101.69,101.69,No
TC-05266,Male,0,No,Yes,25,No,No phone service,Fiber optic,Yes,No,No,Yes,Yes,Yes,Month-to-month,No,Bank transfer (automatic),60.3,1463.52,No
TC-05267,Male,0,Yes,Yes,51,Yes,Yes,DSL,Yes,No,Yes,Yes,No,Yes,Month-to-month,Yes,Bank transfer (automatic),116.57,5936.41,No
TC-05268,Male,0,Yes,No,11,Yes,No,Fiber optic,Yes,No,No,No,No,No,Two year,No,Credit card (automatic),95.98,1050.9,No
TC-05269,Male,0,Yes,No,37,Yes,No,No,No internet service,No internet service,No internet service,No internet service,No internet service,No internet service,Two year,No,Bank transfer (automatic),66.75,2486.07,No
TC-05270,Male,1,Yes,No,40,Yes,No,Fiber optic,No,No,No,No,Yes,No,Month-to-month,No,Credit card (automatic),73.22,3002.29,Yes
TC-05271,Male,0,Yes,No,52,Yes,No,Fiber optic,No,Yes,No,Yes,No,Yes,Month-to-month,No,Electronic check,104.68,5497.07,No
TC-05272,Male,0,Yes,No,12,Yes,No,Fiber optic,No,Yes,Yes,No,No,Yes,One year,Yes,Electronic check,95.42,1141.32,No
TC-05273,Male,0,Yes,No,12,Yes,Yes,Fiber optic,Yes,No,No,Yes,No,Yes,Two year,No,Bank transfer (automatic),83.77,925.5,No
TC-05274,Female,0,Yes,Yes,17,Yes,No,Fiber optic,Yes,No,No,Yes,No,Yes,Month-to-month,Yes,Electronic check,44.68,733.91,No
TC-05275,Female,0,No,Yes,18,Yes,Yes,No,No internet service,No internet service,No internet service,No internet service,No internet service,No internet service,Month-to-month,Yes,Bank transfer (automatic),59.03,1108.59,No
TC-05276,Male,0,No,No,18,No,No phone service,No,No internet service,No internet service,No internet service,No internet service,No internet service,No internet service,Month-to-month,Yes,Electronic check,96.72,1738.2,No
TC-05277,Male,0,Yes,No,69,No,No phone service,Fiber optic,Yes,Yes,No,No,No,Yes,Month-to-month,Yes,Mailed check,80.75,5508.87,Yes
TC-05278,Female,0,Yes,No,47,Yes,No,Fiber optic,Yes,No,No,No,No,No,One year,Yes,Bank transfer (automatic),113.65,5331.27,No
TC-05279,Male,0,Yes,No,70,Yes,Yes,DSL,Yes,Yes,Yes,Yes,No,No,Two year,Yes,Mailed check,105.29,7346.76,No
TC-05280,Male,0,No,No,70,Yes,Yes,No,No internet service,No internet service,No internet service,No internet service,No internet service,No internet service,One year,Yes,Credit card (automatic),60.71,4312.74,No
TC-05281,Female,0,Yes,No,27,Yes,No,DSL,Yes,No,No,Yes,Yes,No,Month-to-month,Yes,Bank transfer (automatic),47.38,1250.14,No
TC-05282,Male,0,Yes,Yes,18,Yes,Yes,Fiber optic,Yes,No,Yes,Yes,No,Yes,One year,Yes,Credit card (automatic),30.41,568.09,No
TC-05283,Male,0,Yes,No,47,No,No phone service,Fiber optic,No,No,No,Yes,No,No,Month-to-month,No,Credit card (automatic),58.76,2796.13,Yes
TC-05284,Female,0,No,No,28,Yes,Yes,DSL,Yes,Yes,Yes,Yes,Yes,Yes,Month-to-month,No,Credit card (automatic),40.67,1076.83,No
TC-05285,Male,0,No,Yes,47,Yes,No,Fiber optic,Yes,Yes,No,No,No,No,Two year,No,Electronic check,19.67,887.26,No
TC-05286,Male,0,No,No,18,No,No phone service,DSL,No,Yes,No,Yes,No,Yes,Month-to-month,Yes,Mailed check,31.82,551.41,No
TC-05287,Female,0,Yes,No,46,Yes,Yes,No,No internet service,No internet service,No internet service,No internet service,No internet service,No internet service,Month-to-month,No,Electronic check,63.3,2918.69,No
TC-05288,Male,0,Yes,No,59,Yes,Yes,No,No internet service,No internet service,No internet service,No internet service,No internet service,No internet service,One year,Yes,Bank transfer (automatic),107.24,6297.42,No
TC-05289,Female,0,No,No,47,No,No phone service,Fiber optic,Yes,No,Yes,No,Yes,No,Month-to-month,No,Electronic check,50.1,2285.92,Yes
TC-05290,Male,0,Yes,No,19,Yes,Yes,Fiber optic,No,Yes,Yes,No,No,No,Month-to-month,No,Electronic check,62.11,1129.73,Yes
TC-05291,Male,0,No,No,18,Yes,Yes,DSL,No,Yes,Yes,No,Yes,Yes,Month-to-month,Yes,Mailed check,56.41,1062.38,Yes
TC-05292,Female,0,No,No,41,Yes,No,No,No internet service,No internet service,No internet service,No internet service,No internet service,No internet service,Month-to-month,No,Electronic check,54.9,2354.5,No
TC-05293,Female,0,Yes,Yes,48,Yes,No,Fiber optic,Yes,No,No,Yes,Yes,Yes,Month-to-month,Yes,Electronic check,90.26,4347.75,Yes
TC-05294,Male,0,Yes,No,14,Yes,No,DSL,Yes,Yes,Yes,No,No,No,One year,Yes,Bank transfer (automatic),68.6,1014.34,Yes
TC-05295,Female,0,Yes,No,59,Yes,Yes,No,No internet service,No internet service,No internet service,No internet service,No internet service,No internet service,One year,No,Electronic check,58.84,3489.26,No
TC-05296,Female,0,Yes,Yes,67,Yes,No,Fiber optic,Yes,No,Yes,No,No,No,Two year,No,Mailed check,112.33,7561.03,No
TC-05297,Male,0,No,No,26,Yes,No,DSL,No,No,No,No,No,No,Month-to-month,No,Bank transfer (automatic),45.63,1223.42,No
TC-05298,Male,0,No,No,54,Yes,Yes,No,No internet service,No internet service,No internet service,No internet service,No internet service,No internet service,Two year,No,Bank transfer (automatic),101.28,5503.01,No
TC-05299,Male,0,No,No,14,No,No phone service,Fiber optic,No,Yes,Yes,No,No,Yes,Month-to-month,Yes,Credit card (automatic),69.5,990.77,Yes
TC-05300,Female,0,No,No,51,Yes,Yes,Fiber optic,No,No,Yes,No,Yes,No,One year,Yes,Credit card (automatic),62.17,3177.8,No
TC-05301,Female,0,No,No,30,Yes,No,DSL,Yes,No,No,No,Yes,No,Month-to-month,Yes,Credit card (automatic),24.3,708.71,No
TC-05302,Female,1,No,No,6,Yes,No,Fiber optic,No,No,Yes,No,No,Yes,Two year,Yes,Electronic check,103.85,649.38,No
TC-05303,Female,0,Yes,No,12,No,No phone service,Fiber optic,Yes,Yes,No,Yes,Yes,No,Month-to-month,Yes,Mailed check,45.07,556.36,No
TC-05304,Male,0,No,No,53,Yes,Yes,DSL,No,Yes,No,No,Yes,No,One year,No,Mailed check,85.94,4509.46,No
TC-05305,Female,0,Yes,No,12,No,No phone service,DSL,Yes,Yes,No,Yes,No,No,Month-to-month,No,Credit card (automatic),105.45,1324.83,Yes
TC-05306,Male,0,Yes,No,19,Yes,Yes,Fiber optic,No,No,No,No,Yes,Yes,One year,No,Electronic check,71.61,1410.17,No
TC-05307,Female,0,No,Yes,9,Yes,No,Fiber optic,No,Yes,No,No,Yes,Yes,Month-to-month,Yes,Mailed check,82.07,748.29,No
TC-05308,Male,1,No,No,51,Yes,No,No,No internet service,No internet service,No internet service,No internet service,No internet service,No internet service,One year,No,Electronic check,52.02,2711.91,No
TC-05309,Male,0,Yes,No,36,Yes,Yes,No,No internet service,No internet service,No internet service,No internet service,No internet service,No internet service,Two year,Yes,Credit card (automatic),90.65,3299.77,No
TC-05310,Male,0,Yes,No,51,Yes,No,No,No internet service,No internet service,No internet service,No internet service,No internet service,No internet service,Two year,No,Electronic check,83.66,4244.65,No
TC-05311,Female,0,No,No,26,Yes,Yes,Fiber optic,No,Yes,Yes,Yes,Yes,No,Month-to-month,Yes,Bank transfer (automatic),62.48,1533.72,Yes
TC-05312,Male,0,No,No,33,Yes,No,No,No internet service,No internet service,No internet service,No internet service,No internet service,No internet service,Month-to-month,Yes,Credit card (automatic),81.46,2595.73,Yes
TC-05313,Male,0,Yes,No,61,Yes,Yes,DSL,No,No,No,Yes,Yes,Yes,One year,No,Electronic check,44.27,2763.59,No
TC-05314,Female,0,No,No,15,Yes,Yes,DSL,No,No,No,No,No,No,Two year,No,Mailed check,83.78,1255.29,No
TC-05315,Male,0,No,No,58,Yes,Yes,Fiber optic,No,Yes,Yes,Yes,Yes,No,Two year,Yes,Bank transfer (automatic),85.27,4927.14,No
TC-05316,Female,0,No,No,20,Yes,Yes,Fiber optic,Yes,Yes,No,Yes,No,Yes,Two year,Yes,Electronic check,62.49,1216.82,Yes
TC-05317,Female,0,No,No,15,Yes,No,Fiber optic,Yes,Yes,Yes,No,No,Yes,Two year,No,Mailed check,42.94,647.28,Yes
TC-05318,Male,0,No,No,12,Yes,Yes,Fiber optic,Yes,Yes,Yes,No,No,Yes,One year,No,Bank transfer (automatic),98.31,1225.45,No
TC-05319,Male,0,Yes,No,32,Yes,Yes,DSL,No,No,Yes,No,Yes,Yes,Month-to-month,No,Bank transfer (automatic),93.41,2948.5,No
TC-05320,Female,0,No,Yes,53,Yes,No,DSL,Yes,Yes,No,No,No,No,Two year,No,Bank transfer (automatic),23.71,1261.36,No
TC-05321,Male,0,No,Yes,68,Yes,No,No,No internet service,No internet service,No internet service,No internet service,No internet service,No internet service,Month-to-month,Yes,Bank transfer (automatic),67.43,4718.14,No
TC-05322,Female,0,Yes,Yes,26,Yes,Yes,DSL,No,Yes,No,No,No,Yes,Month-to-month,Yes,Electronic check,27.21,798.21,Yes
TC-05323,Female,0,Yes,No,51,Yes,No,Fiber optic,Yes,No,No,No,Yes,Yes,One year,No,Credit card (automatic),49.96,2436.37,No
TC-05324,Female,0,No,No,64,Yes,No,No,No internet service,No internet service,No internet service,No internet service,No internet service,No internet service,One year,No,Credit card (automatic),60.22,3763.35,No
TC-05325,Male,0,No,No,43,Yes,Yes,DSL,Yes,Yes,No,Yes,No,Yes,Month-to-month,No,Electronic check,35.69,1624.97,No
TC-05326,Female,0,Yes,Yes,29,Yes,Yes,DSL,Yes,Yes,Yes,Yes,Yes,Yes,Month-to-month,No,Credit card (automatic),64.89,1926.61,No
TC-05327,Male,1,No,No,22,Yes,Yes,Fiber optic,Yes,No,Yes,Yes,No,No,Month-to-month,Yes,Mailed check,88.62,1952.21,Yes
TC-05328,Male,0,No,No,15,No,No phone service,DSL,Yes,No,No,No,No,Yes,Month-to-month,Yes,Mailed check,61.7,951.92,Yes
TC-05329,Male,0,No,No,54,Yes,No,Fiber optic,No,Yes,No,Yes,No,Yes,Month-to-month,No,Electronic check,41.41,2220.32,Yes
TC-05330,Male,0,Yes,No,17,Yes,No,Fiber optic,Yes,No,Yes,No,No,No,Two year,Yes,Electronic check,59.48,977.87,No
TC-05331,Female,0,No,Yes,16,Yes,Yes,Fiber optic,No,Yes,Yes,No,No,No,Month-to-month,Yes,Credit card (automatic),77.24,1272.36,No
TC-05332,Male,0,No,No,51,Yes,Yes,No,No internet service,No internet service,No internet service,No internet service,No internet service,No internet service,One year,No,Bank transfer (automatic),111.64,5688.79,No
TC-05333,Female,1,Yes,Yes,44,Yes,No,No,No internet service,No internet service,No internet service,No internet service,No internet service,No internet service,Month-to-month,No,Bank transfer (automatic),67.94,3032.59,No
TC-05334,Female,0,No,No,55,Yes,Yes,No,No internet service,No internet service,No internet service,No internet service,No internet service,No internet service,Month-to-month,No,Credit card (automatic),106.79,5846.02,No
TC-05335,Male,1,No,No,53,Yes,No,Fiber optic,No,No,Yes,Yes,No,No,Month-to-month,No,Bank transfer (automatic),116.46,6208.02,No
TC-05336,Female,0,No,No,8,Yes,No,Fiber optic,No,No,Yes,No,No,No,Month-to-month,Yes,Credit card (automatic),73.9,606.8,Yes
TC-05337,Female,0,No,No,16,Yes,Yes,Fiber optic,No,No,Yes,No,No,Yes,Two year,No,Credit card (automatic),32.71,456.63,No
TC-05338,Male,0,Yes,Yes,26,Yes,Yes,DSL,Yes,No,Yes,No,No,No,Two year,Yes,Bank transfer (automatic),105.53,2817.5,No
TC-05339,Female,0,Yes,No,36,Yes,No,Fiber optic,No,No,No,No,No,No,Month-to-month,Yes,Mailed check,104.24,3682.25,Yes
TC-05340,Female,0,No,No,21,Yes,Yes,DSL,No,No,No,No,Yes,No,Two year,No,Mailed check,104.86,2268.61,No
TC-05341,Female,0,No,Yes,71,Yes,Yes,DSL,Yes,Yes,No,No,No,No,Month-to-month,Yes,Mailed check,113.05,8049.3,No
TC-05342,Female,0,No,No,66,Yes,Yes,Fiber optic,No,Yes,No,Yes,Yes,No,Month-to-month,No,Electronic check,45.64,3044.27,No
TC-05343,Male,0,No,No,37,Yes,Yes,DSL,No,No,No,Yes,No,No,One year,No,Bank transfer (automatic),51.34,1874.93,No
TC-05344,Female,0,Yes,No,71,Yes,Yes,No,No internet service,No internet service,No internet service,No internet service,No internet service,No internet service,Month-to-month,No,Electronic check,86.71,6137.96,Yes
TC-05345,Female,0,Yes,No,43,Yes,Yes,Fiber optic,No,Yes,Yes,Yes,Yes,No,Month-to-month,Yes,Credit card (automatic),74.39,3198.96,Yes
TC-05346,Female,0,Yes,Yes,35,Yes,No,No,No internet service,No internet service,No internet service,No internet service,No internet service,No internet service,Month-to-month,Yes,Bank transfer (automatic),104.84,3604.96,No
TC-05347,Female,0,No,No,24,Yes,Yes,Fiber optic,Yes,Yes,Yes,No,No,No,Two year,No,Electronic check,43.45,1071.56,No
TC-05348,Male,0,No,No,41,Yes,No,DSL,Yes,Yes,No,No,No,Yes,Two year,No,Bank transfer (automatic),83.84,3419.52,No
TC-05349,Female,0,No,No,12,Yes,No,Fiber optic,No,Yes,No,Yes,Yes,Yes,Two year,No,Electronic check,112.04,1238.49,Yes
TC-05350,Male,0,Yes,No,55,Yes,No,Fiber optic,Yes,Yes,No,Yes,No,Yes,Month-to-month,Yes,Credit card (automatic),39.59,2271.82,Yes
TC-05351,Female,0,Yes,No,50,Yes,Yes,DSL,Yes,Yes,Yes,Yes,Yes,No,One year,Yes,Mailed check,48.69,2447.76,No
TC-05352,Male,0,Yes,Yes,49,Yes,No,DSL,No,Yes,Yes,Yes,No,Yes,One year,Yes,Electronic check,58.74,2894.54,No
TC-05353,Male,1,Yes,No,51,Yes,Yes,Fiber optic,No,No,Yes,No,Yes,Yes,Two year,No,Electronic check,26.71,1327.66,No
TC-05354,Male,0,Yes,No,32,Yes,No,DSL,No,Yes,No,No,No,No,Two year,Yes,Electronic check,35.69,1158.7,No
TC-05355,Male,0,No,No,24,Yes,No,Fiber optic,No,No,Yes,No,No,No,One year,Yes,Credit card (automatic),56.21,1385.83,No
TC-05356,Male,0,No,No,57,Yes,No,DSL,No,Yes,No,Yes,Yes,No,Month-to-month,No,Credit card (automatic),25.44,1377.38,No
TC-05357,Female,1,No,Yes,39,Yes,Yes,No,No internet service,No internet service,No internet service,No internet service,No internet service,No internet service,Two year,Yes,Electronic check,54.26,2146.32,No
TC-05358,Female,0,Yes,Yes,37,Yes,No,Fiber optic,No,No,No,Yes,No,No,Month-to-month,Yes,Electronic check,42.41,1516.2,Yes
TC-05359,Female,0,No,Yes,2,Yes,No,No,No internet service,No internet service,No internet service,No internet service,No internet service,No internet service,Month-to-month,Yes,Mailed check,104.45,144.58,Yes
TC-05360,Male,1,No,No,15,Yes,Yes,DSL,No,No,Yes,No,No,Yes,Two year,Yes,Mailed check,78.85,1138.73,No
TC-05361,Female,1,Yes,No,1,Yes,No,Fiber optic,Yes,Yes,Yes,No,Yes,No,Month-to-month,No,Mailed check,107.85,212.88,Yes
TC-05362,Male,1,Yes,No,22,Yes,No,DSL,No,No,No,Yes,Yes,No,Month-to-month,No,Bank transfer (automatic),38.29,881.55,No
TC-05363,Male,0,Yes,Yes,29,No,No phone service,Fiber optic,Yes,No,Yes,Yes,No,Yes,Month-to-month,Yes,Electronic check,26.17,758.05,No
TC-05364,Female,0,No,Yes,9,Yes,No,DSL,Yes,Yes,No,Yes,Yes,Yes,Month-to-month,Yes,Bank transfer (automatic),53.4,565.72,No
TC-05365,Female,0,Yes,No,64,No,No phone service,No,No internet service,No internet service,No internet service,No internet service,No internet service,No internet service,One year,Yes,Credit card (automatic),23.64,1466.83,No
TC-05366,Male,0,No,No,21,No,No phone service,Fiber optic,Yes,No,Yes,Yes,No,Yes,Month-to-month,Yes,Bank transfer (automatic),106.35,2182.01,Yes
TC-05367,Male,0,No,No,51,Yes,Yes,DSL,No,No,No,Yes,Yes,No,Month-to-month,Yes,Credit card (automatic),36.82,1832.0,No
TC-05368,Female,0,Yes,No,55,Yes,No,Fiber optic,Yes,Yes,No,Yes,No,No,Month-to-month,Yes,Bank transfer (automatic),32.11,1859.95,No
TC-05369,Female,0,No,No,32,Yes,Yes,Fiber optic,No,Yes,No,Yes,Yes,Yes,One year,No,Mailed check,96.78,3140.39,Yes
TC-05370,Female,0,Yes,Yes,29,Yes,Yes,DSL,No,Yes,Yes,Yes,No,No,One year,No,Electronic check,89.24,2547.17,Yes
TC-05371,Female,0,Yes,Yes,23,Yes,Yes,Fiber optic,No,No,No,No,Yes,Yes,Month-to-month,No,Mailed check,23.7,510.51,No
TC-05372,Male,1,No,Yes,4,Yes,Yes,Fiber optic,Yes,Yes,No,No,Yes,Yes,Month-to-month,Yes,Credit card (automatic),68.96,290.0,Yes
TC-05373,Female,0,No,Yes,52,Yes,No,DSL,Yes,No,Yes,Yes,Yes,No,Month-to-month,No,Bank transfer (automatic),62.88,3213.08,No
TC-05374,Female,0,No,Yes,54,Yes,No,Fiber optic,Yes,No,Yes,Yes,No,Yes,Month-to-month,No,Electronic check,56.69,3052.36,No
TC-05375,Female,0,Yes,No,22,Yes,Yes,DSL,Yes,Yes,No,Yes,Yes,No,Month-to-month,Yes,Bank transfer (automatic),30.67,625.08,No
TC-05376,Male,0,No,No,9,Yes,Yes,Fiber optic,No,No,Yes,Yes,Yes,No,Month-to-month,Yes,Bank transfer (automatic),96.74,867.21,Yes
TC-05377,Male,1,Yes,No,32,Yes,No,Fiber optic,Yes,No,Yes,Yes,No,No,Month-to-month,Yes,Mailed check,42.0,1384.78,No
TC-05378,Male,0,Yes,No,61,Yes,No,DSL,Yes,No,No,No,Yes,No,Two year,No,Mailed check,63.82,3980.17,No
TC-05379,Male,0,No,No,26,No,No phone service,DSL,Yes,Yes,No,Yes,No,No,Month-to-month,Yes,Mailed check,106.11,2680.6,No
TC-05380,Female,0,No,Yes,6,Yes,Yes,Fiber optic,Yes,No,No,Yes,Yes,No,One year,No,Credit card (automatic),49.82,328.92,No
TC-05381,Male,0,No,No,26,No,No phone service,Fiber optic,Yes,Yes,Yes,Yes,No,No,Month-to-month,No,Mailed check,21.57,594.71,No
TC-05382,Female,0,No,No,9,Yes,Yes,DSL,Yes,Yes,Yes,Yes,Yes,No,Month-to-month,Yes,Electronic check,106.91,950.61,Yes
TC-05383,Female,0,Yes,No,56,Yes,No,DSL,Yes,No,No,No,No,No,One year,No,Bank transfer (automatic),67.39,3744.21,No
TC-05384,Female,0,No,No,29,Yes,Yes,DSL,Yes,Yes,No,No,Yes,Yes,Month-to-month,Yes,Credit card (automatic),67.71,1933.9,Yes
TC-05385,Female,1,Yes,Yes,2,Yes,Yes,Fiber optic,Yes,Yes,Yes,Yes,Yes,No,One year,Yes,Electronic check,73.14,53.63,No
TC-05386,Male,0,No,No,28,Yes,No,DSL,No,Yes,No,Yes,Yes,No,Month-to-month,Yes,Credit card (automatic),35.99,1046.67,No
TC-05387,Male,0,No,Yes,13,Yes,No,Fiber optic,No,Yes,No,Yes,Yes,Yes,Month-to-month,Yes,Electronic check,89.49,1125.15,No
TC-05388,Male,0,No,No,24,Yes,No,DSL,No,Yes,Yes,Yes,Yes,Yes,Month-to-month,No,Credit card (automatic),41.14,903.92,No
TC-05389,Female,0,Yes,No,9,Yes,No,Fiber optic,Yes,No,Yes,Yes,No,Yes,Month-to-month,No,Bank transfer (automatic),48.11,449.13,No
TC-05390,Female,0,No,Yes,48,Yes,No,DSL,No,Yes,No,Yes,No,No,Month-to-month,No,Credit card (automatic),81.12,3909.43,No
TC-05391,Female,0,Yes,Yes,37,Yes,Yes,Fiber optic,No,Yes,No,Yes,No,No,Month-to-month,Yes,Bank transfer (automatic),92.98,3482.61,Yes
TC-05392,Female,0,No,Yes,70,Yes,Yes,Fiber optic,No,Yes,No,No,Yes,Yes,Two year,No,Credit card (automatic),91.06,6465.07,No
TC-05393,Female,0,No,Yes,13,Yes,No,Fiber optic,No,No,Yes,No,No,No,Month-to-month,Yes,Credit card (automatic),26.31,344.04,No
TC-05394,Male,0,Yes,No,29,Yes,Yes,DSL,No,Yes,No,Yes,No,Yes,Month-to-month,No,Electronic check,93.46,2695.37,No
TC-05395,Female,0,Yes,No,39,Yes,No,No,No internet service,No internet service,No internet service,No internet service,No internet service,No internet service,Month-to-month,No,Bank transfer (automatic),84.27,3266.99,No
TC-05396,Male,1,No,Yes,11,Yes,Yes,DSL,No,No,Yes,Yes,Yes,No,One year,No,Electronic check,78.51,848.89,No
TC-05397,Female,0,No,No,13,Yes,No,DSL,Yes,Yes,Yes,Yes,No,Yes,One year,No,Credit card (automatic),114.69,1454.08,No
TC-05398,Female,0,Yes,No,0,Yes,No,DSL,Yes,No,Yes,Yes,No,No,Month-to-month,No,Credit card (automatic),52.68,52.68,No
TC-05399,Male,0,No,Yes,67,Yes,Yes,No,No internet service,No internet service,No internet service,No internet service,No internet service,No internet service,Month-to-month,No,Bank transfer (automatic),86.31,5746.7,No
TC-05400,Male,1,Yes,Yes,48,Yes,No,DSL,No,Yes,Yes,Yes,Yes,No,Month-to-month,Yes,Bank transfer (automatic),75.32,3563.42,No
TC-05401,Female,0,No,No,17,Yes,No,Fiber optic,Yes,Yes,No,Yes,Yes,Yes,Month-to-month,Yes,Mailed check,56.8,1052.44,Yes
TC-05402,Female,0,Yes,Yes,35,No,No phone service,DSL,Yes,No,Yes,Yes,No,No,One year,Yes,Bank transfer (automatic),96.82,3457.98,Yes
TC-05403,Female,0,Yes,No,63,Yes,Yes,Fiber optic,No,No,No,Yes,No,No,One year,No,Electronic check,58.31,3580.39,No
TC-05404,Female,0,Yes,Yes,27,Yes,Yes,Fiber optic,No,No,Yes,Yes,No,No,Two year,No,Bank transfer (automatic),73.86,2010.11,No
TC-05405,Male,0,Yes,No,31,Yes,No,Fiber optic,No,Yes,No,Yes,Yes,Yes,Month-to-month,Yes,Credit card (automatic),74.06,2292.61,No
TC-05406,Female,0,Yes,No,71,Yes,Yes,No,No internet service,No internet service,No internet service,No internet service,No internet service,No internet service,Month-to-month,Yes,Bank transfer (automatic),69.13,4915.48,No
TC-05407,Male,1,No,No,24,No,No phone service,Fiber optic,Yes,No,Yes,Yes,Yes,Yes,Month-to-month,No,Mailed check,63.74,1457.21,No
TC-05408,Female,0,No,No,46,No,No phone service,No,No internet service,No internet service,No internet service,No internet service,No internet service,No internet service,Month-to-month,Yes,Credit card (automatic),34.78,1507.51,No
TC-05409,Male,0,No,No,19,Yes,Yes,Fiber optic,No,Yes,No,Yes,Yes,Yes,Month-to-month,Yes,Bank transfer (automatic),42.08,796.76,Yes
TC-05410,Male,0,No,Yes,32,Yes,No,Fiber optic,No,No,No,Yes,Yes,Yes,One year,No,Credit card (automatic),30.35,952.71,No
TC-05411,Female,0,No,No,29,Yes,No,DSL,No,No,Yes,Yes,Yes,Yes,Two year,No,Credit card (automatic),90.35,2592.68,Yes
TC-05412,Male,0,No,No,36,Yes,No,Fiber optic,Yes,No,No,Yes,No,No,Month-to-month,Yes,Bank transfer (automatic),92.43,3317.14,Yes
TC-05413,Female,0,No,No,52,Yes,No,Fiber optic,No,No,No,Yes,Yes,Yes,Month-to-month,No,Mailed check,81.85,4286.19,No
TC-05414,Male,0,No,No,68,Yes,Yes,Fiber optic,Yes,Yes,No,No,No,Yes,Month-to-month,Yes,Mailed check,109.76,7507.75,No
TC-05415,Female,0,No,Yes,7,Yes,No,No,No internet service,No internet service,No internet service,No internet service,No internet service,No internet service,Two year,Yes,Mailed check,44.5,262.44,No
TC-05416,Male,0,Yes,No,0,Yes,Yes,DSL,Yes,No,Yes,Yes,Yes,Yes,One year,Yes,Mailed check,100.1,100.1,No
TC-05417,Female,0,Yes,No,6,Yes,Yes,Fiber optic,Yes,Yes,Yes,No,Yes,No,Month-to-month,Yes,Bank transfer (automatic),36.58,226.98,Yes
TC-05418,Female,0,No,No,61,Yes,Yes,Fiber optic,No,No,No,Yes,No,Yes,Month-to-month,Yes,Credit card (automatic),24.78,1572.73,No
TC-05419,Male,0,Yes,No,57,Yes,No,DSL,No,No,No,No,No,No,Month-to-month,No,Credit card (automatic),18.01,1015.88,No
TC-05420,Male,1,No,Yes,7,Yes,No,Fiber optic,No,Yes,No,Yes,Yes,Yes,Month-to-month,No,Mailed check,76.06,539.66,No
TC-05421,Male,0,Yes,No,63,Yes,No,Fiber optic,Yes,Yes,Yes,No,Yes,Yes,One year,No,Electronic check,95.87,5971.63,Yes
TC-05422,Male,0,Yes,No,7,Yes,No,No,No internet service,No internet service,No internet service,No internet service,No internet service,No internet service,Month-to-month,Yes,Mailed check,100.3,592.32,No
TC-05423,Female,0,Yes,No,2,Yes,No,Fiber optic,No,Yes,No,No,Yes,Yes,Month-to-month,No,Credit card (automatic),65.07,245.8,No
TC-05424,Male,0,No,No,57,Yes,No,No,No internet service,No internet service,No internet service,No internet service,No internet service,No internet service,Month-to-month,No,Credit card (automatic),23.87,1374.45,No
TC-05425,Female,0,No,No,31,Yes,No,Fiber optic,Yes,Yes,No,Yes,No,Yes,Month-to-month,No,Credit card (automatic),21.58,618.07,Yes
TC-05426,Male,0,No,Yes,67,Yes,Yes,Fiber optic,No,No,Yes,Yes,No,No,One year,Yes,Electronic check,109.74,7245.45,No
TC-05427,Female,1,No,No,48,Yes,Yes,Fiber optic,No,Yes,No,Yes,Yes,Yes,Two year,No,Bank transfer (automatic),27.29,1382.21,No
TC-05428,Female,0,Yes,No,37,Yes,No,DSL,Yes,Yes,Yes,Yes,Yes,No,Month-to-month,Yes,Bank transfer (automatic),96.47,3522.18,No
TC-05429,Female,0,No,No,1,Yes,No,Fiber optic,Yes,Yes,No,Yes,No,Yes,Month-to-month,No,Credit card (automatic),24.96,24.96,Yes
TC-05430,Female,0,Yes,No,8,Yes,Yes,Fiber optic,Yes,No,Yes,No,No,No,One year,No,Mailed check,36.33,254.8,No
TC-05431,Male,0,No,No,45,Yes,No,No,No internet service,No internet service,No internet service,No internet service,No internet service,No internet service,One year,No,Bank transfer (automatic),34.29,1549.92,No
TC-05432,Male,0,Yes,Yes,64,Yes,Yes,Fiber optic,Yes,No,Yes,Yes,No,Yes,One year,Yes,Credit card (automatic),45.71,2957.37,No
TC-05433,Female,0,Yes,Yes,48,Yes,Yes,Fiber optic,No,No,No,No,No,No,One year,Yes,Electronic check,58.56,2795.89,No
TC-05434,Male,1,Yes,No,28,Yes,No,DSL,Yes,Yes,No,Yes,No,No,One year,Yes,Credit card (automatic),30.47,800.73,No
TC-05435,Male,0,Yes,No,28,Yes,No,Fiber optic,Yes,No,No,Yes,No,Yes,One year,No,Credit card (automatic),115.32,3343.84,Yes
TC-05436,Female,0,No,No,32,Yes,Yes,No,No internet service,No internet service,No internet service,No internet service,No internet service,No internet service,Two year,Yes,Mailed check,18.2,557.82,No
TC-05437,Male,0,No,No,27,Yes,Yes,DSL,No,No,Yes,No,No,No,Two year,Yes,Electronic check,95.21,2571.21,No
TC-05438,Male,0,Yes,No,25,Yes,No,DSL,Yes,No,Yes,Yes,Yes,No,Month-to-month,Yes,Electronic check,70.65,1691.21,No
TC-05439,Male,0,No,No,28,No,No phone service,Fiber optic,Yes,No,No,No,Yes,Yes,One year,Yes,Mailed check,26.56,772.64,No
TC-05440,Female,0,No,No,10,Yes,No,DSL,Yes,No,No,No,No,Yes,Two year,No,Mailed check,30.0,354.58,No
TC-05441,Male,0,Yes,No,33,Yes,No,Fiber optic,Yes,Yes,Yes,No,No,No,One year,No,Credit card (automatic),77.0,2497.99,Yes
TC-05442,Female,0,No,Yes,47,Yes,No,Fiber optic,No,No,No,No,Yes,Yes,Month-to-month,Yes,Electronic check,49.53,2235.89,Yes
TC-05443,Male,1,No,No,26,Yes,No,Fiber optic,No,No,Yes,Yes,Yes,No,One year,No,Credit card (automatic),63.02,1619.43,No
TC-05444,Male,0,No,No,71,Yes,Yes,DSL,Yes,Yes,No,Yes,No,Yes,Month-to-month,Yes,Credit card (automatic),72.92,5272.13,Yes
TC-05445,Male,0,Yes,No,39,Yes,No,No,No internet service,No internet service,No internet service,No internet service,No internet service,No internet service,Month-to-month,No,Mailed check,75.33,2905.84,No
TC-05446,Female,0,No,Yes,30,Yes,No,DSL,No,Yes,Yes,Yes,No,Yes,Month-to-month,Yes,Credit card (automatic),76.26,2414.44,No
TC-05447,Female,0,Yes,No,64,Yes,Yes,DSL,Yes,No,No,No,No,Yes,Two year,Yes,Credit card (automatic),25.01,1572.61,No
TC-05448,Male,0,Yes,No,38,No,No phone service,Fiber optic,No,Yes,No,Yes,Yes,Yes,One year,Yes,Mailed check,92.05,3406.67,No
TC-05449,Female,0,Yes,Yes,23,Yes,Yes,DSL,Yes,No,No,Yes,Yes,No,Two year,Yes,Bank transfer (automatic),47.35,1063.55,No
TC-05450,Male,0,No,No,67,Yes,No,Fiber optic,No,Yes,No,No,Yes,No,Two year,Yes,Bank transfer (automatic),29.44,1878.93,No
TC-05451,Female,0,No,No,22,Yes,Yes,Fiber optic,Yes,No,No,No,No,No,Two year,Yes,Mailed check,28.22,584.88,No
TC-05452,Female,0,No,No,60,Yes,Yes,DSL,Yes,No,No,Yes,Yes,Yes,One year,No,Electronic check,41.7,2521.11,No
TC-05453,Male,0,Yes,Yes,26,Yes,No,Fiber optic,Yes,Yes,No,Yes,Yes,No,Month-to-month,No,Mailed check,80.87,2079.37,Yes
TC-05454,Male,0,No,Yes,15,Yes,Yes,DSL,No,No,Yes,No,No,Yes,One year,No,Credit card (automatic),65.19,1032.91,No
TC-05455,Male,0,Yes,No,44,Yes,Yes,Fiber optic,No,Yes,Yes,No,Yes,Yes,Month-to-month,Yes,Bank transfer (automatic),28.71,1236.44,No
TC-05456,Male,0,No,No,26,Yes,Yes,Fiber optic,No,No,No,No,Yes,Yes,One year,Yes,Mailed check,21.24,477.65,Yes
TC-05457,Female,0,Yes,Yes,4,Yes,Yes,DSL,Yes,Yes,No,No,No,Yes,Two year,Yes,Bank transfer (automatic),20.47,89.27,No
TC-05458,Female,0,No,Yes,58,Yes,No,DSL,No,No,No,No,Yes,No,Two year,Yes,Credit card (automatic),60.11,3478.96,No
TC-05459,Female,0,No,No,71,Yes,No,No,No internet service,No internet service,No internet service,No internet service,No internet service,No internet service,Month-to-month,Yes,Bank transfer (automatic),96.81,6872.33,Yes
TC-05460,Male,0,No,Yes,34,Yes,No,Fiber optic,Yes,Yes,Yes,No,No,Yes,Month-to-month,Yes,Electronic check,75.36,2498.57,Yes
TC-05461,Male,0,Yes,No,69,Yes,Yes,No,No internet service,No internet service,No internet service,No internet service,No internet service,No internet service,Two year,Yes,Mailed check,98.97,6842.32,No
TC-05462,Female,0,Yes,No,45,No,No phone service,Fiber optic,Yes,No,Yes,Yes,Yes,Yes,Month-to-month,No,Bank transfer (automatic),49.94,2316.74,No
TC-05463,Male,0,No,No,55,Yes,Yes,Fiber optic,No,No,Yes,Yes,No,No,Two year,No,Credit card (automatic),32.03,1695.94,No
TC-05464,Female,0,Yes,No,23,Yes,No,Fiber optic,Yes,Yes,No,No,No,No,Month-to-month,No,Mailed check,98.3,2165.38,No
TC-05465,Female,0,Yes,No,9,Yes,Yes,Fiber optic,Yes,No,Yes,Yes,Yes,No,Two year,Yes,Credit card (automatic),90.78,739.81,No
TC-05466,Female,0,Yes,Yes,37,Yes,No,Fiber optic,No,No,No,Yes,Yes,No,Two year,Yes,Electronic check,76.91,2844.23,No
TC-05467,Female,0,No,No,69,Yes,No,No,No internet service,No internet service,No internet service,No internet service,No internet service,No internet service,One year,No,Electronic check,106.78,7287.44,No
TC-05468,Female,0,No,No,47,Yes,Yes,DSL,No,Yes,Yes,Yes,No,No,Month-to-month,Yes,Electronic check,81.07,3826.61,No
TC-05469,Male,0,No,No,8,Yes,Yes,Fiber optic,Yes,Yes,No,Yes,Yes,Yes,Month-to-month,Yes,Electronic check,70.58,582.47,No
TC-05470,Male,0,Yes,No,49,Yes,Yes,Fiber optic,Yes,No,Yes,Yes,No,Yes,One year,No,Mailed check,68.23,3361.64,No
TC-05471,Male,0,No,No,68,Yes,No,Fiber optic,No,No,Yes,Yes,No,No,Month-to-month,Yes,Credit card (automatic),79.74,5551.77,No
TC-05472,Female,0,Yes,Yes,47,Yes,Yes,Fiber optic,Yes,Yes,No,No,No,Yes,Two year,Yes,Credit card (automatic),69.66,3180.74,No
TC-05473,Female,0,Yes,No,38,Yes,Yes,No,No internet service,No internet service,No internet service,No internet service,No internet service,No internet service,Month-to-month,Yes,Credit card (automatic),45.27,1634.89,No
TC-05474,Female,0,No,No,4,No,No phone service,No,No internet service,No internet service,No internet service,No internet service,No internet service,No internet service,Month-to-month,Yes,Bank transfer (automatic),113.39,517.49,No
TC-05475,Female,1,No,No,10,Yes,Yes,DSL,No,Yes,No,No,Yes,No,Month-to-month,Yes,Mailed check,113.81,1164.73,Yes
TC-05476,Male,0,No,Yes,59,Yes,Yes,Fiber optic,Yes,No,Yes,Yes,No,Yes,Two year,Yes,Mailed check,34.68,2103.51,No
TC-05477,Male,0,Yes,Yes,26,No,No phone service,Fiber optic,No,Yes,No,Yes,No,No,Two year,Yes,Bank transfer (automatic),71.06,1745.5,No
TC-05478,Female,0,Yes,Yes,6,No,No phone service,Fiber optic,Yes,Yes,No,No,No,Yes,One year,Yes,Electronic check,96.96,513.77,No
TC-05479,Female,0,No,No,59,Yes,No,DSL,No,Yes,No,No,No,No,One year,Yes,Credit card (automatic),23.48,1434.26,No
TC-05480,Female,0,Yes,No,49,Yes,No,DSL,No,Yes,Yes,Yes,No,No,One year,Yes,Mailed check,30.36,1479.28,No
TC-05481,Male,0,No,No,66,Yes,Yes,No,No internet service,No internet service,No internet service,No internet service,No internet service,No internet service,One year,No,Electronic check,72.49,4850.05,No
TC-05482,Male,0,No,No,68,Yes,No,Fiber optic,Yes,No,Yes,Yes,Yes,Yes,Two year,No,Bank transfer (automatic),20.83,1395.59,No
TC-05483,Male,1,No,Yes,54,Yes,No,Fiber optic,Yes,Yes,Yes,Yes,No,Yes,One year,Yes,Credit card (automatic),101.3,5459.6,No
TC-05484,Female,0,No,No,15,Yes,Yes,Fiber optic,No,Yes,Yes,Yes,Yes,No,Two year,Yes,Credit card (automatic),105.32,1694.32,No
TC-05485,Female,0,No,No,11,Yes,No,DSL,Yes,No,No,No,No,No,Month-to-month,No,Bank transfer (automatic),91.63,955.9,Yes
TC-05486,Male,0,No,No,26,Yes,No,Fiber optic,No,Yes,No,Yes,Yes,Yes,Two year,No,Bank transfer (automatic),100.24,2643.27,No
TC-05487,Female,0,Yes,No,32,No,No phone service,Fiber optic,Yes,Yes,Yes,No,Yes,No,One year,Yes,Electronic check,85.17,2647.07,Yes
TC-05488,Male,0,Yes,No,54,Yes,No,Fiber optic,Yes,Yes,No,No,No,Yes,Two year,Yes,Electronic check,32.19,1694.95,No
TC-05489,Female,0,No,No,51,Yes,Yes,DSL,Yes,Yes,No,Yes,Yes,No,Month-to-month,Yes,Bank transfer (automatic),20.99,1107.36,No
TC-05490,Male,1,No,Yes,36,Yes,No,No,No internet service,No internet service,No internet service,No internet service,No internet service,No internet service,One year,No,Electronic check,102.81,3630.42,Yes
TC-05491,Female,0,Yes,No,14,Yes,Yes,DSL,Yes,No,No,No,No,Yes,Two year,Yes,Electronic check,88.72,1285.9,No
TC-05492,Male,0,Yes,Yes,64,Yes,No,DSL,Yes,No,No,Yes,Yes,No,Month-to-month,Yes,Bank transfer (automatic),57.85,3691.36,No
TC-05493,Male,1,No,No,67,Yes,No,Fiber optic,Yes,Yes,Yes,No,No,No,Two year,Yes,Electronic check,97.68,6495.79,Yes
TC-05494,Male,0,No,Yes,2,Yes,Yes,Fiber optic,Yes,No,Yes,No,No,No,Month-to-month,No,Mailed check,23.33,41.3,No
TC-05495,Male,0,Yes,No,71,Yes,No,Fiber optic,No,Yes,Yes,Yes,No,Yes,Two year,Yes,Bank transfer (automatic),49.91,3514.32,Yes
TC-05496,Male,0,No,No,4,Yes,No,Fiber optic,No,No,No,Yes,Yes,Yes,Month-to-month,Yes,Credit card (automatic),52.18,173.14,No
TC-05497,Male,0,Yes,No,8,Yes,Yes,Fiber optic,No,Yes,No,No,No,No,Two year,Yes,Bank transfer (automatic),28.49,203.18,No
TC-05498,Female,0,No,No,0,Yes,Yes,DSL,Yes,Yes,Yes,Yes,No,Yes,Month-to-month,No,Bank transfer (automatic),92.17,92.17,Yes
TC-05499,Female,0,Yes,Yes,29,Yes,Yes,No,No internet service,No internet service,No internet service,No internet service,No internet service,No internet service,Month-to-month,Yes,Electronic check,95.75,2688.62,Yes
TC-05500,Female,0,No,No,70,Yes,Yes,DSL,No,No,No,No,No,No,One year,No,Bank transfer (automatic),76.32,5236.07,No
TC-05501,Male,0,No,No,19,Yes,Yes,DSL,Yes,No,No,No,No,No,Month-to-month,No,Electronic check,59.79,1161.18,No
TC-05502,Male,0,No,No,26,Yes,Yes,DSL,Yes,No,No,Yes,Yes,No,Two year,Yes,Electronic check,78.71,2068.07,No
TC-05503,Female,0,Yes,No,62,Yes,Yes,Fiber optic,No,No,No,Yes,No,Yes,One year,No,Mailed check,107.84,6646.4,No
TC-05504,Male,1,No,No,30,Yes,Yes,DSL,No,No,No,Yes,No,Yes,Two year,Yes,Electronic check,53.78,1606.92,No
TC-05505,Male,0,Yes,No,18,Yes,No,DSL,No,No,Yes,Yes,Yes,Yes,One year,Yes,Credit card (automatic),51.42,994.82,No
TC-05506,Male,0,Yes,Yes,61,Yes,Yes,Fiber optic,No,Yes,Yes,No,Yes,Yes,Two year,Yes,Credit card (automatic),80.27,4865.16,No
TC-05507,Male,0,Yes,Yes,6,Yes,No,DSL,Yes,Yes,Yes,Yes,No,Yes,Month-to-month,No,Mailed check,86.36,504.8,No
TC-05508,Male,0,Yes,Yes,36,Yes,No,DSL,Yes,No,No,Yes,No,No,Month-to-month,Yes,Mailed check,63.77,2392.65,No
TC-05509,Female,0,No,No,70,Yes,No,DSL,No,Yes,No,Yes,Yes,Yes,One year,Yes,Mailed check,103.96,7296.6,No
TC-05510,Female,0,No,No,7,Yes,Yes,No,No internet service,No internet service,No internet service,No internet service,No internet service,No internet service,Two year,Yes,Mailed check,53.23,417.88,No
TC-05511,Female,0,No,No,56,Yes,Yes,No,No internet service,No internet service,No internet service,No internet service,No internet service,No internet service,Month-to-month,No,Mailed check,82.09,4632.54,No
TC-05512,Female,0,Yes,No,27,No,No phone service,DSL,No,No,No,No,Yes,Yes,Month-to-month,No,Credit card (automatic),84.78,2314.33,No
TC-05513,Female,0,No,No,16,Yes,Yes,Fiber optic,Yes,No,No,Yes,No,Yes,Month-to-month,No,Electronic check,47.48,723.41,No
TC-05514,Male,0,Yes,No,10,Yes,Yes,No,No internet service,No internet service,No internet service,No internet service,No internet service,No internet service,One year,No,Electronic check,19.89,150.23,No
TC-05515,Male,0,Yes,Yes,14,No,No phone service,DSL,No,Yes,Yes,No,No,No,Two year,Yes,Mailed check,100.66,1442.96,No
TC-05516,Male,0,Yes,Yes,29,Yes,Yes,No,No internet service,No internet service,No internet service,No internet service,No internet service,No internet service,Two year,Yes,Electronic check,66.24,1947.13,No
TC-05517,Male,0,No,No,5,Yes,No,No,No internet service,No internet service,No internet service,No internet service,No internet service,No internet service,Month-to-month,No,Electronic check,27.55,149.35,Yes
TC-05518,Female,0,Yes,No,11,Yes,Yes,DSL,No,Yes,No,No,Yes,Yes,Two year,No,Mailed check,113.76,1265.95,No
TC-05519,Female,1,No,No,60,Yes,No,DSL,No,Yes,No,No,Yes,No,Month-to-month,No,Bank transfer (automatic),47.64,2819.79,No
TC-05520,Female,0,No,No,35,Yes,Yes,No,No internet service,No internet service,No internet service,No internet service,No internet service,No internet service,Two year,Yes,Credit card (automatic),65.45,2231.86,No
TC-05521,Male,0,No,No,34,No,No phone service,DSL,Yes,Yes,Yes,Yes,Yes,No,Month-to-month,No,Electronic check,66.41,2221.28,No
TC-05522,Female,0,Yes,No,66,Yes,No,DSL,No,Yes,No,Yes,Yes,No,One year,Yes,Electronic check,55.08,3622.74,No
TC-05523,Male,0,No,No,62,Yes,Yes,Fiber optic,No,No,Yes,No,Yes,Yes,Month-to-month,No,Credit card (automatic),33.16,2026.18,Yes
TC-05524,Female,0,Yes,No,39,Yes,Yes,DSL,Yes,Yes,Yes,Yes,Yes,Yes,Month-to-month,Yes,Credit card (automatic),88.43,3527.17,No
TC-05525,Female,0,Yes,Yes,30,Yes,No,No,No internet service,No internet service,No internet service,No internet service,No internet service,No internet service,One year,No,Bank transfer (automatic),37.55,1200.28,No
TC-05526,Male,0,Yes,Yes,36,Yes,No,DSL,No,Yes,No,Yes,Yes,Yes,Month-to-month,No,Electronic check,86.23,3146.91,No
TC-05527,Male,0,Yes,Yes,4,Yes,Yes,DSL,No,Yes,No,No,Yes,Yes,Month-to-month,Yes,Electronic check,98.21,453.87,No
TC-05528,Female,1,No,No,3,Yes,Yes,No,No internet service,No internet service,No internet service,No internet service,No internet service,No internet service,Month-to-month,Yes,Bank transfer (automatic),20.31,20.31,No
TC-05529,Female,1,No,No,25,Yes,Yes,No,No internet service,No internet service,No internet service,No internet service,No internet service,No internet service,One year,No,Credit card (automatic),91.18,2315.39,No
TC-05530,Male,0,No,Yes,23,Yes,Yes,No,No internet service,No internet service,No internet service,No internet service,No internet service,No internet service,Month-to-month,Yes,Mailed check,81.8,1879.62,No
TC-05531,Female,0,No,No,38,Yes,No,Fiber optic,Yes,Yes,Yes,Yes,No,No,Two year,Yes,Mailed check,37.58,1405.01,No
TC-05532,Female,0,Yes,Yes,55,Yes,Yes,No,No internet service,No internet service,No internet service,No internet service,No internet service,No internet service,Two year,Yes,Electronic check,80.02,4386.96,No
TC-05533,Male,1,Yes,No,53,Yes,Yes,Fiber optic,Yes,No,No,No,Yes,Yes,One year,No,Credit card (automatic),60.08,3170.73,No
TC-05534,Female,0,Yes,No,37,Yes,Yes,No,No internet service,No internet service,No internet service,No internet service,No internet service,No internet service,Month-to-month,No,Electronic check,26.46,960.07,No
TC-05535,Male,0,Yes,No,53,Yes,No,Fiber optic,Yes,Yes,No,Yes,Yes,No,Month-to-month,No,Credit card (automatic),70.37,3698.85,No
TC-05536,Female,1,No,No,18,Yes,Yes,No,No internet service,No internet service,No internet service,No internet service,No internet service,No internet service,Month-to-month,Yes,Credit card (automatic),115.33,2008.91,No
TC-05537,Male,0,No,Yes,25,Yes,No,Fiber optic,Yes,Yes,Yes,No,Yes,Yes,Two year,Yes,Mailed check,82.88,1993.39,No
TC-05538,Female,0,Yes,No,51,Yes,Yes,DSL,No,No,Yes,Yes,No,No,Month-to-month,Yes,Mailed check,51.05,2623.64,Yes
TC-05539,Male,0,Yes,Yes,60,No,No phone service,DSL,Yes,No,Yes,No,Yes,Yes,Two year,Yes,Electronic check,74.35,4320.53,No
TC-05540,Female,1,Yes,Yes,66,Yes,No,No,No internet service,No internet service,No internet service,No internet service,No internet service,No internet service,Month-to-month,Yes,Bank transfer (automatic),91.78,6154.75,Yes
TC-05541,Male,0,Yes,Yes,21,Yes,Yes,No,No internet service,No internet service,No internet service,No internet service,No internet service,No internet service,Month-to-month,Yes,Bank transfer (automatic),33.62,674.94,No
TC-05542,Female,0,No,No,16,Yes,No,DSL,Yes,Yes,Yes,No,No,No,Month-to-month,Yes,Mailed check,70.88,1044.09,No
TC-05543,Female,0,Yes,No,10,Yes,No,Fiber optic,No,Yes,No,No,No,Yes,One year,No,Mailed check,68.69,713.01,No
TC-05544,Female,0,No,No,38,No,No phone service,No,No internet service,No internet service,No internet service,No internet service,No internet service,No internet service,Month-to-month,Yes,Electronic check,55.66,2108.31,No
TC-05545,Female,0,No,No,60,Yes,No,DSL,No,No,Yes,Yes,No,Yes,Month-to-month,No,Bank transfer (automatic),92.71,5515.21,No
TC-05546,Female,0,Yes,Yes,48,Yes,Yes,DSL,Yes,No,Yes,No,No,Yes,Month-to-month,No,Credit card (automatic),74.5,3547.29,No
TC-05547,Female,1,Yes,No,60,Yes,Yes,Fiber optic,Yes,No,No,No,Yes,Yes,Two year,No,Bank transfer (automatic),87.89,5268.95,No
TC-05548,Female,0,No,No,11,Yes,Yes,DSL,Yes,No,Yes,No,No,No,Month-to-month,Yes,Credit card (automatic),77.6,907.81,No
TC-05549,Female,1,No,No,12,Yes,No,Fiber optic,No,No,Yes,Yes,Yes,Yes,One year,Yes,Electronic check,96.09,1020.83,No
TC-05550,Female,0,Yes,No,57,No,No phone service,DSL,No,Yes,Yes,No,Yes,No,Month-to-month,Yes,Credit card (automatic),81.39,4655.15,No
TC-05551,Male,0,No,Yes,10,Yes,No,Fiber optic,Yes,No,Yes,Yes,No,Yes,One year,No,Credit card (automatic),85.77,939.99,No
TC-05552,Male,0,Yes,Yes,63,Yes,No,DSL,Yes,Yes,Yes,No,No,No,Month-to-month,Yes,Bank transfer (automatic),40.55,2513.91,No
TC-05553,Female,0,Yes,No,30,Yes,Yes,DSL,No,No,Yes,Yes,No,Yes,Month-to-month,No,Bank transfer (automatic),102.59,3115.11,Yes
TC-05554,Male,0,No,Yes,10,Yes,No,DSL,Yes,No,Yes,Yes,No,No,One year,Yes,Bank transfer (automatic),33.54,368.97,No
TC-05555,Female,0,No,Yes,42,Yes,Yes,DSL,No,Yes,Yes,Yes,Yes,Yes,Month-to-month,No,Bank transfer (automatic),51.98,2277.23,No
TC-05556,Female,0,Yes,No,35,Yes,No,DSL,Yes,Yes,Yes,Yes,Yes,Yes,Month-to-month,No,Credit card (automatic),106.94,3754.64,Yes
TC-05557,Male,0,Yes,No,1,Yes,No,DSL,No,Yes,Yes,Yes,Yes,Yes,Month-to-month,Yes,Bank transfer (automatic),28.86,64.04,No
TC-05558,Female,1,No,No,60,Yes,No,Fiber optic,No,No,No,Yes,No,No,Month-to-month,No,Credit card (automatic),104.67,6333.46,No
TC-05559,Female,0,No,No,35,Yes,Yes,DSL,No,No,Yes,No,No,Yes,One year,Yes,Mailed check,65.54,2324.76,No
TC-05560,Male,0,No,No,48,No,No phone service,DSL,No,Yes,Yes,No,No,No,Month-to-month,No,Electronic check,36.36,1700.63,No
TC-05561,Male,0,No,Yes,26,Yes,Yes,Fiber optic,No,Yes,No,Yes,No,No,Two year,Yes,Mailed check,91.72,2348.29,Yes
TC-05562,Female,0,Yes,No,11,Yes,Yes,No,No internet service,No internet service,No internet service,No internet service,No internet service,No internet service,Two year,Yes,Mailed check,46.39,523.66,No
TC-05563,Male,0,Yes,No,57,Yes,No,Fiber optic,Yes,Yes,Yes,Yes,No,Yes,Month-to-month,Yes,Credit card (automatic),85.79,4933.41,No
TC-05564,Male,0,Yes,Yes,5,Yes,No,Fiber optic,No,Yes,No,Yes,Yes,No,One year,No,Bank transfer (automatic),97.09,502.36,Yes
TC-05565,Female,0,No,Yes,43,Yes,No,No,No internet service,No internet service,No internet service,No internet service,No internet service,No internet service,Month-to-month,Yes,Electronic check,74.93,3170.18,No
TC-05566,Male,1,No,No,46,Yes,No,DSL,Yes,No,No,Yes,No,No,Month-to-month,No,Mailed check,96.6,4431.33,No
TC-05567,Male,0,Yes,No,22,Yes,Yes,Fiber optic,No,No,No,No,No,No,Month-to-month,No,Bank transfer (automatic),111.5,2383.65,Yes
TC-05568,Female,0,No,Yes,25,Yes,Yes,Fiber optic,No,No,No,No,Yes,Yes,Month-to-month,Yes,Bank transfer (automatic),73.04,1855.4,No
TC-05569,Male,0,No,No,6,Yes,Yes,DSL,No,Yes,Yes,No,No,Yes,Month-to-month,Yes,Credit card (automatic),33.24,298.41,No
TC-05570,Male,0,No,No,31,Yes,No,Fiber optic,No,Yes,Yes,Yes,No,No,Month-to-month,Yes,Credit card (automatic),88.96,2784.1,Yes
TC-05571,Female,0,No,No,32,Yes,No,Fiber optic,Yes,No,Yes,Yes,No,No,Month-to-month,No,Bank transfer (automatic),59.01,1790.55,No
TC-05572,Female,0,No,No,19,Yes,No,No,No internet service,No internet service,No internet service,No internet service,No internet service,No internet service,Month-to-month,Yes,Electronic check,71.13,1356.72,Yes
TC-05573,Female,1,No,No,68,Yes,No,No,No internet service,No internet service,No internet service,No internet service,No internet service,No internet service,Two year,No,Mailed check,80.68,5485.51,No
TC-05574,Male,0,Yes,No,51,No,No phone service,DSL,Yes,No,No,No,No,No,One year,No,Mailed check,89.75,4550.73,No
TC-05575,Female,0,Yes,No,41,Yes,No,DSL,No,Yes,Yes,No,Yes,No,One year,Yes,Credit card (automatic),81.98,3258.94,No
TC-05576,Female,1,Yes,Yes,0,Yes,No,DSL,Yes,No,Yes,Yes,Yes,No,Month-to-month,No,Electronic check,41.29,41.29,Yes
TC-05577,Male,0,Yes,Yes,62,Yes,Yes,DSL,Yes,No,No,Yes,No,No,Month-to-month,Yes,Electronic check,92.82,5802.22,No
TC-05578,Female,0,No,No,6,Yes,Yes,Fiber optic,Yes,No,Yes,No,No,Yes,Month-to-month,Yes,Bank transfer (automatic),98.73,548.18,No
TC-05579,Female,0,Yes,No,57,Yes,No,DSL,No,No,No,No,No,No,Two year,No,Bank transfer (automatic),21.77,1196.2,No
TC-05580,Female,0,Yes,No,49,Yes,No,No,No internet service,No internet service,No internet service,No internet service,No internet service,No internet service,Month-to-month,Yes,Credit card (automatic),48.81,2375.82,Yes
TC-05581,Female,0,Yes,No,33,Yes,No,DSL,Yes,No,Yes,No,No,No,Two year,Yes,Credit card (automatic),115.78,3907.88,No
TC-05582,Male,0,Yes,Yes,50,Yes,No,DSL,Yes,Yes,No,Yes,Yes,Yes,One year,Yes,Mailed check,35.77,1774.33,No
TC-05583,Female,0,No,Yes,9,Yes,Yes,No,No internet service,No internet service,No internet service,No internet service,No internet service,No internet service,One year,No,Bank transfer (automatic),36.28,288.23,No
TC-05584,Female,0,No,No,25,Yes,Yes,Fiber optic,No,Yes,No,No,Yes,No,Month-to-month,No,Credit card (automatic),77.13,1908.28,Yes
TC-05585,Male,1,Yes,No,31,Yes,No,Fiber optic,Yes,No,Yes,No,No,No,Month-to-month,No,Bank transfer (automatic),51.82,1635.37,No
TC-05586,Female,0,Yes,No,41,Yes,Yes,Fiber optic,Yes,No,Yes,No,Yes,Yes,One year,Yes,Electronic check,83.71,3330.95,No
TC-05587,Male,0,No,No,61,Yes,Yes,DSL,Yes,No,No,No,Yes,No,Two year,No,Mailed check,44.26,2688.27,No
TC-05588,Male,0,No,No,11,Yes,No,Fiber optic,No,Yes,No,No,Yes,No,Two year,No,Bank transfer (automatic),60.6,649.21,Yes
TC-05589,Male,0,Yes,Yes,39,Yes,Yes,Fiber optic,Yes,No,No,No,Yes,Yes,Month-to-month,Yes,Bank transfer (automatic),117.84,4590.35,Yes
TC-05590,Female,0,No,No,33,Yes,No,DSL,Yes,Yes,Yes,Yes,Yes,Yes,Month-to-month,Yes,Bank transfer (automatic),55.34,1791.44,No
TC-05591,Male,0,No,No,69,No,No phone service,DSL,Yes,No,Yes,No,No,Yes,Month-to-month,Yes,Electronic check,26.62,1770.24,No
TC-05592,Male,0,Yes,No,26,Yes,No,No,No internet service,No internet service,No internet service,No internet service,No internet service,No internet service,Month-to-month,Yes,Mailed check,92.24,2444.85,Yes
TC-05593,Male,0,No,Yes,7,Yes,No,Fiber optic,Yes,Yes,Yes,No,No,No,Two year,No,Electronic check,76.86,446.1,No
TC-05594,Female,0,Yes,No,46,Yes,Yes,Fiber optic,No,Yes,Yes,No,No,Yes,One year,No,Bank transfer (automatic),62.46,2951.4,No
TC-05595,Female,0,Yes,No,25,Yes,No,Fiber optic,No,No,No,No,Yes,No,One year,Yes,Mailed check,108.87,2739.14,Yes
TC-05596,Female,0,No,Yes,56,Yes,No,DSL,No,Yes,Yes,No,Yes,No,Month-to-month,Yes,Bank transfer (automatic),32.66,1863.02,No
TC-05597,Female,0,No,No,6,Yes,Yes,DSL,No,No,No,Yes,No,No,Month-to-month,No,Mailed check,66.97,404.98,No
TC-05598,Female,0,No,No,25,Yes,No,No,No internet service,No internet service,No internet service,No internet service,No internet service,No internet service,One year,Yes,Credit card (automatic),37.18,988.42,No
TC-05599,Female,0,No,Yes,58,Yes,Yes,Fiber optic,No,Yes,No,No,No,Yes,Month-to-month,Yes,Electronic check,26.35,1555.11,No
TC-05600,Female,0,No,No,68,No,No phone service,DSL,No,No,No,Yes,No,Yes,Month-to-month,No,Electronic check,62.24,4297.56,Yes
TC-05601,Male,0,No,No,46,Yes,No,Fiber optic,No,Yes,Yes,Yes,Yes,Yes,Month-to-month,Yes,Bank transfer (automatic),112.73,5227.88,Yes
TC-05602,Male,1,Yes,No,34,Yes,No,Fiber optic,No,Yes,Yes,Yes,No,No,One year,Yes,Bank transfer (automatic),90.21,3123.03,No
TC-05603,Male,1,No,No,29,Yes,Yes,DSL,Yes,No,Yes,No,Yes,Yes,Month-to-month,Yes,Bank transfer (automatic),41.45,1166.31,No
TC-05604,Male,1,Yes,No,49,Yes,Yes,Fiber optic,Yes,Yes,No,No,No,Yes,Month-to-month,Yes,Electronic check,64.26,3129.71,Yes
TC-05605,Female,0,No,Yes,23,No,No phone service,Fiber optic,No,Yes,No,Yes,No,No,Month-to-month,No,Credit card (automatic),97.75,2249.05,Yes
TC-05606,Male,0,No,Yes,29,Yes,No,DSL,No,Yes,Yes,No,Yes,No,Month-to-month,Yes,Credit card (automatic),37.54,1088.83,Yes
TC-05607,Male,0,No,Yes,53,Yes,No,No,No internet service,No internet service,No internet service,No internet service,No internet service,No internet service,Two year,No,Electronic check,38.37,2062.37,No
TC-05608,Male,1,No,No,66,Yes,No,No,No internet service,No internet service,No internet service,No internet service,No internet service,No internet service,Month-to-month,No,Mailed check,36.1,2345.12,No
TC-05609,Male,0,No,No,31,Yes,No,DSL,Yes,Yes,No,Yes,Yes,Yes,One year,Yes,Credit card (automatic),78.74,2440.63,No
TC-05610,Female,0,Yes,Yes,7,Yes,No,DSL,No,No,No,Yes,No,No,Two year,Yes,Credit card (automatic),20.9,177.65,No
TC-05611,Female,0,Yes,No,49,Yes,No,Fiber optic,Yes,Yes,Yes,Yes,Yes,Yes,Month-to-month,Yes,Mailed check,76.76,3665.47,No
TC-05612,Female,0,Yes,No,46,Yes,No,DSL,No,Yes,No,No,Yes,Yes,Month-to-month,No,Mailed check,100.54,4677.68,No
TC-05613,Male,0,No,Yes,45,No,No phone service,No,No internet service,No internet service,No internet service,No internet service,No internet service,No internet service,Two year,No,Electronic check,96.27,4434.4,Yes
TC-05614,Female,0,No,No,34,Yes,Yes,Fiber optic,Yes,Yes,No,No,Yes,No,Two year,Yes,Mailed check,84.68,2833.35,No
TC-05615,Male,0,No,No,60,Yes,Yes,No,No internet service,No internet service,No internet service,No internet service,No internet service,No internet service,Month-to-month,No,Bank transfer (automatic),39.95,2470.98,No
TC-05616,Female,0,Yes,No,50,Yes,Yes,Fiber optic,Yes,Yes,No,No,Yes,No,Month-to-month,No,Bank transfer (automatic),99.64,4993.33,No
TC-05617,Female,0,Yes,No,62,Yes,No,DSL,Yes,Yes,No,No,Yes,No,Month-to-month,No,Credit card (automatic),113.75,7008.22,No
TC-05618,Female,0,No,No,7,Yes,No,Fiber optic,Yes,Yes,No,No,Yes,No,Month-to-month,No,Electronic check,36.38,296.05,Yes
TC-05619,Female,1,Yes,No,33,No,No phone service,Fiber optic,Yes,No,Yes,No,No,No,Month-to-month,Yes,Electronic check,109.03,3694.97,No
TC-05620,Female,0,No,No,24,Yes,Yes,No,No internet service,No internet service,No internet service,No internet service,No internet service,No internet service,Month-to-month,No,Mailed check,103.3,2459.05,Yes
TC-05621,Male,0,No,No,43,Yes,Yes,No,No internet service,No internet service,No internet service,No internet service,No internet service,No internet service,Month-to-month,No,Credit card (automatic),115.93,4931.67,No
TC-05622,Female,0,Yes,No,42,Yes,No,Fiber optic,Yes,Yes,Yes,No,No,Yes,Month-to-month,Yes,Credit card (automatic),49.93,1985.33,Yes
TC-05623,Male,0,Yes,Yes,49,No,No phone service,DSL,Yes,Yes,No,No,Yes,No,One year,Yes,Credit card (automatic),111.41,5451.85,No
TC-05624,Male,0,Yes,No,12,Yes,No,Fiber optic,No,No,No,No,Yes,No,Two year,No,Electronic check,35.95,439.56,No
TC-05625,Male,0,Yes,No,45,Yes,No,DSL,Yes,No,No,No,No,No,Two year,No,Electronic check,35.52,1689.11,No
TC-05626,Male,0,No,Yes,52,Yes,Yes,DSL,No,Yes,Yes,No,Yes,No,Month-to-month,Yes,Bank transfer (automatic),28.7,1585.43,No
TC-05627,Male,0,No,No,62,Yes,Yes,DSL,Yes,No,Yes,Yes,No,Yes,Two year,Yes,Mailed check,60.78,3735.2,No
TC-05628,Female,0,Yes,Yes,1,Yes,No,DSL,No,No,No,Yes,No,Yes,Month-to-month,Yes,Electronic check,19.22,59.6,No
TC-05629,Female,0,Yes,No,39,Yes,Yes,No,No internet service,No internet service,No internet service,No internet service,No internet service,No internet service,Month-to-month,Yes,Credit card (automatic),56.13,2131.52,Yes
TC-05630,Female,0,Yes,Yes,22,No,No phone service,DSL,No,No,Yes,No,No,No,Month-to-month,Yes,Mailed check,80.59,1776.63,Yes
TC-05631,Female,0,Yes,Yes,58,No,No phone service,Fiber optic,No,Yes,No,No,Yes,Yes,Two year,Yes,Electronic check,25.83,1491.64,No
TC-05632,Male,0,No,No,68,Yes,No,Fiber optic,No,No,No,No,Yes,No,Month-to-month,Yes,Credit card (automatic),99.85,6745.99,Yes
TC-05633,Female,0,No,No,33,Yes,No,No,No internet service,No internet service,No internet service,No internet service,No internet service,No internet service,Month-to-month,Yes,Credit card (automatic),47.27,1553.89,No
TC-05634,Female,0,No,Yes,26,Yes,Yes,Fiber optic,Yes,Yes,Yes,No,Yes,Yes,Month-to-month,No,Mailed check,22.65,631.06,Yes
TC-05635,Male,0,No,No,54,Yes,No,Fiber optic,No,No,Yes,Yes,Yes,No,Month-to-month,Yes,Bank transfer (automatic),55.46,3049.66,Yes
TC-05636,Male,0,No,Yes,3,Yes,Yes,Fiber optic,No,No,No,No,Yes,No,One year,Yes,Credit card (automatic),31.84,88.27,No
TC-05637,Female,0,No,No,67,Yes,No,No,No internet service,No internet service,No internet service,No internet service,No internet service,No internet service,Month-to-month,No,Credit card (automatic),97.53,6530.16,No
TC-05638,Female,0,No,No,71,Yes,Yes,DSL,No,No,Yes,No,No,No,Month-to-month,Yes,Credit card (automatic),51.4,3557.43,Yes
TC-05639,Male,0,Yes,Yes,69,Yes,No,Fiber optic,Yes,No,No,Yes,Yes,Yes,One year,No,Credit card (automatic),29.7,2062.99,No
TC-05640,Female,0,No,No,26,Yes,No,No,No internet service,No internet service,No internet service,No internet service,No internet service,No internet service,Month-to-month,Yes,Bank transfer (automatic),63.37,1634.35,Yes
TC-05641,Female,1,Yes,Yes,46,Yes,Yes,No,No internet service,No internet service,No internet service,No internet service,No internet service,No internet service,Two year,No,Bank transfer (automatic),63.2,2902.68,No
TC-05642,Female,0,Yes,Yes,39,Yes,No,DSL,Yes,Yes,Yes,Yes,No,Yes,Month-to-month,Yes,Bank transfer (automatic),45.56,1752.77,No
TC-05643,Female,0,Yes,No,26,Yes,No,Fiber optic,Yes,Yes,No,No,No,Yes,Month-to-month,No,Credit card (automatic),50.7,1270.75,No
TC-05644,Male,0,No,No,6,Yes,No,DSL,Yes,No,No,Yes,No,Yes,One year,Yes,Bank transfer (automatic),94.88,525.61,Yes
TC-05645,Male,0,No,No,22,No,No phone service,Fiber optic,No,No,No,Yes,Yes,No,Month-to-month,No,Mailed check,81.87,1767.31,No
TC-05646,Male,0,No,No,63,Yes,Yes,Fiber optic,No,No,No,No,Yes,Yes,Month-to-month,No,Credit card (automatic),39.47,2420.27,Yes
TC-05647,Female,0,No,No,28,Yes,Yes,DSL,No,No,Yes,Yes,No,No,Two year,Yes,Credit card (automatic),112.82,3173.53,No
TC-05648,Female,0,Yes,No,60,Yes,No,No,No internet service,No internet service,No internet service,No internet service,No internet service,No internet service,Two year,Yes,Credit card (automatic),48.47,2936.22,No
TC-05649,Female,0,No,No,43,Yes,No,DSL,No,Yes,No,Yes,No,No,Month-to-month,Yes,Credit card (automatic),71.34,3060.73,Yes
TC-05650,Female,0,Yes,No,68,Yes,No,No,No internet service,No internet service,No internet service,No internet service,No internet service,No internet service,Month-to-month,Yes,Electronic check,75.11,5116.32,No
TC-05651,Female,0,No,No,26,Yes,Yes,No,No internet service,No internet service,No internet service,No internet service,No internet service,No internet service,Month-to-month,Yes,Bank transfer (automatic),39.37,1012.14,Yes
TC-05652,Male,0,No,No,11,Yes,No,DSL,No,Yes,Yes,No,Yes,Yes,Month-to-month,Yes,Electronic check,47.12,575.44,Yes
TC-05653,Female,0,Yes,No,16,Yes,Yes,Fiber optic,No,No,No,Yes,No,No,Month-to-month,Yes,Mailed check,66.07,1059.82,Yes
TC-05654,Female,0,Yes,No,36,Yes,Yes,DSL,Yes,No,No,No,Yes,Yes,Month-to-month,Yes,Electronic check,43.63,1584.56,No
TC-05655,Male,0,Yes,No,33,Yes,Yes,DSL,Yes,Yes,Yes,No,No,No,One year,Yes,Electronic check,48.56,1642.66,No
TC-05656,Female,0,No,No,35,Yes,Yes,No,No internet service,No internet service,No internet service,No internet service,No internet service,No internet service,Month-to-month,Yes,Electronic check,79.31,2774.66,No
TC-05657,Male,1,No,No,5,No,No phone service,DSL,No,No,No,No,No,Yes,Month-to-month,No,Electronic check,91.38,526.56,No
TC-05658,Male,0,Yes,No,31,Yes,No,Fiber optic,Yes,No,Yes,No,No,Yes,Month-to-month,Yes,Bank transfer (automatic),98.1,3007.87,No
TC-05659,Male,0,No,No,21,Yes,Yes,No,No internet service,No internet service,No internet service,No internet service,No internet service,No internet service,Two year,No,Bank transfer (automatic),30.17,719.87,No
TC-05660,Male,0,Yes,No,9,Yes,Yes,DSL,No,No,Yes,No,No,No,Month-to-month,No,Electronic check,91.7,815.46,No
TC-05661,Male,0,No,No,28,Yes,No,Fiber optic,Yes,Yes,Yes,Yes,No,No,One year,Yes,Electronic check,111.64,3093.29,No
TC-05662,Female,0,Yes,No,10,Yes,No,Fiber optic,Yes,No,No,Yes,No,Yes,Month-to-month,No,Mailed check,76.07,682.26,No
TC-05663,Male,0,Yes,No,65,Yes,No,Fiber optic,No,No,Yes,Yes,No,No,Two year,Yes,Mailed check,78.47,5144.13,No
TC-05664,Male,0,No,No,55,No,No phone service,No,No internet service,No internet service,No internet service,No internet service,No internet service,No internet service,One year,No,Credit card (automatic),113.53,6225.88,No
TC-05665,Female,1,Yes,No,57,Yes,Yes,Fiber optic,Yes,Yes,No,No,No,No,Two year,No,Electronic check,104.94,5988.76,No
TC-05666,Female,0,No,Yes,51,Yes,No,Fiber optic,Yes,Yes,Yes,Yes,Yes,Yes,One year,Yes,Credit card (automatic),73.77,3775.33,No
TC-05667,Male,0,No,Yes,60,Yes,Yes,No,No internet service,No internet service,No internet service,No internet service,No internet service,No internet service,Two year,Yes,Bank transfer (automatic),94.58,5650.42,No
TC-05668,Female,1,Yes,No,16,Yes,No,No,No internet service,No internet service,No internet service,No internet service,No internet service,No internet service,Month-to-month,No,Bank transfer (automatic),36.09,631.11,No
TC-05669,Female,0,Yes,No,29,No,No phone service,Fiber optic,No,Yes,No,Yes,Yes,Yes,One year,No,Bank transfer (automatic),59.31,1742.73,No
TC-05670,Male,0,No,No,71,Yes,No,Fiber optic,Yes,No,Yes,Yes,Yes,No,Month-to-month,Yes,Bank transfer (automatic),89.54,6314.76,No
TC-05671,Male,0,No,Yes,36,Yes,No,Fiber optic,Yes,Yes,No,No,Yes,No,One year,Yes,Credit card (automatic),46.86,1619.75,No
TC-05672,Female,1,Yes,No,4,Yes,No,No,No internet service,No internet service,No internet service,No internet service,No internet service,No internet service,Two year,No,Electronic check,63.39,292.62,No
TC-05673,Male,0,Yes,No,25,Yes,No,Fiber optic,Yes,Yes,No,Yes,No,No,Month-to-month,Yes,Bank transfer (automatic),35.27,869.7,Yes
TC-05674,Male,0,Yes,No,69,Yes,Yes,DSL,Yes,No,No,No,Yes,No,Month-to-month,Yes,Mailed check,107.78,7471.72,No
TC-05675,Female,0,No,No,0,Yes,No,Fiber optic,No,Yes,Yes,Yes,Yes,No,Month-to-month,No,Credit card (automatic),107.57,107.57,No
TC-05676,Male,0,No,No,8,Yes,No,Fiber optic,No,No,No,Yes,No,Yes,Month-to-month,Yes,Credit card (automatic),65.84,537.33,No
TC-05677,Male,0,No,No,70,No,No phone service,Fiber optic,Yes,No,No,No,Yes,No,Month-to-month,Yes,Bank transfer (automatic),37.2,2644.27,No
TC-05678,Male,0,Yes,Yes,63,Yes,Yes,Fiber optic,No,No,Yes,No,No,Yes,Month-to-month,Yes,Electronic check,85.92,5337.9,No
TC-05679,Male,0,Yes,No,23,Yes,Yes,Fiber optic,Yes,No,No,No,No,No,Month-to-month,No,Mailed check,39.35,989.35,Yes
TC-05680,Male,1,No,No,4,Yes,Yes,DSL,No,No,Yes,Yes,No,Yes,Month-to-month,Yes,Credit card (automatic),40.86,182.22,No
TC-05681,Female,0,No,No,50,Yes,No,DSL,No,No,No,No,Yes,Yes,Month-to-month,Yes,Mailed check,115.2,5657.8,No
TC-05682,Female,1,Yes,Yes,37,Yes,No,Fiber optic,No,Yes,Yes,No,No,No,Month-to-month,No,Mailed check,27.95,1101.56,No
TC-05683,Male,0,No,No,28,Yes,No,DSL,Yes,No,Yes,Yes,Yes,No,One year,No,Credit card (automatic),55.92,1615.19,No
TC-05684,Female,0,Yes,No,45,Yes,No,No,No internet service,No internet service,No internet service,No internet service,No internet service,No internet service,Month-to-month,Yes,Electronic check,73.49,3297.55,No
TC-05685,Male,0,Yes,No,51,Yes,Yes,DSL,Yes,No,Yes,Yes,Yes,No,Month-to-month,No,Bank transfer (automatic),28.78,1537.57,No
TC-05686,Male,0,Yes,No,45,Yes,No,Fiber optic,No,No,Yes,Yes,No,Yes,Two year,No,Mailed check,21.89,953.11,No
TC-05687,Male,1,No,Yes,67,Yes,Yes,DSL,No,Yes,No,Yes,Yes,Yes,One year,No,Electronic check,72.23,4832.9,No
TC-05688,Male,0,No,No,58,Yes,No,DSL,Yes,Yes,No,No,Yes,Yes,Month-to-month,No,Bank transfer (automatic),29.46,1825.9,No
TC-05689,Male,0,Yes,No,9,Yes,Yes,DSL,Yes,No,Yes,Yes,Yes,Yes,Two year,Yes,Mailed check,43.12,414.12,No
TC-05690,Female,0,Yes,No,3,Yes,Yes,Fiber optic,No,No,Yes,Yes,Yes,Yes,Two year,No,Bank transfer (automatic),67.73,257.39,No
TC-05691,Female,0,No,No,51,Yes,Yes,Fiber optic,Yes,No,No,Yes,No,No,Month-to-month,Yes,Credit card (automatic),52.75,2731.09,No
TC-05692,Male,0,Yes,No,17,Yes,Yes,DSL,Yes,No,No,No,Yes,No,Month-to-month,Yes,Electronic check,89.06,1444.73,No
TC-05693,Female,0,No,No,50,Yes,Yes,Fiber optic,Yes,No,No,No,No,No,Month-to-month,Yes,Electronic check,114.25,5727.45,Yes
TC-05694,Male,0,No,No,22,Yes,Yes,Fiber optic,No,No,Yes,Yes,Yes,No,Month-to-month,No,Electronic check,93.32,2063.4,Yes
TC-05695,Female,0,No,Yes,24,No,No phone service,Fiber optic,Yes,Yes,Yes,Yes,No,Yes,Two year,No,Mailed check,118.0,2891.29,No
TC-05696,Male,0,Yes,No,59,Yes,Yes,DSL,No,Yes,No,No,No,No,Two year,Yes,Electronic check,56.89,3431.56,No
TC-05697,Female,0,Yes,Yes,36,Yes,No,No,No internet service,No internet service,No internet service,No internet service,No internet service,No internet service,Month-to-month,Yes,Bank transfer (automatic),48.52,1811.21,Yes
TC-05698,Male,0,Yes,Yes,67,Yes,Yes,DSL,Yes,Yes,Yes,Yes,Yes,No,Month-to-month,No,Mailed check,39.26,2606.77,No
TC-05699,Male,0,Yes,No,17,Yes,No,No,No internet service,No internet service,No internet service,No internet service,No internet service,No internet service,One year,No,Credit card (automatic),106.49,1738.48,Yes
TC-05700,Female,0,No,No,28,Yes,Yes,DSL,No,No,No,No,Yes,Yes,Month-to-month,No,Credit card (automatic),56.99,1620.71,No
TC-05701,Female,0,Yes,No,29,Yes,No,Fiber optic,No,Yes,Yes,Yes,No,No,Two year,Yes,Bank transfer (automatic),89.09,2579.18,No
TC-05702,Male,0,No,Yes,6,Yes,No,Fiber optic,Yes,Yes,Yes,Yes,No,Yes,Month-to-month,Yes,Electronic check,85.48,460.29,No
TC-05703,Female,0,Yes,No,40,Yes,Yes,Fiber optic,Yes,No,No,Yes,Yes,No,Two year,Yes,Credit card (automatic),23.71,913.59,No
TC-05704,Male,0,Yes,No,36,Yes,No,Fiber optic,Yes,Yes,No,Yes,No,Yes,Month-to-month,Yes,Credit card (automatic),105.96,3811.61,No
TC-05705,Female,0,Yes,Yes,26,No,No phone service,DSL,Yes,Yes,No,Yes,No,No,One year,No,Electronic check,66.65,1745.81,No
TC-05706,Female,0,Yes,No,20,Yes,No,Fiber optic,Yes,No,Yes,Yes,Yes,Yes,Month-to-month,Yes,Credit card (automatic),40.35,779.2,Yes
TC-05707,Male,0,Yes,No,42,Yes,Yes,DSL,Yes,Yes,No,No,No,Yes,Month-to-month,No,Credit card (automatic),115.91,4867.43,Yes
TC-05708,Female,0,No,Yes,50,Yes,Yes,Fiber optic,No,No,Yes,Yes,No,No,One year,No,Credit card (automatic),93.32,4662.35,No
TC-05709,Female,0,Yes,No,70,No,No phone service,No,No internet service,No internet service,No internet service,No internet service,No internet service,No internet service,One year,Yes,Credit card (automatic),79.67,5590.64,No
TC-05710,Male,0,Yes,No,12,Yes,Yes,Fiber optic,Yes,No,No,No,Yes,Yes,Two year,Yes,Bank transfer (automatic),116.84,1353.29,No
TC-05711,Female,0,Yes,No,52,Yes,No,Fiber optic,No,No,Yes,No,No,No,Two year,No,Mailed check,93.66,4835.41,No
TC-05712,Male,0,Yes,Yes,62,Yes,No,DSL,No,No,No,Yes,Yes,No,Two year,Yes,Electronic check,30.11,1934.25,No
TC-05713,Male,0,Yes,No,56,No,No phone service,Fiber optic,Yes,Yes,No,Yes,Yes,Yes,Two year,Yes,Credit card (automatic),117.11,6545.21,No
TC-05714,Male,0,No,No,24,Yes,No,DSL,No,Yes,No,No,Yes,No,Two year,Yes,Credit card (automatic),77.76,1890.06,No
TC-05715,Male,0,Yes,No,12,Yes,Yes,DSL,Yes,Yes,No,Yes,No,Yes,Month-to-month,Yes,Credit card (automatic),47.94,514.38,No
TC-05716,Male,0,No,Yes,36,Yes,Yes,DSL,No,Yes,No,No,Yes,Yes,Month-to-month,Yes,Credit card (automatic),99.75,3650.39,No
TC-05717,Female,0,Yes,No,29,Yes,Yes,No,No internet service,No internet service,No internet service,No internet service,No internet service,No internet service,Month-to-month,Yes,Mailed check,22.79,718.49,No
TC-05718,Male,0,No,No,11,Yes,Yes,No,No internet service,No internet service,No internet service,No internet service,No internet service,No internet service,One year,Yes,Electronic check,83.44,932.78,No
TC-05719,Male,0,Yes,Yes,64,No,No phone service,No,No internet service,No internet service,No internet service,No internet service,No internet service,No internet service,Month-to-month,Yes,Credit card (automatic),33.93,2140.82,No
TC-05720,Female,0,Yes,No,17,Yes,No,No,No internet service,No internet service,No internet service,No internet service,No internet service,No internet service,One year,Yes,Bank transfer (automatic),26.75,382.94,No
TC-05721,Female,1,No,No,61,Yes,No,Fiber optic,Yes,No,Yes,Yes,No,No,One year,Yes,Bank transfer (automatic),53.4,3371.12,No
TC-05722,Female,0,Yes,Yes,23,Yes,Yes,DSL,No,No,Yes,No,Yes,No,Month-to-month,No,Mailed check,53.64,1213.45,No
TC-05723,Male,0,No,No,59,Yes,No,Fiber optic,Yes,No,Yes,Yes,No,No,Month-to-month,No,Mailed check,78.05,4533.26,No
TC-05724,Male,0,Yes,No,16,Yes,No,Fiber optic,No,Yes,No,Yes,Yes,No,Month-to-month,Yes,Credit card (automatic),74.54,1162.81,Yes
TC-05725,Male,0,No,Yes,59,No,No phone service,Fiber optic,Yes,Yes,Yes,No,No,No,Month-to-month,Yes,Mailed check,86.79,5140.57,Yes
TC-05726,Female,0,No,No,8,Yes,No,Fiber optic,No,No,No,Yes,No,Yes,Month-to-month,Yes,Electronic check,35.41,220.91,Yes
TC-05727,Male,0,No,No,51,Yes,No,Fiber optic,No,Yes,No,No,Yes,Yes,One year,Yes,Bank transfer (automatic),105.09,5330.07,Yes
TC-05728,Female,0,Yes,Yes,14,Yes,No,Fiber optic,Yes,No,No,No,Yes,No,Month-to-month,Yes,Electronic check,103.87,1382.13,Yes
TC-05729,Male,0,No,No,27,Yes,Yes,DSL,Yes,Yes,Yes,No,Yes,No,Month-to-month,No,Mailed check,39.63,1142.17,No
TC-05730,Female,0,Yes,No,8,Yes,No,Fiber optic,No,Yes,Yes,No,Yes,Yes,One year,Yes,Electronic check,65.36,518.74,No
TC-05731,Male,0,No,No,55,Yes,Yes,DSL,Yes,Yes,Yes,Yes,Yes,Yes,One year,Yes,Mailed check,66.8,3601.38,No
TC-05732,Male,1,No,No,35,Yes,Yes,DSL,No,Yes,Yes,Yes,No,No,Month-to-month,Yes,Electronic check,110.12,3809.2,Yes
TC-05733,Male,0,No,No,55,Yes,Yes,No,No internet service,No internet service,No internet service,No internet service,No internet service,No internet service,Month-to-month,Yes,Credit card (automatic),108.56,5938.54,No
TC-05734,Female,0,Yes,No,70,Yes,No,Fiber optic,Yes,Yes,Yes,No,Yes,No,One year,Yes,Credit card (automatic),24.75,1733.65,No
TC-05735,Female,0,Yes,No,19,Yes,No,No,No internet service,No internet service,No internet service,No internet service,No internet service,No internet service,Month-to-month,Yes,Electronic check,113.8,2116.62,No
TC-05736,Male,0,Yes,No,54,Yes,Yes,Fiber optic,Yes,Yes,Yes,Yes,Yes,No,Month-to-month,No,Credit card (automatic),24.86,1324.18,Yes
TC-05737,Male,1,No,No,59,Yes,No,DSL,No,No,Yes,No,No,Yes,Month-to-month,Yes,Mailed check,72.96,4272.77,No
TC-05738,Male,0,Yes,No,34,Yes,No,No,No internet service,No internet service,No internet service,No internet service,No internet service,No internet service,Month-to-month,No,Electronic check,49.16,1599.61,No
TC-05739,Female,0,Yes,No,0,Yes,No,DSL,No,No,No,No,Yes,Yes,One year,Yes,Mailed check,57.05,57.05,No
TC-05740,Male,0,No,No,44,Yes,Yes,No,No internet service,No internet service,No internet service,No internet service,No internet service,No internet service,Month-to-month,Yes,Bank transfer (automatic),80.67,3510.9,No
TC-05741,Male,0,No,Yes,68,Yes,No,Fiber optic,No,No,No,No,Yes,No,One year,No,Credit card (automatic),76.38,5132.87,No
TC-05742,Male,0,Yes,No,39,Yes,No,No,No internet service,No internet service,No internet service,No internet service,No internet service,No internet service,Month-to-month,Yes,Credit card (automatic),34.75,1283.08,Yes
TC-05743,Male,0,Yes,No,37,No,No phone service,No,No internet service,No internet service,No internet service,No internet service,No internet service,No internet service,Month-to-month,No,Mailed check,114.98,4224.5,Yes
TC-05744,Female,0,Yes,No,23,Yes,Yes,Fiber optic,No,No,No,No,No,Yes,One year,No,Mailed check,20.87,523.24,No
TC-05745,Female,0,No,No,3,Yes,No,No,No internet service,No internet service,No internet service,No internet service,No internet service,No internet service,Two year,No,Bank transfer (automatic),52.34,149.62,No
TC-05746,Male,0,No,Yes,68,Yes,No,Fiber optic,Yes,Yes,No,Yes,Yes,Yes,Month-to-month,Yes,Electronic check,98.14,6514.37,Yes
TC-05747,Male,1,No,No,12,Yes,Yes,DSL,No,Yes,No,Yes,No,Yes,Month-to-month,Yes,Mailed check,103.09,1287.59,Yes
TC-05748,Female,0,No,No,20,Yes,Yes,No,No internet service,No internet service,No internet service,No internet service,No internet service,No internet service,One year,Yes,Electronic check,97.73,1919.95,No
TC-05749,Female,0,No,No,31,Yes,Yes,No,No internet service,No internet service,No internet service,No internet service,No internet service,No internet service,Month-to-month,Yes,Electronic check,55.25,1784.65,No
TC-05750,Male,0,Yes,Yes,37,Yes,No,DSL,No,No,Yes,Yes,Yes,Yes,Two year,No,Mailed check,85.34,3197.92,No
TC-05751,Female,0,Yes,No,31,Yes,No,No,No internet service,No internet service,No internet service,No internet service,No internet service,No internet service,One year,Yes,Credit card (automatic),94.43,2912.0,No
TC-05752,Female,0,Yes,No,56,Yes,No,Fiber optic,No,No,Yes,Yes,Yes,Yes,Month-to-month,Yes,Mailed check,75.8,4235.05,Yes
TC-05753,Male,0,No,Yes,47,Yes,No,DSL,Yes,No,No,No,Yes,Yes,Month-to-month,Yes,Mailed check,85.9,3980.26,No
TC-05754,Female,0,No,No,29,Yes,No,Fiber optic,No,Yes,Yes,No,No,Yes,Month-to-month,No,Mailed check,73.36,2160.02,No
TC-05755,Female,1,Yes,No,70,Yes,No,No,No internet service,No internet service,No internet service,No internet service,No internet service,No internet service,Two year,No,Credit card (automatic),23.49,1725.13,No
TC-05756,Male,0,Yes,No,37,No,No phone service,Fiber optic,Yes,No,No,Yes,Yes,No,Month-to-month,No,Bank transfer (automatic),45.33,1640.86,No
TC-05757,Male,0,Yes,No,43,Yes,No,Fiber optic,No,Yes,No,Yes,Yes,Yes,One year,Yes,Credit card (automatic),88.27,3765.46,Yes
TC-05758,Female,1,No,No,25,Yes,No,No,No internet service,No internet service,No internet service,No internet service,No internet service,No internet service,Month-to-month,No,Mailed check,42.15,1152.43,Yes
TC-05759,Male,1,No,No,1,Yes,Yes,No,No internet service,No internet service,No internet service,No internet service,No internet service,No internet service,Month-to-month,No,Bank transfer (automatic),63.55,67.87,No
TC-05760,Female,0,No,Yes,42,Yes,Yes,DSL,Yes,No,No,No,No,Yes,Month-to-month,Yes,Mailed check,71.46,2925.12,No
TC-05761,Male,0,No,Yes,42,Yes,Yes,Fiber optic,Yes,No,Yes,No,No,No,Two year,No,Electronic check,85.1,3506.01,No
TC-05762,Female,0,No,Yes,62,Yes,Yes,DSL,Yes,Yes,Yes,No,Yes,No,Two year,Yes,Mailed check,43.91,2807.63,No
TC-05763,Male,1,Yes,Yes,57,Yes,Yes,Fiber optic,No,Yes,No,No,Yes,No,Two year,No,Electronic check,77.52,4442.32,No
TC-05764,Female,1,Yes,No,47,Yes,Yes,No,No internet service,No internet service,No internet service,No internet service,No internet service,No internet service,Month-to-month,Yes,Bank transfer (automatic),77.65,3597.04,No
TC-05765,Female,0,No,No,4,Yes,Yes,DSL,No,No,Yes,No,Yes,No,One year,Yes,Electronic check,102.5,426.86,No
TC-05766,Female,0,No,Yes,34,No,No phone service,Fiber optic,Yes,Yes,Yes,Yes,No,No,Month-to-month,No,Bank transfer (automatic),73.2,2447.19,No
TC-05767,Male,0,Yes,Yes,15,Yes,Yes,No,No internet service,No internet service,No internet service,No internet service,No internet service,No internet service,Month-to-month,No,Mailed check,47.51,616.65,No
TC-05768,Male,0,No,No,48,Yes,No,Fiber optic,No,No,Yes,No,No,Yes,Two year,No,Mailed check,70.27,3355.69,No
TC-05769,Female,0,No,Yes,59,Yes,No,DSL,No,No,Yes,No,No,Yes,Month-to-month,No,Electronic check,28.73,1694.63,No
TC-05770,Female,1,Yes,No,50,Yes,No,Fiber optic,Yes,Yes,Yes,No,No,Yes,Month-to-month,No,Credit card (automatic),78.77,3860.14,No
TC-05771,Male,0,No,Yes,58,No,No phone service,No,No internet service,No internet service,No internet service,No internet service,No internet service,No internet service,Month-to-month,Yes,Credit card (automatic),109.61,6294.54,No
TC-05772,Male,0,No,No,63,Yes,No,Fiber optic,No,Yes,No,No,Yes,No,One year,Yes,Credit card (automatic),70.98,4421.65,No
TC-05773,Male,0,Yes,No,12,Yes,Yes,Fiber optic,No,Yes,No,Yes,No,Yes,One year,Yes,Electronic check,47.22,556.42,No
TC-05774,Male,0,No,No,25,Yes,Yes,Fiber optic,Yes,Yes,Yes,Yes,Yes,No,Month-to-month,Yes,Electronic check,58.55,1470.18,No
TC-05775,Male,0,No,No,69,Yes,Yes,Fiber optic,Yes,No,No,Yes,No,Yes,Two year,No,Credit card (automatic),108.19,7392.97,No
TC-05776,Male,0,Yes,No,2,Yes,Yes,Fiber optic,No,Yes,Yes,Yes,No,Yes,Month-to-month,Yes,Electronic check,99.31,169.52,No
TC-05777,Female,0,Yes,Yes,11,Yes,No,DSL,Yes,No,No,Yes,Yes,Yes,Two year,No,Credit card (automatic),98.32,1057.99,No
TC-05778,Male,0,No,No,40,Yes,No,Fiber optic,Yes,No,Yes,No,No,Yes,Month-to-month,Yes,Bank transfer (automatic),74.41,2889.52,No
TC-05779,Female,0,Yes,No,64,Yes,Yes,No,No internet service,No internet service,No internet service,No internet service,No internet service,No internet service,Month-to-month,Yes,Bank transfer (automatic),57.64,3700.2,No
TC-05780,Male,0,Yes,No,62,Yes,No,No,No internet service,No internet service,No internet service,No internet service,No internet service,No internet service,Month-to-month,Yes,Electronic check,31.24,1966.72,No
TC-05781,Male,0,No,No,49,Yes,No,Fiber optic,No,Yes,Yes,No,Yes,No,Month-to-month,Yes,Mailed check,115.56,5678.04,Yes
TC-05782,Female,0,Yes,No,46,Yes,Yes,Fiber optic,No,Yes,Yes,No,No,No,Two year,No,Electronic check,35.91,1585.78,No
TC-05783,Female,0,No,No,7,Yes,No,DSL,No,Yes,No,No,No,Yes,Two year,No,Bank transfer (automatic),43.21,332.37,No
TC-05784,Male,0,Yes,No,30,Yes,No,DSL,Yes,No,No,No,Yes,No,Two year,No,Bank transfer (automatic),94.43,2827.84,No
TC-05785,Female,0,Yes,No,10,Yes,No,No,No internet service,No internet service,No internet service,No internet service,No internet service,No internet service,Month-to-month,No,Credit card (automatic),53.08,579.93,No
TC-05786,Female,0,No,Yes,16,No,No phone service,DSL,Yes,No,Yes,Yes,No,No,One year,No,Credit card (automatic),76.39,1246.15,No
TC-05787,Female,1,No,No,26,Yes,No,DSL,Yes,Yes,Yes,Yes,Yes,No,Month-to-month,No,Mailed check,94.16,2463.77,Yes
TC-05788,Female,0,No,No,26,No,No phone service,Fiber optic,Yes,Yes,No,Yes,No,No,Month-to-month,Yes,Credit card (automatic),73.61,1899.76,Yes
TC-05789,Male,0,Yes,Yes,55,Yes,Yes,Fiber optic,No,No,Yes,No,No,Yes,Month-to-month,Yes,Credit card (automatic),67.07,3736.66,No
TC-05790,Female,0,No,Yes,68,Yes,No,Fiber optic,No,Yes,No,Yes,Yes,No,Month-to-month,Yes,Bank transfer (automatic),23.07,1511.59,Yes
TC-05791,Male,0,No,Yes,46,No,No phone service,Fiber optic,No,Yes,No,No,Yes,Yes,Month-to-month,No,Credit card (automatic),66.77,3008.23,No
TC-05792,Male,0,Yes,No,18,Yes,Yes,Fiber optic,No,No,Yes,Yes,No,No,One year,Yes,Electronic check,63.5,1280.1,No
TC-05793,Male,1,Yes,No,56,Yes,Yes,DSL,Yes,Yes,Yes,No,Yes,No,One year,Yes,Bank transfer (automatic),106.05,5841.67,No
TC-05794,Male,0,Yes,Yes,30,Yes,No,No,No internet service,No internet service,No internet service,No internet service,No internet service,No internet service,Month-to-month,Yes,Electronic check,62.74,1822.63,No
TC-05795,Female,0,No,No,15,Yes,Yes,No,No internet service,No internet service,No internet service,No internet service,No internet service,No internet service,Month-to-month,No,Mailed check,80.99,1255.04,No
TC-05796,Female,0,Yes,No,44,Yes,No,Fiber optic,No,Yes,Yes,Yes,Yes,Yes,Month-to-month,Yes,Bank transfer (automatic),95.37,4114.93,No
TC-05797,Male,1,Yes,No,26,Yes,Yes,Fiber optic,No,Yes,Yes,Yes,No,No,Month-to-month,Yes,Mailed check,64.77,1720.84,No
TC-05798,Male,0,No,Yes,60,Yes,Yes,Fiber optic,No,No,No,No,No,Yes,One year,Yes,Electronic check,44.09,2706.74,No
TC-05799,Male,0,Yes,No,25,Yes,Yes,Fiber optic,Yes,No,No,Yes,No,No,Month-to-month,Yes,Mailed check,107.4,2752.31,No
TC-05800,Male,0,Yes,No,28,No,No phone service,Fiber optic,No,Yes,Yes,No,Yes,Yes,Month-to-month,No,Electronic check,107.55,3014.74,No
TC-05801,Female,0,No,No,43,Yes,No,DSL,Yes,No,Yes,Yes,No,Yes,Two year,Yes,Electronic check,107.98,4584.49,No
TC-05802,Male,1,Yes,No,28,No,No phone service,Fiber optic,Yes,No,No,Yes,No,Yes,One year,Yes,Bank transfer (automatic),45.28,1222.12,No
TC-05803,Female,0,No,No,1,Yes,Yes,Fiber optic,No,Yes,No,No,No,Yes,Two year,No,Bank transfer (automatic),49.55,112.81,No
TC-05804,Male,0,No,No,5,No,No phone service,No,No internet service,No internet service,No internet service,No internet service,No internet service,No internet service,Month-to-month,Yes,Bank transfer (automatic),109.88,456.11,Yes
TC-05805,Male,1,No,Yes,8,Yes,Yes,DSL,Yes,No,No,Yes,Yes,Yes,Month-to-month,No,Electronic check,30.58,285.81,No
TC-05806,Male,1,No,Yes,14,Yes,Yes,Fiber optic,No,No,No,Yes,No,No,Month-to-month,No,Credit card (automatic),83.59,1089.86,Yes
TC-05807,Male,0,No,No,57,Yes,Yes,Fiber optic,Yes,No,Yes,Yes,Yes,No,Two year,No,Electronic check,47.23,2687.35,No
TC-05808,Female,1,Yes,Yes,1,No,No phone service,DSL,Yes,Yes,Yes,Yes,No,Yes,Month-to-month,Yes,Electronic check,90.13,58.98,No
TC-05809,Female,0,No,Yes,2,Yes,No,Fiber optic,No,No,No,No,Yes,Yes,Month-to-month,No,Credit card (automatic),101.37,180.59,No
TC-05810,Female,0,No,No,51,Yes,Yes,Fiber optic,No,No,Yes,No,Yes,No,Two year,Yes,Credit card (automatic),58.81,3066.38,No
TC-05811,Male,1,No,Yes,54,Yes,Yes,Fiber optic,No,No,No,Yes,No,No,Month-to-month,Yes,Mailed check,33.12,1761.53,No
TC-05812,Male,0,No,No,52,Yes,No,Fiber optic,Yes,Yes,No,Yes,No,No,Month-to-month,Yes,Electronic check,91.22,4795.58,Yes
TC-05813,Female,0,Yes,No,71,Yes,No,No,No internet service,No internet service,No internet service,No internet service,No internet service,No internet service,Two year,No,Bank transfer (automatic),23.57,1637.48,No
TC-05814,Female,0,Yes,No,39,Yes,Yes,Fiber optic,Yes,Yes,No,No,Yes,Yes,Month-to-month,Yes,Credit card (automatic),19.5,773.61,Yes
TC-05815,Male,0,Yes,Yes,38,Yes,Yes,No,No internet service,No internet service,No internet service,No internet service,No internet service,No internet service,One year,No,Bank transfer (automatic),105.72,4011.0,No
TC-05816,Male,0,No,Yes,42,No,No phone service,DSL,No,Yes,Yes,No,Yes,No,One year,Yes,Mailed check,99.68,4117.91,No
TC-05817,Female,0,Yes,Yes,12,Yes,No,No,No internet service,No internet service,No internet service,No internet service,No internet service,No internet service,Two year,Yes,Bank transfer (automatic),76.2,846.88,Yes
TC-05818,Male,0,Yes,Yes,36,Yes,Yes,Fiber optic,Yes,Yes,No,No,Yes,Yes,Two year,Yes,Electronic check,84.54,3030.31,No
TC-05819,Male,0,No,Yes,54,Yes,No,DSL,Yes,Yes,No,No,No,Yes,Month-to-month,Yes,Electronic check,113.26,6096.36,No
TC-05820,Female,0,No,No,31,No,No phone service,DSL,Yes,No,Yes,Yes,No,No,Month-to-month,Yes,Bank transfer (automatic),24.28,786.51,No
TC-05821,Male,1,Yes,No,13,Yes,Yes,Fiber optic,Yes,Yes,Yes,Yes,No,No,Month-to-month,No,Bank transfer (automatic),39.66,422.82,No
TC-05822,Female,0,Yes,No,64,Yes,Yes,DSL,No,Yes,Yes,Yes,Yes,No,Month-to-month,Yes,Electronic check,90.92,5777.44,Yes
TC-05823,Male,0,Yes,No,26,Yes,No,DSL,Yes,Yes,Yes,Yes,No,Yes,One year,Yes,Credit card (automatic),44.4,1175.93,No
TC-05824,Female,0,Yes,No,23,Yes,No,Fiber optic,No,Yes,No,No,Yes,No,Month-to-month,Yes,Electronic check,38.73,878.33,No
TC-05825,Male,0,No,No,21,Yes,Yes,Fiber optic,No,Yes,No,No,No,No,Month-to-month,No,Credit card (automatic),62.22,1233.88,Yes
TC-05826,Female,1,No,Yes,44,Yes,Yes,Fiber optic,No,Yes,Yes,No,Yes,Yes,One year,Yes,Electronic check,90.37,3994.28,No
TC-05827,Female,0,No,No,7,Yes,Yes,Fiber optic,Yes,No,No,No,Yes,No,One year,No,Bank transfer (automatic),39.05,315.79,No
TC-05828,Female,0,No,No,66,Yes,No,No,No internet service,No internet service,No internet service,No internet service,No internet service,No internet service,Two year,No,Bank transfer (automatic),60.95,3972.81,No
TC-05829,Female,0,No,Yes,63,No,No phone service,No,No internet service,No internet service,No internet service,No internet service,No internet service,No internet service,Month-to-month,No,Electronic check,69.88,4450.78,No
TC-05830,Male,0,Yes,No,46,Yes,Yes,DSL,Yes,Yes,No,Yes,Yes,Yes,One year,No,Credit card (automatic),35.22,1590.31,No
TC-05831,Male,0,No,No,20,Yes,No,No,No internet service,No internet service,No internet service,No internet service,No internet service,No internet service,Two year,Yes,Credit card (automatic),65.68,1295.79,No
TC-05832,Female,0,No,Yes,31,Yes,No,DSL,No,No,No,No,Yes,No,Month-to-month,Yes,Credit card (automatic),104.59,3215.65,Yes
TC-05833,Male,0,Yes,No,44,Yes,Yes,Fiber optic,Yes,Yes,Yes,No,No,Yes,Month-to-month,No,Bank transfer (automatic),92.61,4125.55,Yes
TC-05834,Male,0,No,No,43,Yes,No,No,No internet service,No internet service,No internet service,No internet service,No internet service,No internet service,Month-to-month,No,Mailed check,68.34,2930.47,No
TC-05835,Male,0,Yes,No,40,No,No phone service,Fiber optic,Yes,Yes,No,No,No,No,Two year,Yes,Bank transfer (automatic),30.53,1259.85,Yes
TC-05836,Male,0,No,No,51,Yes,No,No,No internet service,No internet service,No internet service,No internet service,No internet service,No internet service,Month-to-month,Yes,Credit card (automatic),20.34,1013.06,No
TC-05837,Male,0,No,No,10,Yes,No,No,No internet service,No internet service,No internet service,No internet service,No internet service,No internet service,Two year,Yes,Bank transfer (automatic),24.72,265.16,No
TC-05838,Female,0,No,No,17,Yes,No,No,No internet service,No internet service,No internet service,No internet service,No internet service,No internet service,Month-to-month,Yes,Electronic check,93.02,1526.97,No
TC-05839,Female,0,Yes,Yes,10,Yes,No,Fiber optic,Yes,Yes,Yes,Yes,No,Yes,Month-to-month,Yes,Bank transfer (automatic),88.44,934.46,Yes
TC-05840,Female,0,No,No,26,Yes,No,No,No internet service,No internet service,No internet service,No internet service,No internet service,No internet service,Month-to-month,Yes,Electronic check,92.61,2392.53,No
TC-05841,Female,0,Yes,No,42,Yes,No,DSL,No,Yes,No,No,No,Yes,Month-to-month,No,Bank transfer (automatic),48.72,2108.7,No
TC-05842,Male,0,No,Yes,64,Yes,Yes,Fiber optic,No,Yes,No,Yes,Yes,Yes,Month-to-month,Yes,Bank transfer (automatic),26.99,1724.74,No
TC-05843,Male,0,No,No,53,Yes,Yes,Fiber optic,No,Yes,Yes,Yes,No,Yes,Two year,No,Bank transfer (automatic),89.43,4744.57,No
TC-05844,Female,0,Yes,No,28,No,No phone service,No,No internet service,No internet service,No internet service,No internet service,No internet service,No internet service,Month-to-month,Yes,Credit card (automatic),110.25,3201.32,Yes
TC-05845,Male,0,Yes,Yes,20,Yes,No,DSL,Yes,No,No,Yes,Yes,Yes,One year,Yes,Electronic check,63.22,1301.67,No
TC-05846,Male,0,No,No,28,Yes,Yes,No,No internet service,No internet service,No internet service,No internet service,No internet service,No internet service,Month-to-month,No,Bank transfer (automatic),94.43,2653.77,No
TC-05847,Female,0,Yes,Yes,8,No,No phone service,No,No internet service,No internet service,No internet service,No internet service,No internet service,No internet service,Two year,Yes,Credit card (automatic),90.81,665.52,No
TC-05848,Male,0,No,No,60,Yes,Yes,No,No internet service,No internet service,No internet service,No internet service,No internet service,No internet service,Two year,Yes,Bank transfer (automatic),103.37,6164.44,No
TC-05849,Female,0,No,No,61,Yes,Yes,DSL,Yes,No,Yes,Yes,No,No,Month-to-month,Yes,Mailed check,20.84,1310.51,No
TC-05850,Female,0,Yes,Yes,70,Yes,Yes,No,No internet service,No internet service,No internet service,No internet service,No internet service,No internet service,Two year,No,Electronic check,113.53,7930.48,No
TC-05851,Male,1,Yes,No,4,Yes,No,Fiber optic,No,Yes,No,Yes,Yes,Yes,One year,Yes,Credit card (automatic),104.54,407.81,Yes
TC-05852,Male,0,Yes,No,14,Yes,No,DSL,No,Yes,Yes,No,Yes,No,Month-to-month,No,Electronic check,105.65,1424.99,Yes
TC-05853,Female,0,No,No,56,Yes,Yes,No,No internet service,No internet service,No internet service,No internet service,No internet service,No internet service,Two year,No,Credit card (automatic),117.64,6608.09,No
TC-05854,Female,0,Yes,Yes,4,Yes,No,DSL,No,Yes,No,Yes,Yes,Yes,Two year,Yes,Credit card (automatic),81.95,333.01,No
TC-05855,Male,0,No,Yes,19,Yes,Yes,Fiber optic,No,Yes,Yes,No,Yes,No,Month-to-month,Yes,Bank transfer (automatic),26.17,532.87,Yes
TC-05856,Female,0,Yes,No,3,Yes,Yes,DSL,Yes,No,Yes,Yes,Yes,No,Month-to-month,Yes,Bank transfer (automatic),100.28,362.74,Yes
TC-05857,Female,1,Yes,No,55,Yes,No,DSL,Yes,No,Yes,No,No,No,One year,No,Mailed check,31.49,1754.39,No
TC-05858,Female,0,Yes,No,33,Yes,No,Fiber optic,No,No,No,No,Yes,Yes,Month-to-month,Yes,Credit card (automatic),91.79,2970.43,Yes
TC-05859,Male,0,Yes,No,39,Yes,No,No,No internet service,No internet service,No internet service,No internet service,No internet service,No internet service,Month-to-month,No,Electronic check,60.4,2280.0,No
TC-05860,Female,0,Yes,No,68,Yes,No,No,No internet service,No internet service,No internet service,No internet service,No internet service,No internet service,Month-to-month,Yes,Credit card (automatic),18.66,1305.42,No
TC-05861,Male,1,No,Yes,67,Yes,Yes,Fiber optic,Yes,No,No,No,No,Yes,Month-to-month,Yes,Mailed check,61.58,4131.87,No
TC-05862,Female,0,Yes,Yes,21,Yes,No,Fiber optic,Yes,No,No,Yes,No,Yes,Month-to-month,Yes,Electronic check,97.67,2138.63,Yes
TC-05863,Male,0,Yes,No,13,Yes,Yes,DSL,No,Yes,No,Yes,Yes,Yes,Month-to-month,No,Mailed check,26.74,348.87,Yes
TC-05864,Female,0,No,No,67,Yes,No,Fiber optic,Yes,No,Yes,No,Yes,Yes,Month-to-month,Yes,Bank transfer (automatic),18.22,1134.37,No
TC-05865,Male,1,No,No,7,Yes,No,No,No internet service,No internet service,No internet service,No internet service,No internet service,No internet service,Month-to-month,No,Electronic check,63.28,379.67,No
TC-05866,Male,0,No,No,66,Yes,Yes,DSL,No,No,No,No,No,Yes,Month-to-month,Yes,Credit card (automatic),18.15,1160.39,No
TC-05867,Male,0,No,No,45,Yes,Yes,DSL,No,Yes,Yes,Yes,No,Yes,Two year,No,Electronic check,111.47,5103.22,No
TC-05868,Female,0,Yes,No,28,Yes,Yes,No,No internet service,No internet service,No internet service,No internet service,No internet service,No internet service,Month-to-month,No,Bank transfer (automatic),100.49,2872.16,Yes
TC-05869,Female,0,Yes,Yes,11,Yes,No,Fiber optic,Yes,Yes,No,No,No,No,Two year,Yes,Electronic check,81.01,864.31,No
TC-05870,Female,0,No,No,51,Yes,Yes,DSL,No,No,No,Yes,No,Yes,Month-to-month,Yes,Bank transfer (automatic),19.73,996.55,No
TC-05871,Male,0,Yes,No,57,No,No phone service,No,No internet service,No internet service,No internet service,No internet service,No internet service,No internet service,Month-to-month,Yes,Bank transfer (automatic),74.98,4205.74,No
TC-05872,Female,0,No,No,1,Yes,Yes,DSL,Yes,Yes,Yes,Yes,Yes,Yes,Two year,Yes,Mailed check,85.11,15.26,No
TC-05873,Male,0,No,No,0,No,No phone service,No,No internet service,No internet service,No internet service,No internet service,No internet service,No internet service,Month-to-month,Yes,Bank transfer (automatic),76.74,76.74,No
TC-05874,Female,0,Yes,No,54,Yes,No,Fiber optic,No,Yes,Yes,Yes,No,Yes,One year,No,Credit card (automatic),112.69,6132.3,No
TC-05875,Male,0,Yes,No,33,Yes,No,Fiber optic,No,Yes,Yes,No,No,Yes,Month-to-month,Yes,Electronic check,101.13,3323.49,No
TC-05876,Male,0,No,Yes,63,Yes,Yes,Fiber optic,No,No,Yes,Yes,No,No,Month-to-month,No,Electronic check,54.51,3526.28,No
TC-05877,Male,0,Yes,No,67,Yes,Yes,DSL,No,Yes,No,Yes,No,No,Two year,Yes,Credit card (automatic),87.48,5882.88,No
TC-05878,Female,0,No,No,11,Yes,No,Fiber optic,Yes,No,No,Yes,No,No,Month-to-month,No,Electronic check,64.11,715.8,No
TC-05879,Female,0,No,Yes,49,Yes,No,DSL,Yes,No,No,Yes,No,Yes,Month-to-month,No,Bank transfer (automatic),110.83,5441.55,No
TC-05880,Female,0,No,Yes,20,Yes,Yes,DSL,No,Yes,Yes,No,Yes,Yes,Two year,No,Bank transfer (automatic),79.81,1543.11,No
TC-05881,Male,1,No,No,9,Yes,Yes,Fiber optic,No,Yes,Yes,No,Yes,No,Month-to-month,Yes,Electronic check,76.21,733.11,No
TC-05882,Male,0,Yes,Yes,69,Yes,No,Fiber optic,No,Yes,No,No,No,Yes,Month-to-month,Yes,Mailed check,68.07,4744.43,No
TC-05883,Female,0,No,No,13,Yes,Yes,Fiber optic,No,Yes,No,Yes,No,No,Month-to-month,Yes,Bank transfer (automatic),55.77,737.04,No
TC-05884,Female,0,No,No,39,Yes,Yes,Fiber optic,No,No,Yes,Yes,Yes,Yes,Month-to-month,No,Electronic check,32.81,1223.67,Yes
TC-05885,Female,0,No,No,29,No,No phone service,Fiber optic,No,No,No,No,No,No,Two year,Yes,Electronic check,45.39,1370.77,No
TC-05886,Male,0,Yes,No,13,Yes,Yes,DSL,Yes,No,No,No,Yes,Yes,One year,No,Electronic check,51.25,576.23,No
TC-05887,Male,0,No,No,51,Yes,No,No,No internet service,No internet service,No internet service,No internet service,No internet service,No internet service,Month-to-month,Yes,Credit card (automatic),33.4,1664.71,No
TC-05888,Male,0,No,No,16,Yes,No,DSL,No,No,Yes,Yes,No,Yes,Month-to-month,No,Electronic check,99.27,1617.33,Yes
TC-05889,Male,0,Yes,No,61,Yes,Yes,Fiber optic,No,No,No,No,No,No,Month-to-month,Yes,Electronic check,18.22,1091.01,No
TC-05890,Male,0,No,No,21,Yes,No,Fiber optic,No,No,Yes,Yes,No,No,Month-to-month,No,Electronic check,109.58,2251.69,Yes
TC-05891,Female,0,No,Yes,52,Yes,No,Fiber optic,No,Yes,Yes,Yes,Yes,No,One year,Yes,Electronic check,30.83,1672.37,No
TC-05892,Male,0,No,Yes,31,Yes,No,Fiber optic,Yes,Yes,No,Yes,No,No,One year,Yes,Mailed check,23.1,772.77,Yes
TC-05893,Male,0,No,Yes,54,Yes,Yes,No,No internet service,No internet service,No internet service,No internet service,No internet service,No internet service,Two year,No,Credit card (automatic),117.52,6399.4,No
TC-05894,Male,1,Yes,No,21,Yes,Yes,Fiber optic,No,Yes,No,No,No,No,Month-to-month,Yes,Electronic check,117.98,2494.18,No
TC-05895,Male,0,Yes,No,37,Yes,Yes,Fiber optic,Yes,No,Yes,Yes,Yes,No,One year,No,Credit card (automatic),37.18,1377.4,No
TC-05896,Male,0,Yes,No,49,Yes,No,Fiber optic,No,Yes,No,Yes,Yes,Yes,Month-to-month,Yes,Electronic check,31.38,1624.52,No
TC-05897,Female,0,No,No,65,Yes,No,Fiber optic,Yes,No,Yes,Yes,Yes,Yes,Two year,No,Bank transfer (automatic),37.78,2527.46,No
TC-05898,Male,0,Yes,No,44,Yes,Yes,Fiber optic,Yes,Yes,Yes,Yes,Yes,No,Month-to-month,No,Electronic check,69.13,3037.51,Yes
TC-05899,Male,0,Yes,No,7,Yes,Yes,DSL,No,No,Yes,No,No,No,One year,No,Electronic check,50.12,486.4,No
TC-05900,Male,0,No,No,64,Yes,No,Fiber optic,No,Yes,No,No,No,No,Two year,Yes,Mailed check,51.64,3298.7,No
TC-05901,Female,0,Yes,No,39,Yes,Yes,DSL,Yes,No,Yes,Yes,Yes,Yes,Month-to-month,Yes,Mailed check,98.96,3878.71,No
TC-05902,Female,0,Yes,No,4,Yes,No,Fiber optic,Yes,No,Yes,No,No,Yes,One year,No,Mailed check,107.02,497.6,No
TC-05903,Female,1,Yes,Yes,44,Yes,Yes,Fiber optic,Yes,Yes,Yes,No,No,No,Month-to-month,Yes,Credit card (automatic),114.98,5077.7,No
TC-05904,Male,0,No,No,45,Yes,Yes,No,No internet service,No internet service,No internet service,No internet service,No internet service,No internet service,Month-to-month,No,Credit card (automatic),69.47,3112.93,No
TC-05905,Female,1,No,No,35,Yes,Yes,Fiber optic,Yes,Yes,No,No,Yes,No,Month-to-month,Yes,Mailed check,42.61,1510.44,Yes
TC-05906,Male,0,Yes,No,16,Yes,Yes,Fiber optic,No,Yes,Yes,Yes,Yes,No,Month-to-month,No,Credit card (automatic),73.49,1175.58,Yes
TC-05907,Male,0,Yes,Yes,40,Yes,No,Fiber optic,No,Yes,Yes,Yes,Yes,Yes,Month-to-month,Yes,Electronic check,105.11,4097.87,Yes
TC-05908,Female,0,No,No,29,Yes,Yes,Fiber optic,Yes,Yes,Yes,No,Yes,Yes,Two year,Yes,Mailed check,21.09,661.78,No
TC-05909,Male,0,No,No,51,Yes,No,DSL,Yes,Yes,Yes,Yes,Yes,No,Month-to-month,Yes,Electronic check,109.12,5534.0,No
TC-05910,Male,1,No,No,19,Yes,No,DSL,Yes,Yes,No,No,Yes,No,Month-to-month,Yes,Electronic check,40.65,714.82,No
TC-05911,Male,0,No,Yes,35,Yes,Yes,Fiber optic,No,No,Yes,No,Yes,Yes,Month-to-month,No,Mailed check,49.05,1777.0,Yes
TC-05912,Female,0,Yes,No,65,Yes,No,No,No internet service,No internet service,No internet service,No internet service,No internet service,No internet service,Month-to-month,Yes,Mailed check,54.41,3555.56,No
TC-05913,Male,1,No,No,44,Yes,No,Fiber optic,No,Yes,No,No,Yes,No,One year,No,Mailed check,109.38,4846.7,No
TC-05914,Male,0,Yes,Yes,3,Yes,Yes,Fiber optic,Yes,No,No,No,No,Yes,Two year,Yes,Electronic check,35.6,100.48,No
TC-05915,Female,0,No,No,49,Yes,Yes,DSL,Yes,No,Yes,No,Yes,Yes,Month-to-month,No,Electronic check,40.3,1985.91,No
TC-05916,Male,0,No,Yes,54,Yes,Yes,Fiber optic,No,Yes,No,Yes,Yes,Yes,One year,No,Bank transfer (automatic),91.11,4904.9,No
TC-05917,Male,0,No,No,58,No,No phone service,No,No internet service,No internet service,No internet service,No internet service,No internet service,No internet service,One year,Yes,Electronic check,111.47,6422.19,No
TC-05918,Female,0,No,No,41,No,No phone service,DSL,No,No,No,No,Yes,No,Month-to-month,Yes,Mailed check,28.47,1201.54,No
TC-05919,Male,0,Yes,No,1,No,No phone service,No,No internet service,No internet service,No internet service,No internet service,No internet service,No internet service,Two year,No,Credit card (automatic),70.22,82.12,No
TC-05920,Male,0,Yes,No,45,Yes,No,DSL,Yes,No,Yes,No,Yes,No,Month-to-month,Yes,Electronic check,109.45,5011.33,No
TC-05921,Male,0,Yes,No,1,Yes,No,No,No internet service,No internet service,No internet service,No internet service,No internet service,No internet service,Month-to-month,Yes,Mailed check,106.61,106.61,Yes
TC-05922,Male,0,No,Yes,49,Yes,Yes,Fiber optic,Yes,No,No,No,Yes,Yes,Month-to-month,Yes,Mailed check,112.85,5588.59,No
TC-05923,Male,1,Yes,No,0,Yes,No,DSL,Yes,Yes,Yes,No,Yes,No,Month-to-month,No,Mailed check,108.21,108.21,No
TC-05924,Female,0,No,Yes,12,Yes,No,DSL,Yes,No,No,No,No,Yes,One year,No,Credit card (automatic),49.47,569.49,No
TC-05925,Female,0,No,No,69,Yes,No,Fiber optic,Yes,Yes,Yes,Yes,No,No,Month-to-month,Yes,Credit card (automatic),38.8,2706.42,No
TC-05926,Female,0,Yes,Yes,21,Yes,Yes,Fiber optic,Yes,No,Yes,No,Yes,No,Month-to-month,Yes,Bank transfer (automatic),108.15,2226.74,No
TC-05927,Female,0,No,Yes,16,No,No phone service,Fiber optic,Yes,No,Yes,Yes,No,Yes,Month-to-month,Yes,Electronic check,89.2,1404.72,Yes
TC-05928,Male,0,No,No,58,Yes,Yes,Fiber optic,Yes,Yes,No,Yes,No,No,Month-to-month,No,Credit card (automatic),55.85,3269.03,Yes
TC-05929,Male,0,Yes,No,69,Yes,Yes,Fiber optic,No,No,No,Yes,Yes,No,Two year,Yes,Bank transfer (automatic),89.29,6134.26,No
TC-05930,Male,1,No,No,2,Yes,No,No,No internet service,No internet service,No internet service,No internet service,No internet service,No internet service,Month-to-month,No,Mailed check,48.72,62.15,No
TC-05931,Male,0,No,No,69,Yes,Yes,No,No internet service,No internet service,No internet service,No internet service,No internet service,No internet service,Month-to-month,No,Bank transfer (automatic),76.13,5217.58,No
TC-05932,Male,0,Yes,No,48,No,No phone service,Fiber optic,No,No,Yes,Yes,Yes,Yes,Two year,No,Bank transfer (automatic),41.33,2001.38,No
TC-05933,Female,0,Yes,No,49,Yes,Yes,Fiber optic,Yes,No,Yes,No,Yes,No,One year,No,Bank transfer (automatic),74.17,3574.1,No
TC-05934,Female,0,No,Yes,34,Yes,No,DSL,Yes,No,Yes,No,No,No,Month-to-month,Yes,Electronic check,110.32,3788.66,No
TC-05935,Male,0,Yes,No,22,No,No phone service,Fiber optic,Yes,Yes,Yes,Yes,No,Yes,Month-to-month,Yes,Credit card (automatic),95.14,2198.86,No
TC-05936,Male,0,No,No,71,Yes,No,No,No internet service,No internet service,No internet service,No internet service,No internet service,No internet service,Two year,Yes,Credit card (automatic),83.61,5936.48,No
TC-05937,Male,0,Yes,No,6,Yes,Yes,Fiber optic,No,Yes,Yes,No,No,Yes,Two year,Yes,Mailed check,42.6,277.36,No
TC-05938,Female,1,No,No,49,Yes,Yes,Fiber optic,Yes,No,No,Yes,No,Yes,Two year,Yes,Bank transfer (automatic),24.34,1205.9,No
TC-05939,Male,0,Yes,No,9,Yes,No,No,No internet service,No internet service,No internet service,No internet service,No internet service,No internet service,Two year,No,Bank transfer (automatic),89.06,754.85,No
TC-05940,Male,0,Yes,No,54,Yes,No,DSL,Yes,No,Yes,Yes,No,No,One year,Yes,Mailed check,75.61,4098.76,No
TC-05941,Male,0,No,Yes,18,Yes,No,No,No internet service,No internet service,No internet service,No internet service,No internet service,No internet service,Two year,Yes,Credit card (automatic),39.26,717.8,No
TC-05942,Female,0,Yes,Yes,22,No,No phone service,DSL,No,No,No,No,No,Yes,One year,Yes,Electronic check,111.48,2541.16,No
TC-05943,Male,0,Yes,Yes,63,Yes,Yes,DSL,No,No,No,No,Yes,No,Month-to-month,Yes,Mailed check,73.2,4623.99,No
TC-05944,Female,0,No,Yes,32,Yes,No,Fiber optic,Yes,Yes,No,Yes,Yes,No,Month-to-month,Yes,Mailed check,75.19,2468.17,Yes
TC-05945,Female,0,Yes,No,65,Yes,No,No,No internet service,No internet service,No internet service,No internet service,No internet service,No internet service,Month-to-month,No,Electronic check,47.88,3133.66,No
TC-05946,Female,0,Yes,Yes,8,Yes,No,No,No internet service,No internet service,No internet service,No internet service,No internet service,No internet service,Month-to-month,Yes,Credit card (automatic),105.94,822.07,No
TC-05947,Female,0,Yes,No,28,No,No phone service,Fiber optic,Yes,No,No,No,Yes,Yes,Month-to-month,No,Mailed check,107.14,2940.66,Yes
TC-05948,Female,0,No,No,17,Yes,Yes,Fiber optic,Yes,Yes,No,Yes,No,No,Month-to-month,Yes,Bank transfer (automatic),89.51,1537.08,Yes
TC-05949,Female,0,Yes,Yes,70,Yes,No,Fiber optic,No,Yes,Yes,Yes,Yes,Yes,One year,Yes,Electronic check,27.93,1993.11,No
TC-05950,Male,0,No,No,28,Yes,No,Fiber optic,Yes,No,No,Yes,No,No,Two year,Yes,Credit card (automatic),26.44,735.87,No
TC-05951,Male,0,No,No,60,Yes,Yes,No,No internet service,No internet service,No internet service,No internet service,No internet service,No internet service,Month-to-month,Yes,Mailed check,64.94,3864.75,No
TC-05952,Male,0,Yes,Yes,4,Yes,No,No,No internet service,No internet service,No internet service,No internet service,No internet service,No internet service,Month-to-month,No,Electronic check,32.21,199.19,No
TC-05953,Female,0,No,No,68,Yes,Yes,No,No internet service,No internet service,No internet service,No internet service,No internet service,No internet service,One year,Yes,Bank transfer (automatic),51.19,3458.85,No
TC-05954,Male,0,No,Yes,55,Yes,Yes,Fiber optic,Yes,Yes,Yes,Yes,No,No,One year,Yes,Bank transfer (automatic),35.13,1874.56,No
TC-05955,Female,0,No,Yes,51,Yes,No,Fiber optic,Yes,Yes,Yes,Yes,No,Yes,One year,No,Credit card (automatic),49.01,2496.26,No
TC-05956,Female,0,No,No,14,Yes,Yes,DSL,No,No,No,Yes,No,Yes,Two year,No,Electronic check,112.29,1575.94,No
TC-05957,Female,0,Yes,No,19,Yes,Yes,Fiber optic,No,No,Yes,Yes,Yes,No,Two year,Yes,Electronic check,93.34,1736.69,No
TC-05958,Male,0,Yes,Yes,15,Yes,Yes,Fiber optic,Yes,Yes,Yes,No,No,No,Month-to-month,No,Electronic check,31.83,472.88,Yes
TC-05959,Female,0,Yes,Yes,24,No,No phone service,DSL,Yes,Yes,No,No,No,No,Two year,No,Bank transfer (automatic),84.89,1952.6,No
TC-05960,Female,0,No,No,56,Yes,Yes,Fiber optic,No,Yes,Yes,Yes,Yes,No,Two year,Yes,Credit card (automatic),21.05,1199.99,No
TC-05961,Male,0,No,No,20,Yes,Yes,Fiber optic,Yes,Yes,Yes,No,No,No,Two year,No,Bank transfer (automatic),116.36,2274.71,No
TC-05962,Male,0,Yes,Yes,4,Yes,No,Fiber optic,Yes,No,Yes,No,Yes,Yes,Month-to-month,No,Bank transfer (automatic),71.17,265.59,No
TC-05963,Female,0,No,No,8,Yes,Yes,DSL,No,Yes,No,No,No,No,Two year,Yes,Credit card (automatic),68.54,514.48,No
TC-05964,Female,0,Yes,No,10,Yes,Yes,Fiber optic,Yes,Yes,Yes,No,Yes,Yes,Month-to-month,Yes,Bank transfer (automatic),42.03,490.38,No
TC-05965,Male,0,No,Yes,64,Yes,Yes,Fiber optic,Yes,Yes,No,Yes,Yes,No,Two year,No,Credit card (automatic),63.78,4066.75,No
TC-05966,Male,0,Yes,No,62,Yes,Yes,No,No internet service,No internet service,No internet service,No internet service,No internet service,No internet service,One year,Yes,Credit card (automatic),70.62,4336.27,No
TC-05967,Male,0,Yes,No,25,Yes,Yes,DSL,No,No,No,No,Yes,No,Month-to-month,No,Mailed check,83.82,2200.02,Yes
TC-05968,Female,0,Yes,No,18,Yes,No,Fiber optic,Yes,No,No,No,No,Yes,Two year,Yes,Bank transfer (automatic),22.59,496.35,Yes
TC-05969,Male,0,No,No,15,Yes,Yes,DSL,Yes,No,Yes,Yes,No,No,Two year,No,Credit card (automatic),52.22,825.12,No
TC-05970,Male,0,Yes,No,55,Yes,Yes,DSL,No,No,No,Yes,Yes,No,Month-to-month,No,Electronic check,56.7,3146.6,No
TC-05971,Male,0,No,Yes,67,Yes,No,DSL,No,Yes,Yes,Yes,No,No,One year,Yes,Credit card (automatic),32.92,2162.37,No
TC-05972,Female,0,No,Yes,29,Yes,Yes,DSL,No,No,Yes,Yes,No,No,Month-to-month,No,Electronic check,41.98,1271.78,No
TC-05973,Male,0,Yes,No,6,Yes,No,No,No internet service,No internet service,No internet service,No internet service,No internet service,No internet service,Month-to-month,Yes,Credit card (automatic),41.67,268.26,No
TC-05974,Male,0,Yes,No,11,Yes,No,No,No internet service,No internet service,No internet service,No internet service,No internet service,No internet service,Month-to-month,Yes,Mailed check,99.04,1057.6,Yes
TC-05975,Male,0,No,No,23,Yes,Yes,Fiber optic,Yes,No,No,No,No,No,One year,No,Mailed check,86.72,2001.6,No
TC-05976,Male,0,No,No,21,Yes,No,Fiber optic,Yes,No,Yes,Yes,Yes,No,Month-to-month,Yes,Credit card (automatic),110.27,2292.46,No
TC-05977,Male,0,Yes,No,46,Yes,No,DSL,Yes,No,No,Yes,No,No,Month-to-month,No,Mailed check,48.99,2177.42,No
TC-05978,Female,0,Yes,No,29,Yes,Yes,Fiber optic,No,No,No,No,Yes,Yes,Month-to-month,Yes,Electronic check,106.17,3147.2,No
TC-05979,Female,0,No,No,59,Yes,Yes,DSL,No,No,Yes,No,No,Yes,Month-to-month,Yes,Mailed check,104.38,6067.73,No
TC-05980,Female,0,Yes,No,38,Yes,No,DSL,No,No,Yes,No,No,No,One year,No,Mailed check,62.8,2494.23,No
TC-05981,Male,1,Yes,Yes,19,Yes,No,DSL,Yes,Yes,Yes,Yes,Yes,Yes,Month-to-month,Yes,Electronic check,80.97,1527.74,No
TC-05982,Female,1,Yes,No,25,No,No phone service,Fiber optic,Yes,Yes,Yes,Yes,No,No,One year,Yes,Electronic check,77.8,1967.6,No
TC-05983,Female,0,Yes,No,48,Yes,Yes,DSL,No,Yes,No,No,No,No,Month-to-month,Yes,Bank transfer (automatic),48.78,2368.16,No
TC-05984,Female,1,No,No,68,Yes,Yes,Fiber optic,Yes,Yes,Yes,No,Yes,Yes,Month-to-month,No,Mailed check,44.21,2956.8,Yes
TC-05985,Male,0,No,No,41,Yes,Yes,DSL,No,No,No,Yes,Yes,No,One year,Yes,Electronic check,34.9,1420.38,No
TC-05986,Male,0,Yes,Yes,5,Yes,Yes,No,No internet service,No internet service,No internet service,No internet service,No internet service,No internet service,One year,Yes,Mailed check,101.77,503.78,No
TC-05987,Female,0,Yes,No,52,Yes,No,DSL,Yes,No,Yes,Yes,No,Yes,Month-to-month,Yes,Credit card (automatic),71.35,3680.02,No
TC-05988,Female,0,No,No,33,Yes,No,DSL,No,No,Yes,Yes,Yes,Yes,Two year,No,Bank transfer (automatic),51.84,1762.58,No
TC-05989,Male,0,No,No,68,No,No phone service,Fiber optic,No,No,No,Yes,No,No,Two year,No,Mailed check,69.0,4631.52,No
TC-05990,Male,1,No,No,9,Yes,No,No,No internet service,No internet service,No internet service,No internet service,No internet service,No internet service,Month-to-month,Yes,Mailed check,26.06,244.48,No
TC-05991,Female,0,No,Yes,27,Yes,Yes,No,No internet service,No internet service,No internet service,No internet service,No internet service,No internet service,Month-to-month,No,Bank transfer (automatic),28.6,686.69,No
TC-05992,Male,0,No,No,2,Yes,No,Fiber optic,No,Yes,Yes,Yes,Yes,No,One year,No,Mailed check,93.94,199.84,No
TC-05993,Female,0,Yes,No,47,Yes,No,DSL,Yes,No,No,Yes,Yes,No,One year,Yes,Bank transfer (automatic),108.12,5090.13,No
TC-05994,Male,0,Yes,No,65,Yes,No,DSL,Yes,Yes,Yes,Yes,Yes,No,Month-to-month,Yes,Credit card (automatic),50.03,3347.33,No
TC-05995,Female,0,No,No,34,Yes,Yes,No,No internet service,No internet service,No internet service,No internet service,No internet service,No internet service,Two year,No,Bank transfer (automatic),58.92,1972.54,No
TC-05996,Female,0,No,No,51,Yes,Yes,No,No internet service,No internet service,No internet service,No internet service,No internet service,No internet service,Month-to-month,No,Credit card (automatic),55.37,2815.4,No
TC-05997,Male,0,Yes,Yes,61,Yes,Yes,Fiber optic,No,Yes,No,Yes,Yes,Yes,Month-to-month,No,Bank transfer (automatic),65.9,4007.9,No
TC-05998,Female,0,No,No,51,Yes,Yes,Fiber optic,No,No,Yes,No,No,Yes,Month-to-month,Yes,Mailed check,59.4,3113.47,No
TC-05999,Female,0,No,Yes,46,Yes,No,Fiber optic,Yes,Yes,No,Yes,No,No,Month-to-month,Yes,Mailed check,56.62,2575.73,Yes
TC-06000,Female,0,Yes,No,53,Yes,No,Fiber optic,No,No,Yes,Yes,Yes,No,Month-to-month,Yes,Electronic check,83.99,4462.73,No
TC-06001,Male,1,Yes,Yes,27,No,No phone service,Fiber optic,No,Yes,Yes,Yes,No,No,Month-to-month,No,Mailed check,45.21,1206.0,Yes
TC-06002,Male,0,Yes,Yes,22,Yes,No,DSL,Yes,No,No,No,Yes,No,Month-to-month,No,Mailed check,112.26,2462.14,Yes
TC-06003,Male,0,Yes,No,34,Yes,No,DSL,Yes,Yes,No,No,Yes,No,Two year,Yes,Bank transfer (automatic),48.85,1661.46,No
TC-06004,Female,0,No,No,31,Yes,No,Fiber optic,No,No,Yes,Yes,Yes,Yes,Month-to-month,No,Bank transfer (automatic),39.46,1278.17,Yes
TC-06005,Male,0,Yes,No,1,Yes,No,No,No internet service,No internet service,No internet service,No internet service,No internet service,No internet service,One year,Yes,Credit card (automatic),115.19,187.88,No
TC-06006,Female,1,No,No,15,No,No phone service,Fiber optic,Yes,No,Yes,No,No,Yes,Two year,Yes,Mailed check,40.88,543.81,No
TC-06007,Female,0,No,No,15,Yes,Yes,Fiber optic,No,Yes,Yes,Yes,Yes,No,Month-to-month,No,Mailed check,71.67,1114.11,No
TC-06008,Male,0,No,No,50,Yes,No,No,No internet service,No internet service,No internet service,No internet service,No internet service,No internet service,One year,Yes,Credit card (automatic),50.89,2607.24,No
TC-06009,Male,0,No,No,66,Yes,No,Fiber optic,Yes,No,Yes,Yes,Yes,No,Month-to-month,No,Mailed check,25.75,1716.5,No
TC-06010,Female,1,Yes,No,53,Yes,Yes,DSL,No,Yes,Yes,Yes,No,No,Month-to-month,No,Electronic check,113.29,6063.58,No
TC-06011,Female,0,No,No,19,Yes,No,DSL,Yes,No,Yes,Yes,Yes,Yes,Month-to-month,No,Electronic check,55.43,990.72,No
TC-06012,Male,0,No,No,32,Yes,No,No,No internet service,No internet service,No internet service,No internet service,No internet service,No internet service,Month-to-month,No,Credit card (automatic),82.48,2664.76,Yes
TC-06013,Male,0,No,No,7,Yes,Yes,Fiber optic,Yes,No,Yes,Yes,No,No,Two year,No,Bank transfer (automatic),104.23,792.04,No
TC-06014,Male,0,Yes,Yes,23,No,No phone service,No,No internet service,No internet service,No internet service,No internet service,No internet service,No internet service,One year,No,Credit card (automatic),73.3,1654.39,No
TC-06015,Female,0,Yes,No,52,Yes,No,Fiber optic,No,No,Yes,No,No,No,Two year,Yes,Mailed check,89.29,4578.67,No
TC-06016,Female,0,Yes,Yes,63,Yes,Yes,Fiber optic,Yes,Yes,Yes,No,Yes,Yes,Two year,No,Bank transfer (automatic),96.46,6134.07,No
TC-06017,Female,0,Yes,No,57,Yes,Yes,DSL,No,Yes,Yes,No,Yes,Yes,Two year,No,Electronic check,56.15,3179.41,No
TC-06018,Female,0,Yes,Yes,36,Yes,Yes,No,No internet service,No internet service,No internet service,No internet service,No internet service,No internet service,Month-to-month,No,Credit card (automatic),80.88,2882.77,No
TC-06019,Female,0,No,No,11,Yes,Yes,DSL,Yes,No,Yes,No,Yes,No,One year,Yes,Electronic check,38.6,330.58,No
TC-06020,Male,0,Yes,Yes,3,Yes,No,No,No internet service,No internet service,No internet service,No internet service,No internet service,No internet service,Two year,Yes,Electronic check,23.53,44.91,No
TC-06021,Male,0,No,No,30,Yes,Yes,DSL,No,No,No,No,No,No,Two year,No,Bank transfer (automatic),116.67,3465.17,No
TC-06022,Female,0,Yes,No,37,Yes,Yes,DSL,No,No,Yes,Yes,No,Yes,Month-to-month,Yes,Electronic check,27.26,918.48,No
TC-06023,Female,0,No,No,36,Yes,No,DSL,No,No,Yes,Yes,Yes,Yes,Month-to-month,No,Mailed check,60.87,2162.06,No
TC-06024,Male,0,Yes,No,13,Yes,Yes,No,No internet service,No internet service,No internet service,No internet service,No internet service,No internet service,One year,Yes,Bank transfer (automatic),24.74,380.88,Yes
TC-06025,Male,0,No,No,23,Yes,Yes,DSL,Yes,No,No,Yes,No,Yes,One year,Yes,Credit card (automatic),110.27,2553.32,No
TC-06026,Male,0,Yes,No,9,Yes,Yes,Fiber optic,Yes,Yes,No,Yes,Yes,No,Month-to-month,Yes,Electronic check,28.92,178.43,No
TC-06027,Male,0,No,No,37,Yes,No,DSL,No,Yes,No,Yes,No,No,Two year,Yes,Bank transfer (automatic),96.65,3595.55,No
TC-06028,Female,0,No,No,42,Yes,Yes,DSL,No,No,No,Yes,Yes,No,One year,No,Bank transfer (automatic),89.57,3798.28,No
TC-06029,Male,0,No,No,36,Yes,Yes,Fiber optic,No,No,Yes,Yes,No,Yes,Month-to-month,Yes,Bank transfer (automatic),22.5,815.2,No
TC-06030,Female,0,No,No,41,Yes,Yes,No,No internet service,No internet service,No internet service,No internet service,No internet service,No internet service,Month-to-month,Yes,Credit card (automatic),90.13,3693.57,No
TC-06031,Male,0,No,No,31,Yes,Yes,No,No internet service,No internet service,No internet service,No internet service,No internet service,No internet service,Month-to-month,Yes,Electronic check,114.93,3523.18,No
TC-06032,Male,0,No,No,13,Yes,Yes,DSL,Yes,No,No,No,Yes,Yes,Month-to-month,No,Credit card (automatic),70.1,932.22,No
TC-06033,Male,1,Yes,Yes,3,Yes,Yes,No,No internet service,No internet service,No internet service,No internet service,No internet service,No internet service,Month-to-month,Yes,Electronic check,46.95,170.1,No
TC-06034,Female,0,Yes,No,23,Yes,No,Fiber optic,No,Yes,Yes,Yes,Yes,Yes,Two year,No,Mailed check,72.5,1681.53,No
TC-06035,Female,0,No,No,9,Yes,Yes,DSL,Yes,Yes,No,Yes,Yes,No,Month-to-month,Yes,Credit card (automatic),30.1,358.17,No
TC-06036,Male,0,No,No,15,Yes,No,Fiber optic,No,Yes,Yes,Yes,Yes,Yes,Two year,Yes,Mailed check,113.6,1693.73,No
TC-06037,Female,0,No,No,38,Yes,No,DSL,No,Yes,No,No,No,Yes,One year,Yes,Mailed check,54.53,2006.97,No
TC-06038,Female,0,No,No,17,Yes,No,No,No internet service,No internet service,No internet service,No internet service,No internet service,No internet service,Month-to-month,Yes,Mailed check,63.7,1166.61,Yes
TC-06039,Male,1,No,No,24,Yes,No,Fiber optic,Yes,No,No,No,Yes,No,Month-to-month,Yes,Credit card (automatic),58.14,1300.88,Yes
TC-06040,Male,0,No,Yes,6,No,No phone service,DSL,Yes,No,Yes,No,No,No,One year,Yes,Credit card (automatic),20.79,104.81,No
TC-06041,Female,0,No,No,55,Yes,Yes,Fiber optic,No,No,No,Yes,No,No,Two year,No,Mailed check,21.44,1133.15,No
TC-06042,Female,0,Yes,Yes,46,Yes,Yes,Fiber optic,No,Yes,Yes,No,Yes,Yes,Two year,Yes,Bank transfer (automatic),74.24,3409.94,No
TC-06043,Female,0,No,Yes,2,Yes,Yes,Fiber optic,No,No,No,Yes,No,Yes,One year,Yes,Credit card (automatic),68.23,129.65,No
TC-06044,Male,0,No,No,0,Yes,Yes,Fiber optic,No,No,Yes,Yes,No,No,Month-to-month,Yes,Mailed check,116.65,116.65,No
TC-06045,Male,0,Yes,No,32,No,No phone service,Fiber optic,No,No,No,No,Yes,Yes,Month-to-month,No,Electronic check,44.32,1471.61,No
TC-06046,Female,0,Yes,Yes,70,Yes,No,Fiber optic,Yes,Yes,Yes,No,Yes,No,Two year,No,Bank transfer (automatic),54.85,3832.76,No
TC-06047,Male,1,No,No,58,Yes,Yes,Fiber optic,Yes,No,No,No,Yes,Yes,Month-to-month,No,Credit card (automatic),116.79,6834.77,No
TC-06048,Male,0,Yes,No,71,Yes,Yes,No,No internet service,No internet service,No internet service,No internet service,No internet service,No internet service,Month-to-month,Yes,Mailed check,22.79,1559.64,No
TC-06049,Female,0,Yes,Yes,31,Yes,No,DSL,Yes,Yes,Yes,Yes,No,No,Month-to-month,Yes,Mailed check,82.26,2496.07,No
TC-06050,Female,1,Yes,Yes,16,Yes,Yes,Fiber optic,No,No,Yes,No,Yes,Yes,Month-to-month,Yes,Bank transfer (automatic),28.16,395.24,Yes
TC-06051,Male,0,No,Yes,16,Yes,No,Fiber optic,Yes,Yes,No,No,No,Yes,Month-to-month,Yes,Credit card (automatic),112.64,1828.19,No
TC-06052,Male,0,No,Yes,20,Yes,Yes,DSL,Yes,Yes,No,Yes,No,Yes,One year,Yes,Bank transfer (automatic),46.81,1023.57,No
TC-06053,Female,0,Yes,No,54,Yes,Yes,No,No internet service,No internet service,No internet service,No internet service,No internet service,No internet service,Two year,Yes,Bank transfer (automatic),99.41,5352.95,No
TC-06054,Male,0,No,No,5,Yes,No,DSL,Yes,Yes,Yes,No,Yes,No,Month-to-month,No,Credit card (automatic),109.13,429.97,No
TC-06055,Male,0,No,No,48,Yes,Yes,No,No internet service,No internet service,No internet service,No internet service,No internet service,No internet service,Month-to-month,Yes,Bank transfer (automatic),102.7,4953.33,Yes
TC-06056,Female,0,No,Yes,25,Yes,Yes,Fiber optic,No,No,No,Yes,Yes,Yes,One year,No,Mailed check,73.69,1875.49,Yes
TC-06057,Female,0,Yes,No,31,Yes,No,Fiber optic,Yes,No,Yes,No,Yes,Yes,Month-to-month,Yes,Bank transfer (automatic),115.34,3523.84,No
TC-06058,Male,0,Yes,No,71,Yes,Yes,No,No internet service,No internet service,No internet service,No internet service,No internet service,No internet service,One year,Yes,Bank transfer (automatic),85.66,6110.14,No
TC-06059,Male,1,Yes,No,43,Yes,Yes,No,No internet service,No internet service,No internet service,No internet service,No internet service,No internet service,Month-to-month,No,Mailed check,96.61,4194.77,No
TC-06060,Male,0,Yes,No,58,Yes,Yes,No,No internet service,No internet service,No internet service,No internet service,No internet service,No internet service,Month-to-month,No,Bank transfer (automatic),42.41,2357.32,No
TC-06061,Female,0,No,No,28,Yes,Yes,Fiber optic,Yes,No,Yes,No,Yes,Yes,Month-to-month,Yes,Electronic check,59.84,1731.33,No
TC-06062,Male,0,No,Yes,16,Yes,No,DSL,No,No,No,No,Yes,No,Month-to-month,Yes,Mailed check,77.82,1304.06,No
TC-06063,Male,0,No,No,17,Yes,No,No,No internet service,No internet service,No internet service,No internet service,No internet service,No internet service,Month-to-month,Yes,Mailed check,32.58,538.45,Yes
TC-06064,Female,0,Yes,No,39,Yes,No,Fiber optic,No,Yes,Yes,No,No,No,Month-to-month,Yes,Bank transfer (automatic),114.57,4500.49,No
TC-06065,Female,0,Yes,Yes,62,Yes,No,DSL,No,Yes,Yes,No,Yes,No,Month-to-month,Yes,Mailed check,28.97,1894.96,No
TC-06066,Male,0,No,Yes,44,Yes,No,No,No internet service,No internet service,No internet service,No internet service,No internet service,No internet service,Two year,Yes,Mailed check,91.29,3983.89,No
TC-06067,Female,0,Yes,Yes,2,Yes,Yes,Fiber optic,No,Yes,Yes,No,No,Yes,Month-to-month,Yes,Mailed check,23.8,105.64,No
TC-06068,Female,0,Yes,No,2,No,No phone service,Fiber optic,Yes,Yes,Yes,Yes,Yes,No,Month-to-month,Yes,Electronic check,28.26,68.78,No
TC-06069,Male,0,No,Yes,37,Yes,No,Fiber optic,No,Yes,No,No,Yes,Yes,Two year,Yes,Mailed check,80.33,2915.22,No
TC-06070,Female,0,Yes,Yes,39,Yes,No,No,No internet service,No internet service,No internet service,No internet service,No internet service,No internet service,Month-to-month,Yes,Electronic check,63.25,2375.72,No
TC-06071,Female,0,Yes,No,67,Yes,Yes,Fiber optic,Yes,No,No,Yes,Yes,No,Two year,No,Electronic check,18.36,1266.21,No
TC-06072,Male,0,No,No,53,Yes,No,DSL,No,No,Yes,No,Yes,Yes,Month-to-month,No,Credit card (automatic),57.37,2975.3,No
TC-06073,Female,0,Yes,Yes,19,Yes,No,Fiber optic,Yes,Yes,No,No,Yes,Yes,One year,No,Mailed check,43.01,865.59,No
TC-06074,Male,0,No,No,14,Yes,Yes,No,No internet service,No internet service,No internet service,No internet service,No internet service,No internet service,Month-to-month,Yes,Mailed check,105.16,1363.01,Yes
TC-06075,Male,1,No,No,4,Yes,Yes,Fiber optic,No,No,No,No,No,Yes,Month-to-month,Yes,Bank transfer (automatic),88.81,362.69,No
TC-06076,Female,0,Yes,No,38,Yes,No,No,No internet service,No internet service,No internet service,No internet service,No internet service,No internet service,Two year,No,Electronic check,91.75,3470.48,No
TC-06077,Female,0,No,No,39,Yes,No,DSL,No,Yes,Yes,Yes,No,Yes,One year,Yes,Mailed check,113.09,4494.36,No
TC-06078,Female,0,Yes,No,6,Yes,Yes,Fiber optic,No,No,Yes,No,No,No,Month-to-month,Yes,Mailed check,88.99,545.22,Yes
TC-06079,Male,1,Yes,No,71,Yes,No,DSL,Yes,Yes,Yes,No,Yes,Yes,Two year,No,Electronic check,34.06,2448.89,No
TC-06080,Female,0,Yes,Yes,32,Yes,No,Fiber optic,Yes,No,No,Yes,Yes,No,One year,Yes,Electronic check,111.73,3553.82,No
TC-06081,Male,0,Yes,No,36,Yes,Yes,Fiber optic,No,Yes,No,No,Yes,Yes,Two year,Yes,Credit card (automatic),29.31,1046.23,No
TC-06082,Female,0,Yes,No,31,Yes,No,No,No internet service,No internet service,No internet service,No internet service,No internet service,No internet service,Month-to-month,Yes,Credit card (automatic),37.26,1207.68,No
TC-06083,Female,0,Yes,No,42,Yes,No,DSL,Yes,No,Yes,Yes,No,Yes,Month-to-month,Yes,Credit card (automatic),46.51,1954.24,No
TC-06084,Female,0,Yes,No,62,Yes,No,DSL,Yes,No,No,No,Yes,No,One year,Yes,Mailed check,35.51,2155.67,No
TC-06085,Male,0,Yes,No,35,Yes,Yes,DSL,No,No,No,No,No,Yes,Two year,Yes,Credit card (automatic),19.83,751.07,No
TC-06086,Female,0,Yes,Yes,48,Yes,Yes,DSL,No,Yes,No,Yes,No,No,Two year,Yes,Electronic check,63.92,3152.45,No
TC-06087,Female,0,No,Yes,24,Yes,Yes,DSL,No,Yes,Yes,No,Yes,Yes,Month-to-month,No,Mailed check,86.8,2158.34,Yes
TC-06088,Male,0,No,Yes,65,Yes,No,No,No internet service,No internet service,No internet service,No internet service,No internet service,No internet service,Month-to-month,Yes,Mailed check,60.12,3972.31,No
TC-06089,Male,1,Yes,No,8,Yes,No,Fiber optic,No,Yes,No,Yes,Yes,No,Month-to-month,Yes,Electronic check,41.48,317.7,No
TC-06090,Female,0,Yes,Yes,17,Yes,No,No,No internet service,No internet service,No internet service,No internet service,No internet service,No internet service,Two year,Yes,Mailed check,106.29,1757.86,No
TC-06091,Female,0,Yes,No,21,Yes,Yes,DSL,No,No,No,No,Yes,Yes,Two year,Yes,Mailed check,56.83,1134.11,No
TC-06092,Female,0,No,Yes,14,Yes,No,No,No internet service,No internet service,No internet service,No internet service,No internet service,No internet service,Month-to-month,Yes,Electronic check,101.89,1361.1,No
TC-06093,Male,1,No,No,6,Yes,Yes,DSL,Yes,No,No,Yes,No,No,Month-to-month,Yes,Bank transfer (automatic),35.85,210.42,No
TC-06094,Male,1,Yes,Yes,12,Yes,No,No,No internet service,No internet service,No internet service,No internet service,No internet service,No internet service,One year,No,Credit card (automatic),51.34,704.65,No
TC-06095,Male,0,Yes,No,35,Yes,No,Fiber optic,Yes,No,No,No,No,Yes,Month-to-month,Yes,Mailed check,98.35,3359.55,Yes
TC-06096,Male,0,Yes,No,15,Yes,Yes,Fiber optic,Yes,No,Yes,No,No,Yes,One year,No,Mailed check,21.04,316.44,No
TC-06097,Female,0,No,No,40,No,No phone service,Fiber optic,Yes,No,No,Yes,No,Yes,Month-to-month,No,Electronic check,110.05,4385.99,No
TC-06098,Male,1,Yes,No,20,Yes,No,No,No internet service,No internet service,No internet service,No internet service,No internet service,No internet service,Two year,Yes,Electronic check,57.66,1094.42,No
TC-06099,Male,0,No,No,27,Yes,Yes,Fiber optic,No,Yes,No,No,No,Yes,One year,No,Electronic check,115.8,3113.93,Yes
TC-06100,Male,0,No,Yes,16,Yes,No,DSL,No,No,No,Yes,Yes,No,Two year,No,Electronic check,88.14,1474.73,No
TC-06101,Female,0,Yes,Yes,64,Yes,No,Fiber optic,No,Yes,No,No,Yes,Yes,One year,Yes,Electronic check,112.94,7239.53,No
TC-06102,Female,1,No,Yes,12,Yes,No,No,No internet service,No internet service,No internet service,No internet service,No internet service,No internet service,Month-to-month,Yes,Bank transfer (automatic),24.62,326.8,No
TC-06103,Male,0,Yes,No,35,Yes,No,No,No internet service,No internet service,No internet service,No internet service,No internet service,No internet service,One year,Yes,Bank transfer (automatic),90.2,3210.45,No
TC-06104,Male,0,No,Yes,57,Yes,Yes,Fiber optic,Yes,Yes,Yes,No,No,No,Month-to-month,Yes,Mailed check,105.55,6035.68,Yes
TC-06105,Female,0,No,Yes,19,Yes,No,DSL,Yes,No,Yes,Yes,No,Yes,Month-to-month,Yes,Mailed check,116.76,2200.03,No
TC-06106,Female,0,Yes,No,51,Yes,Yes,Fiber optic,Yes,Yes,No,Yes,Yes,Yes,Month-to-month,No,Bank transfer (automatic),21.34,1093.36,Yes
TC-06107,Female,0,Yes,No,5,Yes,No,No,No internet service,No internet service,No internet service,No internet service,No internet service,No internet service,Month-to-month,Yes,Bank transfer (automatic),26.31,77.89,Yes
TC-06108,Female,1,No,No,22,Yes,No,Fiber optic,Yes,No,No,Yes,Yes,Yes,Month-to-month,No,Electronic check,91.17,2008.6,No
TC-06109,Female,1,No,No,41,No,No phone service,Fiber optic,Yes,Yes,Yes,Yes,Yes,Yes,Month-to-month,Yes,Mailed check,21.89,903.59,No
TC-06110,Female,1,No,No,23,No,No phone service,Fiber optic,Yes,No,No,No,Yes,No,Two year,Yes,Electronic check,19.14,506.08,No
TC-06111,Female,0,Yes,No,4,Yes,No,DSL,No,No,No,Yes,Yes,Yes,Month-to-month,Yes,Electronic check,72.51,273.83,No
TC-06112,Female,0,Yes,Yes,31,Yes,No,No,No internet service,No internet service,No internet service,No internet service,No internet service,No internet service,Two year,Yes,Electronic check,70.95,2183.24,No
TC-06113,Male,1,Yes,No,45,Yes,Yes,No,No internet service,No internet service,No internet service,No internet service,No internet service,No internet service,One year,Yes,Mailed check,79.35,3494.97,No
TC-06114,Male,0,Yes,No,16,Yes,Yes,DSL,No,Yes,No,Yes,Yes,No,One year,Yes,Credit card (automatic),19.41,342.98,No
TC-06115,Male,0,No,Yes,26,Yes,No,No,No internet service,No internet service,No internet service,No internet service,No internet service,No internet service,Two year,Yes,Mailed check,68.33,1703.12,No
TC-06116,Male,1,No,No,67,Yes,Yes,No,No internet service,No internet service,No internet service,No internet service,No internet service,No internet service,Month-to-month,No,Credit card (automatic),46.67,3102.0,No
TC-06117,Male,0,No,No,22,Yes,Yes,DSL,Yes,Yes,Yes,No,No,Yes,Two year,No,Electronic check,93.61,2023.91,No
TC-06118,Male,0,No,Yes,33,Yes,No,Fiber optic,Yes,Yes,Yes,No,No,No,Month-to-month,Yes,Credit card (automatic),52.82,1787.59,Yes
TC-06119,Female,0,No,No,20,Yes,Yes,DSL,Yes,Yes,No,No,Yes,No,Two year,No,Mailed check,53.66,1097.6,No
TC-06120,Female,0,Yes,Yes,21,Yes,No,DSL,Yes,No,No,No,Yes,No,Two year,No,Bank transfer (automatic),83.42,1787.21,No
TC-06121,Male,0,Yes,No,64,Yes,Yes,Fiber optic,Yes,Yes,Yes,Yes,Yes,Yes,Two year,No,Electronic check,84.07,5427.76,No
TC-06122,Male,0,No,No,31,Yes,Yes,DSL,No,Yes,Yes,Yes,Yes,Yes,Month-to-month,Yes,Electronic check,23.83,706.76,No
TC-06123,Female,0,No,No,61,Yes,No,No,No internet service,No internet service,No internet service,No internet service,No internet service,No internet service,Month-to-month,Yes,Electronic check,80.6,4873.22,Yes
TC-06124,Female,0,No,Yes,27,No,No phone service,No,No internet service,No internet service,No internet service,No internet service,No internet service,No internet service,Month-to-month,No,Electronic check,83.79,2178.14,No
TC-06125,Female,0,No,Yes,6,Yes,No,DSL,Yes,No,Yes,No,Yes,Yes,Month-to-month,Yes,Credit card (automatic),63.75,388.88,No
TC-06126,Male,0,No,Yes,53,Yes,Yes,DSL,Yes,No,Yes,Yes,No,Yes,Month-to-month,Yes,Electronic check,100.79,5302.75,No
TC-06127,Female,1,No,Yes,69,Yes,No,DSL,Yes,Yes,No,No,No,No,One year,No,Bank transfer (automatic),18.91,1327.35,No
TC-06128,Male,0,No,No,13,Yes,No,No,No internet service,No internet service,No internet service,No internet service,No internet service,No internet service,Two year,Yes,Electronic check,114.84,1550.94,No
TC-06129,Male,0,No,No,54,Yes,No,Fiber optic,No,No,No,No,Yes,Yes,Month-to-month,Yes,Mailed check,55.6,3048.91,No
TC-06130,Female,0,Yes,No,57,Yes,Yes,Fiber optic,Yes,Yes,Yes,Yes,No,Yes,Month-to-month,No,Mailed check,77.57,4427.53,No
TC-06131,Female,1,No,No,43,Yes,No,Fiber optic,Yes,No,Yes,Yes,No,No,Two year,No,Bank transfer (automatic),21.43,925.39,No
TC-06132,Male,0,No,No,45,Yes,No,DSL,Yes,Yes,No,Yes,No,Yes,One year,No,Electronic check,88.89,3999.59,No
TC-06133,Female,0,Yes,No,13,Yes,Yes,DSL,No,No,No,Yes,No,No,Month-to-month,No,Credit card (automatic),72.37,1047.05,Yes
TC-06134,Female,1,Yes,No,43,Yes,No,DSL,No,No,No,Yes,Yes,Yes,One year,Yes,Bank transfer (automatic),114.04,4874.6,No
TC-06135,Male,0,No,Yes,40,Yes,No,Fiber optic,No,No,No,Yes,Yes,No,One year,Yes,Bank transfer (automatic),60.25,2413.96,No
TC-06136,Female,1,Yes,No,1,Yes,No,Fiber optic,No,Yes,Yes,Yes,Yes,Yes,Month-to-month,Yes,Mailed check,90.19,81.14,No
TC-06137,Male,1,Yes,No,4,Yes,No,DSL,Yes,No,Yes,No,No,Yes,Month-to-month,Yes,Electronic check,25.42,62.52,Yes
TC-06138,Male,1,No,No,11,Yes,Yes,Fiber optic,Yes,Yes,Yes,Yes,Yes,No,Two year,No,Electronic check,24.45,249.96,No
TC-06139,Female,0,Yes,No,46,Yes,No,Fiber optic,Yes,Yes,Yes,No,Yes,No,One year,No,Electronic check,112.9,5194.8,No
TC-06140,Male,0,No,No,34,Yes,No,DSL,No,Yes,Yes,No,No,Yes,Month-to-month,Yes,Bank transfer (automatic),43.33,1413.98,No
TC-06141,Male,1,No,Yes,18,Yes,No,DSL,Yes,No,Yes,No,Yes,Yes,Month-to-month,No,Credit card (automatic),109.24,2048.75,No
TC-06142,Female,0,No,Yes,62,Yes,No,DSL,Yes,No,Yes,No,No,Yes,Month-to-month,Yes,Electronic check,26.76,1695.43,No
TC-06143,Female,0,Yes,No,7,Yes,No,DSL,No,No,No,Yes,No,Yes,Two year,No,Bank transfer (automatic),81.77,626.99,No
TC-06144,Female,0,Yes,No,22,Yes,Yes,Fiber optic,Yes,Yes,Yes,No,Yes,No,Month-to-month,No,Bank transfer (automatic),73.16,1601.45,Yes
TC-06145,Male,0,No,No,12,Yes,No,DSL,No,Yes,No,No,Yes,Yes,Month-to-month,No,Mailed check,114.62,1359.79,No
TC-06146,Male,0,No,No,22,Yes,No,No,No internet service,No internet service,No internet service,No internet service,No internet service,No internet service,Month-to-month,Yes,Electronic check,58.4,1274.1,Yes
TC-06147,Female,0,Yes,No,30,No,No phone service,DSL,No,Yes,Yes,No,No,No,Two year,Yes,Bank transfer (automatic),22.84,650.38,No
TC-06148,Male,0,No,No,29,Yes,Yes,Fiber optic,Yes,No,Yes,Yes,No,No,Two year,Yes,Mailed check,65.41,1961.88,No
TC-06149,Female,0,Yes,Yes,41,Yes,No,No,No internet service,No internet service,No internet service,No internet service,No internet service,No internet service,Month-to-month,Yes,Mailed check,100.42,4187.06,No
TC-06150,Female,0,Yes,Yes,1,Yes,Yes,DSL,No,Yes,No,Yes,Yes,No,Two year,No,Electronic check,23.25,50.73,No
TC-06151,Male,0,Yes,Yes,10,Yes,No,Fiber optic,No,No,Yes,No,No,No,Month-to-month,Yes,Credit card (automatic),21.62,301.1,No
TC-06152,Female,0,Yes,No,24,Yes,No,DSL,No,No,Yes,No,No,Yes,Month-to-month,Yes,Credit card (automatic),100.18,2524.14,Yes
TC-06153,Male,0,Yes,No,28,Yes,Yes,Fiber optic,No,Yes,Yes,Yes,No,No,Month-to-month,No,Mailed check,100.4,2903.54,Yes
TC-06154,Male,0,Yes,Yes,21,Yes,No,Fiber optic,Yes,No,Yes,Yes,Yes,No,Month-to-month,Yes,Mailed check,38.0,774.54,Yes
TC-06155,Female,0,No,Yes,18,Yes,No,DSL,Yes,Yes,Yes,No,No,No,Month-to-month,No,Credit card (automatic),83.75,1386.55,No
TC-06156,Male,0,No,No,40,Yes,Yes,DSL,Yes,No,Yes,No,No,No,Month-to-month,No,Bank transfer (automatic),24.43,1014.34,No
TC-06157,Female,0,Yes,No,37,Yes,No,No,No internet service,No internet service,No internet service,No internet service,No internet service,No internet service,Month-to-month,No,Mailed check,94.56,3520.06,No
TC-06158,Male,0,Yes,No,28,Yes,No,Fiber optic,No,No,No,No,Yes,No,Month-to-month,No,Bank transfer (automatic),48.52,1364.01,Yes
TC-06159,Male,0,No,No,21,Yes,No,DSL,Yes,Yes,No,Yes,Yes,No,Two year,Yes,Electronic check,41.05,850.46,No
TC-06160,Male,0,No,Yes,7,Yes,Yes,Fiber optic,No,No,No,No,Yes,No,Month-to-month,Yes,Credit card (automatic),85.76,667.85,No
TC-06161,Female,0,No,No,46,Yes,Yes,DSL,Yes,Yes,No,Yes,No,No,Month-to-month,Yes,Credit card (automatic),109.16,4944.04,No
TC-06162,Male,1,No,Yes,5,Yes,No,DSL,Yes,Yes,No,Yes,Yes,Yes,Month-to-month,Yes,Bank transfer (automatic),22.15,187.35,No
TC-06163,Female,0,No,No,6,Yes,No,DSL,No,No,No,Yes,Yes,Yes,Two year,Yes,Bank transfer (automatic),32.37,280.91,No
TC-06164,Male,1,No,No,35,Yes,Yes,Fiber optic,Yes,Yes,Yes,No,Yes,No,Two year,No,Mailed check,43.57,1532.46,No
TC-06165,Male,0,No,No,7,Yes,No,Fiber optic,No,Yes,No,Yes,No,No,Two year,Yes,Electronic check,110.78,789.67,No
TC-06166,Female,0,No,No,45,Yes,No,No,No internet service,No internet service,No internet service,No internet service,No internet service,No internet service,One year,Yes,Credit card (automatic),105.72,4698.11,No
TC-06167,Female,0,Yes,No,63,Yes,Yes,DSL,No,No,No,No,Yes,No,Month-to-month,No,Credit card (automatic),108.72,6899.58,Yes
TC-06168,Female,0,No,No,30,Yes,Yes,Fiber optic,Yes,Yes,No,No,No,Yes,Month-to-month,No,Mailed check,55.84,1738.76,Yes
TC-06169,Female,0,Yes,No,22,No,No phone service,DSL,Yes,Yes,Yes,Yes,No,Yes,Two year,No,Bank transfer (automatic),41.16,943.74,No
TC-06170,Female,0,No,No,60,Yes,No,Fiber optic,No,Yes,No,Yes,Yes,No,One year,No,Bank transfer (automatic),37.17,2168.22,No
TC-06171,Male,0,No,Yes,49,Yes,No,Fiber optic,Yes,Yes,No,Yes,No,No,Month-to-month,No,Bank transfer (automatic),106.2,5123.33,Yes
TC-06172,Male,0,No,No,45,Yes,Yes,DSL,No,No,No,No,No,No,Month-to-month,No,Electronic check,41.12,1838.38,No
TC-06173,Female,0,No,No,42,No,No phone service,No,No internet service,No internet service,No internet service,No internet service,No internet service,No internet service,One year,Yes,Credit card (automatic),71.08,2989.32,No
TC-06174,Male,0,No,No,9,Yes,No,DSL,No,No,Yes,Yes,No,Yes,Two year,Yes,Credit card (automatic),51.17,511.29,No
TC-06175,Male,1,Yes,No,19,Yes,No,No,No internet service,No internet service,No internet service,No internet service,No internet service,No internet service,Month-to-month,No,Credit card (automatic),67.89,1277.88,No
TC-06176,Male,0,No,No,15,Yes,No,No,No internet service,No internet service,No internet service,No internet service,No internet service,No internet service,Month-to-month,Yes,Electronic check,52.58,841.83,No
TC-06177,Female,0,Yes,No,2,Yes,Yes,Fiber optic,Yes,No,Yes,Yes,Yes,Yes,Two year,No,Electronic check,47.29,151.04,No
TC-06178,Male,0,Yes,No,29,Yes,No,No,No internet service,No internet service,No internet service,No internet service,No internet service,No internet service,Two year,No,Mailed check,60.73,1784.85,No
TC-06179,Male,0,No,Yes,17,No,No phone service,DSL,Yes,No,Yes,No,No,Yes,One year,Yes,Mailed check,51.29,915.38,No
TC-06180,Male,0,Yes,Yes,58,Yes,No,Fiber optic,No,Yes,Yes,Yes,Yes,No,Month-to-month,No,Credit card (automatic),101.97,5893.46,No
TC-06181,Female,0,No,No,69,Yes,Yes,No,No internet service,No internet service,No internet service,No internet service,No internet service,No internet service,Month-to-month,Yes,Mailed check,76.07,5191.75,No
TC-06182,Male,0,No,No,34,Yes,Yes,No,No internet service,No internet service,No internet service,No internet service,No internet service,No internet service,Month-to-month,No,Mailed check,35.62,1182.63,No
TC-06183,Male,1,No,No,18,Yes,No,DSL,No,Yes,No,Yes,No,No,Month-to-month,Yes,Credit card (automatic),41.59,706.98,No
TC-06184,Female,0,Yes,No,25,Yes,Yes,Fiber optic,Yes,No,Yes,Yes,No,No,One year,No,Credit card (automatic),23.36,644.53,No
TC-06185,Female,1,No,No,34,Yes,No,DSL,Yes,Yes,No,Yes,Yes,No,Month-to-month,Yes,Electronic check,47.97,1674.11,Yes
TC-06186,Male,1,Yes,No,71,No,No phone service,Fiber optic,Yes,Yes,No,Yes,No,Yes,Month-to-month,Yes,Electronic check,84.95,5929.93,No
TC-06187,Male,1,No,No,56,Yes,Yes,DSL,Yes,Yes,Yes,Yes,No,No,One year,No,Credit card (automatic),36.3,2041.74,No
TC-06188,Female,0,No,No,48,Yes,Yes,DSL,Yes,No,Yes,No,Yes,Yes,Month-to-month,No,Bank transfer (automatic),27.92,1250.87,No
TC-06189,Female,0,Yes,No,9,Yes,Yes,DSL,Yes,Yes,Yes,Yes,No,Yes,One year,Yes,Electronic check,50.1,396.7,No
TC-06190,Female,0,Yes,Yes,28,Yes,Yes,Fiber optic,No,Yes,No,No,No,Yes,Two year,Yes,Mailed check,79.25,2260.6,No
TC-06191,Female,0,Yes,Yes,70,Yes,No,Fiber optic,Yes,Yes,No,Yes,No,Yes,Month-to-month,No,Credit card (automatic),65.28,4483.39,No
TC-06192,Female,0,Yes,No,67,Yes,No,Fiber optic,Yes,Yes,Yes,Yes,Yes,No,Two year,Yes,Mailed check,51.22,3363.53,No
TC-06193,Female,0,Yes,No,23,Yes,Yes,Fiber optic,No,No,No,Yes,Yes,Yes,Month-to-month,No,Mailed check,106.3,2393.7,Yes
TC-06194,Female,0,Yes,Yes,42,Yes,Yes,Fiber optic,Yes,No,Yes,No,No,No,One year,No,Electronic check,64.86,2644.87,No
TC-06195,Male,0,No,Yes,38,Yes,Yes,DSL,No,Yes,Yes,Yes,No,No,One year,No,Credit card (automatic),63.5,2341.99,No
TC-06196,Female,0,Yes,No,24,Yes,No,Fiber optic,Yes,Yes,Yes,Yes,No,Yes,Month-to-month,Yes,Electronic check,21.17,505.27,No
TC-06197,Female,0,No,No,67,Yes,Yes,DSL,Yes,Yes,Yes,No,Yes,Yes,Month-to-month,Yes,Electronic check,81.93,5405.07,No
TC-06198,Male,0,No,Yes,33,Yes,No,Fiber optic,Yes,Yes,No,Yes,Yes,Yes,Two year,Yes,Electronic check,63.93,2097.24,No
TC-06199,Female,0,No,Yes,52,Yes,No,Fiber optic,No,No,Yes,No,No,Yes,Month-to-month,Yes,Mailed check,32.51,1690.97,No
TC-06200,Female,0,No,No,54,Yes,Yes,DSL,Yes,No,No,Yes,Yes,No,Month-to-month,Yes,Electronic check,42.37,2325.58,No
TC-06201,Male,0,No,No,52,No,No phone service,Fiber optic,No,No,No,Yes,Yes,Yes,Month-to-month,No,Bank transfer (automatic),38.24,2034.95,No
TC-06202,Female,0,Yes,Yes,17,Yes,No,Fiber optic,Yes,No,No,Yes,Yes,Yes,Two year,No,Credit card (automatic),30.21,444.76,No
TC-06203,Male,0,No,No,6,Yes,No,Fiber optic,Yes,No,Yes,No,No,Yes,Month-to-month,Yes,Bank transfer (automatic),61.55,303.11,Yes
TC-06204,Male,0,No,No,62,Yes,Yes,Fiber optic,No,No,No,Yes,Yes,Yes,Month-to-month,Yes,Electronic check,54.33,3299.48,No
TC-06205,Male,0,No,No,41,Yes,Yes,Fiber optic,Yes,Yes,Yes,No,Yes,Yes,Month-to-month,Yes,Credit card (automatic),54.01,2253.95,No
TC-06206,Male,0,Yes,No,10,Yes,No,No,No internet service,No internet service,No internet service,No internet service,No internet service,No internet service,Month-to-month,Yes,Bank transfer (automatic),43.15,448.78,No
TC-06207,Female,0,Yes,No,8,Yes,Yes,Fiber optic,Yes,Yes,Yes,No,No,Yes,Month-to-month,No,Electronic check,61.64,475.46,No
TC-06208,Male,0,Yes,No,34,Yes,No,DSL,No,No,Yes,No,No,Yes,Two year,Yes,Credit card (automatic),72.75,2413.9,No
TC-06209,Male,0,Yes,No,64,Yes,Yes,No,No internet service,No internet service,No internet service,No internet service,No internet service,No internet service,Two year,Yes,Bank transfer (automatic),79.15,5073.36,Yes
TC-06210,Female,0,No,Yes,4,Yes,No,DSL,No,Yes,No,Yes,No,No,Month-to-month,Yes,Credit card (automatic),39.98,228.36,Yes
TC-06211,Male,1,Yes,No,25,Yes,Yes,DSL,Yes,Yes,No,Yes,Yes,Yes,Two year,Yes,Credit card (automatic),90.78,2334.69,No
TC-06212,Male,0,No,No,50,Yes,Yes,Fiber optic,No,No,Yes,Yes,Yes,No,One year,No,Electronic check,20.7,961.34,Yes
TC-06213,Male,0,Yes,No,37,Yes,No,No,No internet service,No internet service,No internet service,No internet service,No internet service,No internet service,One year,No,Electronic check,93.04,3496.03,No
TC-06214,Male,0,Yes,Yes,2,Yes,Yes,DSL,Yes,Yes,Yes,No,No,No,Month-to-month,Yes,Electronic check,46.3,18.28,No
TC-06215,Female,0,Yes,No,58,Yes,No,DSL,No,Yes,No,No,Yes,Yes,Month-to-month,No,Credit card (automatic),55.0,3169.89,No
TC-06216,Male,0,Yes,Yes,12,Yes,Yes,DSL,Yes,No,Yes,No,No,Yes,Month-to-month,No,Mailed check,76.07,886.84,No
TC-06217,Female,0,No,No,34,Yes,Yes,Fiber optic,No,No,Yes,No,No,No,One year,Yes,Bank transfer (automatic),79.05,2701.02,No
TC-06218,Female,0,Yes,Yes,2,Yes,Yes,No,No internet service,No internet service,No internet service,No internet service,No internet service,No internet service,Two year,No,Bank transfer (automatic),60.12,70.12,No
TC-06219,Male,0,No,No,52,No,No phone service,No,No internet service,No internet service,No internet service,No internet service,No internet service,No internet service,Month-to-month,Yes,Credit card (automatic),111.79,5818.22,No
TC-06220,Male,0,No,No,54,Yes,No,DSL,No,No,No,No,Yes,No,Two year,Yes,Electronic check,103.83,5552.77,No
TC-06221,Male,0,No,No,44,Yes,No,DSL,No,Yes,Yes,Yes,Yes,Yes,Month-to-month,Yes,Mailed check,40.5,1790.6,No
TC-06222,Male,0,No,Yes,65,Yes,No,No,No internet service,No internet service,No internet service,No internet service,No internet service,No internet service,Two year,Yes,Credit card (automatic),76.89,4931.99,No
TC-06223,Female,0,No,No,66,Yes,No,DSL,Yes,Yes,Yes,No,Yes,Yes,One year,No,Credit card (automatic),90.1,5926.71,No
TC-06224,Female,0,No,No,43,Yes,Yes,DSL,Yes,No,Yes,Yes,Yes,Yes,One year,No,Mailed check,39.69,1706.85,No
TC-06225,Female,0,No,No,67,Yes,Yes,DSL,Yes,Yes,Yes,No,Yes,Yes,Two year,Yes,Credit card (automatic),19.85,1317.44,No
TC-06226,Male,0,Yes,Yes,61,Yes,No,DSL,Yes,Yes,No,No,Yes,Yes,Month-to-month,Yes,Credit card (automatic),115.56,7091.4,No
TC-06227,Female,0,No,Yes,24,Yes,No,DSL,Yes,No,Yes,No,Yes,Yes,One year,No,Credit card (automatic),113.83,2618.98,No
TC-06228,Male,1,Yes,No,51,Yes,No,DSL,Yes,No,No,Yes,Yes,Yes,Two year,No,Mailed check,50.03,2560.26,No
TC-06229,Male,1,Yes,No,49,Yes,No,Fiber optic,No,Yes,Yes,Yes,Yes,No,Month-to-month,Yes,Mailed check,41.91,2012.08,No
TC-06230,Male,0,No,Yes,0,Yes,Yes,Fiber optic,No,Yes,No,Yes,No,Yes,Month-to-month,No,Credit card (automatic),33.46,33.46,No
TC-06231,Male,0,No,No,38,Yes,No,Fiber optic,No,Yes,Yes,No,No,No,Month-to-month,No,Bank transfer (automatic),86.71,3296.51,No
TC-06232,Male,0,Yes,No,51,Yes,Yes,No,No internet service,No internet service,No internet service,No internet service,No internet service,No internet service,Month-to-month,No,Mailed check,93.53,4824.42,No
TC-06233,Female,0,Yes,Yes,39,Yes,Yes,No,No internet service,No internet service,No internet service,No internet service,No internet service,No internet service,One year,Yes,Bank transfer (automatic),60.04,2329.92,No
TC-06234,Female,1,No,No,59,Yes,Yes,DSL,No,Yes,Yes,Yes,Yes,Yes,Month-to-month,No,Credit card (automatic),42.28,2556.23,Yes
TC-06235,Male,0,No,No,68,No,No phone service,Fiber optic,No,Yes,Yes,No,Yes,No,Month-to-month,Yes,Electronic check,62.87,4282.99,No
TC-06236,Female,0,Yes,No,19,Yes,Yes,No,No internet service,No internet service,No internet service,No internet service,No internet service,No internet service,Month-to-month,No,Electronic check,69.64,1258.5,Yes
TC-06237,Male,0,Yes,No,1,Yes,Yes,No,No internet service,No internet service,No internet service,No internet service,No internet service,No internet service,Two year,No,Electronic check,72.34,31.67,No
TC-06238,Male,0,No,No,8,Yes,Yes,DSL,No,Yes,Yes,Yes,No,Yes,Month-to-month,No,Credit card (automatic),62.34,469.39,Yes
TC-06239,Male,1,Yes,Yes,38,Yes,No,Fiber optic,Yes,No,Yes,No,No,No,One year,Yes,Mailed check,18.37,703.79,No
TC-06240,Female,0,Yes,Yes,29,Yes,No,Fiber optic,Yes,No,No,Yes,Yes,No,Month-to-month,Yes,Bank transfer (automatic),65.18,1935.21,Yes
TC-06241,Male,0,No,Yes,53,Yes,Yes,Fiber optic,Yes,Yes,No,No,Yes,Yes,Month-to-month,No,Bank transfer (automatic),52.73,2825.23,No
TC-06242,Male,0,Yes,No,57,Yes,No,DSL,No,No,Yes,No,No,Yes,Month-to-month,Yes,Mailed check,73.66,4231.85,No
TC-06243,Female,0,No,No,43,Yes,Yes,DSL,Yes,No,Yes,No,No,No,Two year,Yes,Bank transfer (automatic),24.94,1035.1,No
TC-06244,Female,0,No,No,42,Yes,No,Fiber optic,No,No,No,No,Yes,Yes,Month-to-month,Yes,Credit card (automatic),105.92,4492.76,No
TC-06245,Female,0,No,Yes,9,Yes,No,Fiber optic,No,No,Yes,No,Yes,Yes,Month-to-month,Yes,Mailed check,105.54,955.06,Yes
TC-06246,Male,0,Yes,No,47,Yes,No,DSL,Yes,Yes,Yes,No,Yes,Yes,One year,Yes,Mailed check,74.41,3537.0,No
TC-06247,Male,0,No,No,16,Yes,No,No,No internet service,No internet service,No internet service,No internet service,No internet service,No internet service,Two year,Yes,Mailed check,91.71,1393.49,No
TC-06248,Female,0,Yes,No,4,Yes,No,DSL,No,No,Yes,Yes,No,Yes,Month-to-month,No,Bank transfer (automatic),61.79,269.78,No
TC-06249,Male,0,No,No,69,Yes,No,DSL,No,Yes,No,Yes,No,No,Month-to-month,Yes,Mailed check,77.03,5284.53,No
TC-06250,Female,0,No,No,63,Yes,No,No,No internet service,No internet service,No internet service,No internet service,No internet service,No internet service,Two year,Yes,Mailed check,79.77,4962.24,No
TC-06251,Female,0,Yes,No,65,No,No phone service,DSL,No,Yes,No,No,No,Yes,Month-to-month,No,Electronic check,53.39,3502.68,No
TC-06252,Male,0,Yes,Yes,70,Yes,Yes,DSL,No,No,No,Yes,Yes,Yes,Two year,Yes,Electronic check,114.09,7964.85,No
TC-06253,Male,0,Yes,No,3,Yes,Yes,Fiber optic,Yes,No,Yes,Yes,Yes,No,Month-to-month,No,Mailed check,78.26,261.3,No
TC-06254,Female,0,No,No,27,No,No phone service,DSL,Yes,No,No,Yes,Yes,Yes,Two year,No,Mailed check,117.05,3111.44,No
TC-06255,Female,0,Yes,No,37,Yes,No,DSL,Yes,Yes,Yes,No,No,No,Month-to-month,Yes,Electronic check,61.24,2367.46,No
TC-06256,Female,0,No,Yes,65,Yes,Yes,DSL,No,No,No,Yes,No,No,Two year,No,Credit card (automatic),21.23,1374.0,No
TC-06257,Female,0,Yes,No,66,Yes,Yes,DSL,Yes,Yes,No,Yes,No,Yes,Two year,Yes,Electronic check,48.24,3160.38,No
TC-06258,Male,0,No,Yes,59,Yes,No,No,No internet service,No internet service,No internet service,No internet service,No internet service,No internet service,Month-to-month,No,Credit card (automatic),83.08,4951.22,No
TC-06259,Female,0,No,No,46,Yes,Yes,No,No internet service,No internet service,No internet service,No internet service,No internet service,No internet service,Month-to-month,Yes,Credit card (automatic),109.03,5011.09,No
TC-06260,Female,1,No,No,24,Yes,Yes,DSL,No,No,No,No,Yes,Yes,Two year,Yes,Bank transfer (automatic),79.52,2066.77,No
TC-06261,Female,0,No,No,65,Yes,No,DSL,Yes,Yes,Yes,Yes,No,No,Month-to-month,Yes,Credit card (automatic),65.18,4294.95,No
TC-06262,Male,0,Yes,Yes,66,Yes,No,DSL,Yes,Yes,No,No,No,No,Two year,Yes,Bank transfer (automatic),26.07,1696.95,No
TC-06263,Male,0,Yes,No,68,No,No phone service,Fiber optic,Yes,Yes,No,Yes,Yes,No,Month-to-month,Yes,Electronic check,32.48,2212.35,No
TC-06264,Female,0,No,No,39,Yes,No,No,No internet service,No internet service,No internet service,No internet service,No internet service,No internet service,One year,Yes,Credit card (automatic),23.35,913.96,No
TC-06265,Male,0,No,Yes,49,Yes,No,No,No internet service,No internet service,No internet service,No internet service,No internet service,No internet service,Month-to-month,No,Credit card (automatic),89.12,4314.12,No
TC-06266,Male,0,Yes,No,39,No,No phone service,DSL,Yes,Yes,No,Yes,Yes,Yes,Two year,Yes,Bank transfer (automatic),101.11,4007.47,No
TC-06267,Male,0,Yes,Yes,36,Yes,No,DSL,No,Yes,Yes,Yes,Yes,Yes,Month-to-month,Yes,Bank transfer (automatic),34.44,1218.36,No
TC-06268,Female,0,Yes,No,68,Yes,Yes,DSL,No,Yes,No,No,No,No,Month-to-month,Yes,Credit card (automatic),50.52,3422.99,Yes
TC-06269,Female,0,Yes,No,16,Yes,No,No,No internet service,No internet service,No internet service,No internet service,No internet service,No internet service,Month-to-month,No,Bank transfer (automatic),65.91,1065.49,No
TC-06270,Male,0,Yes,No,61,Yes,No,Fiber optic,Yes,No,Yes,Yes,Yes,No,One year,Yes,Credit card (automatic),32.28,1923.3,No
TC-06271,Female,0,Yes,No,40,Yes,Yes,Fiber optic,No,Yes,Yes,Yes,Yes,Yes,Month-to-month,No,Mailed check,59.62,2395.37,No
TC-06272,Female,0,No,No,41,Yes,No,No,No internet service,No internet service,No internet service,No internet service,No internet service,No internet service,Month-to-month,No,Electronic check,114.68,4676.74,Yes
TC-06273,Male,0,Yes,No,30,Yes,No,No,No internet service,No internet service,No internet service,No internet service,No internet service,No internet service,One year,Yes,Bank transfer (automatic),89.91,2673.47,No
TC-06274,Male,0,Yes,Yes,32,Yes,Yes,Fiber optic,No,Yes,No,Yes,Yes,No,Month-to-month,No,Electronic check,34.69,1101.97,Yes
TC-06275,Female,1,No,No,42,Yes,No,DSL,No,No,Yes,Yes,Yes,Yes,Month-to-month,Yes,Mailed check,27.88,1134.21,No
TC-06276,Male,1,Yes,No,66,Yes,No,DSL,Yes,Yes,Yes,Yes,Yes,No,Month-to-month,Yes,Credit card (automatic),62.52,4048.08,No
TC-06277,Female,0,Yes,No,37,Yes,No,DSL,Yes,No,Yes,Yes,Yes,Yes,Month-to-month,Yes,Bank transfer (automatic),116.8,4330.29,No
TC-06278,Female,0,Yes,No,40,Yes,No,Fiber optic,Yes,No,No,Yes,Yes,No,Month-to-month,Yes,Credit card (automatic),97.33,3778.72,No
TC-06279,Male,0,No,Yes,62,Yes,Yes,Fiber optic,Yes,No,No,Yes,No,Yes,Month-to-month,No,Credit card (automatic),47.31,2820.55,No
TC-06280,Female,0,Yes,No,39,Yes,No,Fiber optic,Yes,No,No,No,No,No,Month-to-month,Yes,Mailed check,20.63,806.81,No
TC-06281,Female,1,No,No,29,Yes,No,DSL,No,Yes,Yes,No,Yes,Yes,Two year,Yes,Credit card (automatic),59.13,1705.68,No
TC-06282,Male,0,Yes,No,46,Yes,No,No,No internet service,No internet service,No internet service,No internet service,No internet service,No internet service,One year,No,Mailed check,34.05,1579.27,No
TC-06283,Male,0,No,Yes,21,Yes,No,Fiber optic,No,Yes,Yes,Yes,Yes,Yes,Two year,Yes,Bank transfer (automatic),36.03,789.85,No
TC-06284,Male,0,Yes,No,54,Yes,No,DSL,Yes,Yes,Yes,Yes,No,No,Month-to-month,No,Mailed check,34.23,1749.56,No
TC-06285,Female,0,Yes,Yes,42,Yes,Yes,Fiber optic,Yes,Yes,Yes,Yes,Yes,No,Month-to-month,No,Electronic check,89.96,3747.59,No
TC-06286,Male,0,Yes,No,60,Yes,No,No,No internet service,No internet service,No internet service,No internet service,No internet service,No internet service,Month-to-month,Yes,Credit card (automatic),21.58,1272.42,No
TC-06287,Male,0,No,No,31,Yes,Yes,Fiber optic,No,No,No,Yes,Yes,No,Two year,Yes,Mailed check,74.47,2324.18,No
TC-06288,Male,0,Yes,No,3,Yes,Yes,DSL,Yes,Yes,No,No,No,Yes,Two year,Yes,Mailed check,93.25,291.16,No
TC-06289,Male,0,Yes,No,44,Yes,Yes,DSL,No,No,Yes,Yes,Yes,No,Month-to-month,No,Credit card (automatic),33.64,1459.91,No
TC-06290,Female,0,No,No,71,No,No phone service,DSL,Yes,No,No,Yes,Yes,No,Month-to-month,Yes,Bank transfer (automatic),107.29,7619.8,Yes
TC-06291,Female,0,No,No,19,Yes,No,Fiber optic,No,No,No,Yes,No,No,Month-to-month,Yes,Electronic check,25.81,476.65,No
TC-06292,Male,0,No,No,70,Yes,Yes,Fiber optic,Yes,Yes,Yes,Yes,No,No,Two year,Yes,Electronic check,86.27,5993.27,No
TC-06293,Female,0,Yes,No,64,Yes,No,Fiber optic,No,No,Yes,Yes,Yes,No,Month-to-month,No,Bank transfer (automatic),35.2,2255.5,No
TC-06294,Male,1,No,No,59,Yes,No,Fiber optic,No,Yes,Yes,Yes,No,Yes,One year,No,Credit card (automatic),98.6,5710.19,No
TC-06295,Male,0,Yes,No,25,Yes,Yes,No,No internet service,No internet service,No internet service,No internet service,No internet service,No internet service,Month-to-month,Yes,Bank transfer (automatic),75.14,1890.76,No
TC-06296,Female,0,No,No,22,No,No phone service,Fiber optic,Yes,No,Yes,Yes,Yes,Yes,Month-to-month,Yes,Bank transfer (automatic),76.92,1762.86,No
TC-06297,Female,0,No,Yes,39,Yes,No,Fiber optic,Yes,No,Yes,Yes,Yes,Yes,One year,No,Electronic check,52.6,2034.05,No
TC-06298,Male,0,Yes,No,1,Yes,Yes,Fiber optic,Yes,Yes,No,No,Yes,Yes,One year,Yes,Bank transfer (automatic),46.33,149.43,No
TC-06299,Male,0,Yes,No,25,Yes,No,Fiber optic,Yes,No,Yes,Yes,Yes,No,One year,Yes,Credit card (automatic),64.33,1638.4,No
TC-06300,Female,0,Yes,Yes,61,Yes,Yes,No,No internet service,No internet service,No internet service,No internet service,No internet service,No internet service,Month-to-month,Yes,Bank transfer (automatic),93.77,5792.89,No
TC-06301,Male,1,Yes,No,43,Yes,No,Fiber optic,Yes,Yes,No,Yes,No,Yes,One year,Yes,Electronic check,34.82,1516.55,No
TC-06302,Female,0,No,No,30,Yes,No,DSL,Yes,No,Yes,Yes,Yes,No,One year,No,Bank transfer (automatic),99.63,3016.48,No
TC-06303,Male,1,No,No,25,Yes,Yes,Fiber optic,Yes,No,No,No,No,No,One year,Yes,Bank transfer (automatic),65.98,1656.66,No
TC-06304,Male,1,No,Yes,4,Yes,Yes,No,No internet service,No internet service,No internet service,No internet service,No internet service,No internet service,Month-to-month,No,Credit card (automatic),63.22,174.49,Yes
TC-06305,Female,1,Yes,No,69,Yes,Yes,No,No internet service,No internet service,No internet service,No internet service,No internet service,No internet service,Month-to-month,Yes,Mailed check,19.66,1258.27,No
TC-06306,Female,0,Yes,Yes,34,Yes,Yes,Fiber optic,No,No,Yes,Yes,Yes,Yes,Two year,No,Mailed check,30.42,1022.21,No
TC-06307,Female,0,No,Yes,15,Yes,No,Fiber optic,No,No,Yes,Yes,Yes,No,Month-to-month,Yes,Electronic check,61.2,887.86,No
TC-06308,Female,0,No,No,30,Yes,Yes,DSL,No,No,No,Yes,Yes,Yes,Month-to-month,Yes,Credit card (automatic),116.13,3455.37,No
TC-06309,Female,0,Yes,Yes,13,Yes,No,Fiber optic,No,Yes,No,Yes,No,Yes,Two year,No,Credit card (automatic),43.01,495.92,Yes
TC-06310,Female,0,No,No,24,Yes,No,Fiber optic,No,No,No,No,Yes,No,Month-to-month,No,Mailed check,19.03,512.15,Yes
TC-06311,Female,0,No,Yes,70,Yes,No,DSL,No,No,Yes,No,Yes,No,Two year,Yes,Bank transfer (automatic),61.58,4259.04,No
TC-06312,Male,0,No,No,17,Yes,No,DSL,No,Yes,Yes,No,No,No,Month-to-month,No,Electronic check,19.6,278.41,No
TC-06313,Male,1,Yes,No,49,Yes,Yes,Fiber optic,Yes,Yes,Yes,No,Yes,Yes,One year,Yes,Bank transfer (automatic),51.62,2531.3,No
TC-06314,Male,0,No,No,19,Yes,Yes,Fiber optic,Yes,No,No,Yes,Yes,No,Month-to-month,Yes,Credit card (automatic),53.41,1068.96,Yes
TC-06315,Female,0,Yes,No,55,Yes,No,Fiber optic,Yes,Yes,Yes,Yes,Yes,No,Two year,No,Credit card (automatic),18.24,1045.62,No
TC-06316,Female,0,No,No,1,Yes,No,No,No internet service,No internet service,No internet service,No internet service,No internet service,No internet service,Month-to-month,No,Mailed check,95.96,63.48,No
TC-06317,Female,0,Yes,No,25,Yes,Yes,Fiber optic,No,No,Yes,No,Yes,No,Month-to-month,Yes,Mailed check,109.29,2721.63,No
TC-06318,Male,0,No,No,22,Yes,Yes,DSL,Yes,No,No,No,No,Yes,Month-to-month,No,Mailed check,117.88,2675.38,Yes
TC-06319,Female,1,No,No,31,Yes,No,No,No internet service,No internet service,No internet service,No internet service,No internet service,No internet service,Month-to-month,Yes,Credit card (automatic),68.88,2190.58,No
TC-06320,Female,0,No,No,12,Yes,No,Fiber optic,Yes,Yes,No,No,Yes,No,Month-to-month,Yes,Bank transfer (automatic),48.66,627.75,Yes
TC-06321,Male,0,Yes,No,12,Yes,No,DSL,No,No,No,Yes,No,No,Month-to-month,No,Credit card (automatic),89.75,1096.26,Yes
TC-06322,Female,0,No,No,16,Yes,Yes,Fiber optic,No,No,Yes,Yes,Yes,No,Month-to-month,No,Electronic check,91.65,1471.41,No
TC-06323,Male,0,No,No,57,Yes,Yes,DSL,No,Yes,No,Yes,Yes,No,One year,No,Credit card (automatic),55.92,3287.87,No
TC-06324,Male,0,Yes,No,26,Yes,Yes,Fiber optic,No,Yes,Yes,Yes,Yes,Yes,Month-to-month,Yes,Credit card (automatic),74.56,1994.99,Yes
TC-06325,Female,0,Yes,Yes,16,Yes,No,Fiber optic,No,No,Yes,No,No,No,Month-to-month,Yes,Bank transfer (automatic),100.18,1608.99,Yes
TC-06326,Female,0,No,No,37,Yes,Yes,No,No internet service,No internet service,No internet service,No internet service,No internet service,No internet service,Month-to-month,No,Mailed check,36.92,1402.2,No
TC-06327,Female,0,No,No,13,Yes,No,Fiber optic,No,Yes,No,Yes,Yes,No,Month-to-month,No,Electronic check,20.05,248.19,Yes
TC-06328,Male,0,No,No,13,Yes,Yes,DSL,No,Yes,Yes,No,Yes,Yes,Two year,No,Bank transfer (automatic),71.97,855.39,No
TC-06329,Male,0,No,No,11,Yes,No,DSL,No,No,Yes,Yes,No,Yes,Month-to-month,No,Electronic check,84.44,877.72,No
TC-06330,Male,1,No,Yes,68,Yes,Yes,Fiber optic,No,No,Yes,No,Yes,No,Two year,Yes,Bank transfer (automatic),75.5,5110.96,No
TC-06331,Female,0,Yes,No,67,Yes,No,DSL,Yes,No,No,Yes,No,No,Month-to-month,No,Mailed check,77.62,5174.27,No
TC-06332,Female,0,No,No,54,Yes,No,Fiber optic,No,No,Yes,No,Yes,Yes,One year,Yes,Credit card (automatic),57.31,3058.59,No
TC-06333,Female,0,Yes,No,62,Yes,No,Fiber optic,Yes,Yes,Yes,No,No,No,One year,Yes,Electronic check,83.15,5121.42,No
TC-06334,Female,1,Yes,No,28,Yes,Yes,Fiber optic,Yes,Yes,Yes,Yes,Yes,No,Month-to-month,No,Bank transfer (automatic),22.28,689.15,No
TC-06335,Male,1,No,No,44,Yes,Yes,No,No internet service,No internet service,No internet service,No internet service,No internet service,No internet service,Month-to-month,No,Electronic check,33.12,1548.91,No
TC-06336,Male,0,Yes,No,3,Yes,No,Fiber optic,No,No,Yes,Yes,Yes,No,Month-to-month,No,Bank transfer (automatic),62.48,253.06,Yes
TC-06337,Male,0,No,No,15,Yes,No,Fiber optic,Yes,Yes,Yes,Yes,Yes,Yes,Month-to-month,No,Credit card (automatic),112.3,1576.63,No
TC-06338,Male,0,Yes,No,65,Yes,No,DSL,Yes,No,No,No,No,Yes,Month-to-month,No,Bank transfer (automatic),82.45,5413.15,No
TC-06339,Female,0,Yes,No,22,Yes,No,No,No internet service,No internet service,No internet service,No internet service,No internet service,No internet service,Month-to-month,Yes,Credit card (automatic),53.53,1214.49,No
TC-06340,Female,0,No,No,67,Yes,No,No,No internet service,No internet service,No internet service,No internet service,No internet service,No internet service,Month-to-month,Yes,Electronic check,63.8,4272.74,No
TC-06341,Female,0,No,No,19,Yes,No,No,No internet service,No internet service,No internet service,No internet service,No internet service,No internet service,Two year,No,Bank transfer (automatic),102.56,1923.79,Yes
TC-06342,Male,0,Yes,Yes,16,Yes,No,No,No internet service,No internet service,No internet service,No internet service,No internet service,No internet service,One year,Yes,Electronic check,72.25,1140.75,No
TC-06343,Male,1,No,Yes,51,Yes,No,No,No internet service,No internet service,No internet service,No internet service,No internet service,No internet service,Month-to-month,No,Credit card (automatic),22.79,1211.79,Yes
TC-06344,Female,0,No,Yes,5,Yes,No,Fiber optic,No,Yes,No,No,Yes,Yes,Month-to-month,Yes,Mailed check,59.69,317.73,No
TC-06345,Female,0,Yes,No,38,Yes,Yes,Fiber optic,No,No,Yes,Yes,Yes,Yes,Two year,Yes,Bank transfer (automatic),56.8,2219.38,No
TC-06346,Male,0,Yes,No,33,Yes,No,DSL,No,No,No,No,No,Yes,One year,Yes,Bank transfer (automatic),107.99,3604.4,No
TC-06347,Female,0,Yes,No,53,Yes,No,Fiber optic,No,Yes,No,Yes,No,Yes,Two year,No,Mailed check,48.54,2644.65,No
TC-06348,Male,0,No,No,64,Yes,No,Fiber optic,Yes,Yes,No,Yes,No,No,Month-to-month,No,Electronic check,24.47,1597.78,No
TC-06349,Male,0,No,No,28,Yes,No,No,No internet service,No internet service,No internet service,No internet service,No internet service,No internet service,Month-to-month,No,Bank transfer (automatic),53.48,1440.58,No
TC-06350,Male,0,No,No,40,Yes,Yes,Fiber optic,Yes,Yes,Yes,Yes,No,Yes,Month-to-month,No,Electronic check,22.39,815.6,No
TC-06351,Female,0,Yes,Yes,62,Yes,No,No,No internet service,No internet service,No internet service,No internet service,No internet service,No internet service,Month-to-month,No,Credit card (automatic),101.23,6308.56,No
TC-06352,Female,0,No,No,31,Yes,No,Fiber optic,No,Yes,No,Yes,Yes,Yes,Month-to-month,Yes,Electronic check,77.02,2417.65,No
TC-06353,Male,0,Yes,Yes,65,Yes,No,DSL,No,Yes,Yes,Yes,Yes,No,Month-to-month,Yes,Credit card (automatic),64.94,4190.24,No
TC-06354,Female,0,Yes,Yes,44,Yes,No,DSL,Yes,No,No,Yes,No,Yes,One year,Yes,Bank transfer (automatic),53.98,2387.49,No
TC-06355,Male,0,Yes,Yes,16,Yes,No,No,No internet service,No internet service,No internet service,No internet service,No internet service,No internet service,Month-to-month,No,Credit card (automatic),59.77,933.6,Yes
TC-06356,Male,0,Yes,Yes,42,Yes,Yes,Fiber optic,No,Yes,No,No,No,Yes,Two year,No,Bank transfer (automatic),96.78,4040.1,No
TC-06357,Male,0,Yes,Yes,65,Yes,No,DSL,Yes,No,Yes,Yes,Yes,No,Month-to-month,No,Credit card (automatic),36.0,2268.34,No
TC-06358,Male,0,Yes,No,67,Yes,No,Fiber optic,No,No,Yes,No,Yes,No,Month-to-month,No,Mailed check,25.14,1686.62,No
TC-06359,Female,0,Yes,Yes,33,No,No phone service,DSL,No,No,No,Yes,Yes,Yes,Month-to-month,No,Electronic check,74.17,2421.77,Yes
TC-06360,Male,0,No,No,0,Yes,Yes,No,No internet service,No internet service,No internet service,No internet service,No internet service,No internet service,Month-to-month,Yes,Credit card (automatic),103.89,103.89,No
TC-06361,Male,0,Yes,Yes,22,No,No phone service,DSL,Yes,Yes,Yes,Yes,No,Yes,Month-to-month,Yes,Mailed check,74.22,1545.17,No
TC-06362,Female,1,No,Yes,5,Yes,Yes,Fiber optic,Yes,No,Yes,No,Yes,No,Two year,Yes,Mailed check,97.62,518.19,No
TC-06363,Male,0,No,No,15,Yes,Yes,Fiber optic,Yes,No,No,No,No,Yes,One year,Yes,Mailed check,107.28,1583.44,No
TC-06364,Male,0,No,No,1,Yes,No,No,No internet service,No internet service,No internet service,No internet service,No internet service,No internet service,Month-to-month,Yes,Electronic check,25.69,25.69,No
TC-06365,Female,0,No,No,26,Yes,No,No,No internet service,No internet service,No internet service,No internet service,No internet service,No internet service,Month-to-month,Yes,Credit card (automatic),76.92,1977.92,No
TC-06366,Female,0,No,No,18,Yes,Yes,DSL,Yes,Yes,No,No,No,Yes,Month-to-month,Yes,Electronic check,101.28,1743.13,No
TC-06367,Female,0,Yes,No,27,Yes,Yes,No,No internet service,No internet service,No internet service,No internet service,No internet service,No internet service,One year,No,Credit card (automatic),82.35,2208.9,Yes
TC-06368,Male,0,No,No,34,Yes,No,Fiber optic,Yes,Yes,Yes,Yes,Yes,Yes,Two year,No,Mailed check,77.15,2629.26,No
TC-06369,Female,0,No,No,67,Yes,Yes,DSL,Yes,Yes,No,Yes,No,Yes,One year,Yes,Mailed check,96.81,6489.9,No
TC-06370,Female,0,No,No,48,Yes,No,Fiber optic,No,Yes,Yes,No,Yes,No,One year,No,Mailed check,88.73,4282.04,No
TC-06371,Male,1,Yes,Yes,6,Yes,Yes,No,No internet service,No internet service,No internet service,No internet service,No internet service,No internet service,Month-to-month,No,Electronic check,68.16,380.58,Yes
TC-06372,Male,0,No,No,36,Yes,Yes,Fiber optic,Yes,No,Yes,Yes,No,No,Two year,Yes,Mailed check,22.4,845.37,Yes
TC-06373,Male,0,No,No,24,Yes,Yes,No,No internet service,No internet service,No internet service,No internet service,No internet service,No internet service,One year,Yes,Bank transfer (automatic),79.33,1917.23,No
TC-06374,Male,0,No,No,40,Yes,Yes,Fiber optic,Yes,Yes,Yes,Yes,Yes,Yes,Two year,Yes,Bank transfer (automatic),39.32,1613.6,No
TC-06375,Male,1,No,No,61,Yes,Yes,Fiber optic,Yes,Yes,Yes,No,Yes,Yes,One year,Yes,Mailed check,43.41,2730.97,No
TC-06376,Female,0,Yes,Yes,40,Yes,Yes,DSL,No,No,No,No,No,Yes,One year,Yes,Electronic check,85.95,3360.44,Yes
TC-06377,Female,0,No,No,13,Yes,No,No,No internet service,No internet service,No internet service,No internet service,No internet service,No internet service,One year,Yes,Mailed check,63.31,803.9,No
TC-06378,Female,1,Yes,Yes,53,Yes,No,Fiber optic,Yes,Yes,Yes,No,Yes,Yes,Month-to-month,Yes,Credit card (automatic),89.68,4714.9,No
TC-06379,Male,0,Yes,No,1,Yes,No,Fiber optic,Yes,Yes,Yes,Yes,No,No,Month-to-month,Yes,Bank transfer (automatic),57.26,164.17,No
TC-06380,Male,0,No,Yes,47,Yes,No,Fiber optic,Yes,No,No,No,Yes,Yes,Month-to-month,No,Credit card (automatic),105.0,4964.86,No
TC-06381,Male,0,No,Yes,50,Yes,Yes,Fiber optic,Yes,No,No,No,Yes,Yes,Two year,Yes,Mailed check,60.71,3049.86,No
TC-06382,Female,0,Yes,No,54,Yes,No,Fiber optic,Yes,Yes,No,No,No,No,One year,Yes,Mailed check,67.38,3698.32,No
TC-06383,Female,1,No,No,11,Yes,Yes,Fiber optic,No,Yes,Yes,Yes,Yes,Yes,Two year,Yes,Credit card (automatic),30.63,337.55,Yes
TC-06384,Male,0,No,Yes,68,Yes,Yes,Fiber optic,No,Yes,No,No,No,Yes,Month-to-month,Yes,Bank transfer (automatic),68.36,4671.81,No
TC-06385,Female,1,No,No,0,Yes,Yes,DSL,Yes,Yes,No,Yes,Yes,Yes,Month-to-month,Yes,Electronic check,41.98,41.98,No
TC-06386,Male,1,Yes,Yes,58,Yes,No,Fiber optic,Yes,Yes,No,Yes,No,No,One year,No,Bank transfer (automatic),94.3,5401.18,Yes
TC-06387,Female,0,Yes,Yes,33,Yes,Yes,Fiber optic,Yes,No,Yes,Yes,Yes,No,Month-to-month,No,Mailed check,89.4,2995.07,No
TC-06388,Female,0,No,Yes,45,Yes,Yes,Fiber optic,No,Yes,Yes,Yes,No,Yes,Month-to-month,Yes,Credit card (automatic),19.58,833.11,No
TC-06389,Female,0,No,No,58,Yes,Yes,Fiber optic,Yes,No,No,No,No,No,One year,No,Electronic check,67.38,3945.47,No
TC-06390,Male,0,Yes,No,65,Yes,Yes,DSL,No,Yes,No,Yes,No,No,One year,Yes,Electronic check,22.54,1519.28,No
TC-06391,Female,0,Yes,No,18,Yes,No,DSL,Yes,Yes,Yes,Yes,Yes,Yes,Month-to-month,No,Electronic check,74.93,1236.52,Yes
TC-06392,Female,0,Yes,No,27,Yes,Yes,Fiber optic,No,Yes,Yes,No,No,No,Month-to-month,Yes,Bank transfer (automatic),108.16,2972.56,No
TC-06393,Male,0,Yes,Yes,39,Yes,No,Fiber optic,Yes,Yes,Yes,No,No,Yes,One year,No,Electronic check,104.72,4096.81,No
TC-06394,Female,0,Yes,No,56,Yes,Yes,DSL,No,Yes,No,No,Yes,No,One year,Yes,Credit card (automatic),42.38,2324.79,No
TC-06395,Male,0,Yes,No,50,Yes,No,Fiber optic,Yes,Yes,No,No,Yes,Yes,Month-to-month,No,Electronic check,32.01,1513.51,No
TC-06396,Male,1,Yes,Yes,21,Yes,No,DSL,No,No,Yes,Yes,No,No,Month-to-month,No,Bank transfer (automatic),97.11,2035.77,Yes
TC-06397,Male,0,No,No,67,Yes,No,DSL,Yes,Yes,No,Yes,Yes,No,Month-to-month,Yes,Electronic check,72.62,4856.61,No
TC-06398,Male,1,Yes,No,7,Yes,No,DSL,Yes,Yes,Yes,Yes,No,Yes,Month-to-month,No,Credit card (automatic),60.38,477.26,No
TC-06399,Male,0,Yes,No,59,Yes,No,DSL,Yes,Yes,Yes,No,No,Yes,Month-to-month,Yes,Credit card (automatic),99.05,5847.19,No
TC-06400,Female,0,No,No,64,Yes,No,DSL,Yes,Yes,Yes,No,No,No,One year,Yes,Bank transfer (automatic),43.25,2713.62,No
TC-06401,Male,0,No,No,35,Yes,No,Fiber optic,No,Yes,No,Yes,No,Yes,One year,Yes,Bank transfer (automatic),40.46,1338.41,No
TC-06402,Male,0,No,No,70,Yes,Yes,Fiber optic,Yes,Yes,No,No,No,Yes,Two year,Yes,Credit card (automatic),79.19,5550.62,No
TC-06403,Male,0,Yes,No,28,Yes,Yes,Fiber optic,No,Yes,No,Yes,Yes,Yes,Two year,Yes,Credit card (automatic),45.26,1267.49,No
TC-06404,Male,0,Yes,Yes,64,Yes,No,Fiber optic,No,No,Yes,No,No,Yes,Two year,Yes,Credit card (automatic),60.68,3949.54,No
TC-06405,Female,0,No,No,55,Yes,No,Fiber optic,No,No,Yes,No,Yes,Yes,Month-to-month,No,Credit card (automatic),63.48,3466.81,No
TC-06406,Male,0,No,Yes,3,Yes,No,Fiber optic,Yes,No,No,No,No,No,Month-to-month,No,Bank transfer (automatic),38.5,136.43,No
TC-06407,Female,0,No,Yes,71,Yes,Yes,Fiber optic,Yes,No,Yes,Yes,No,No,Month-to-month,No,Mailed check,24.17,1709.43,No
TC-06408,Male,0,Yes,No,49,Yes,Yes,No,No internet service,No internet service,No internet service,No internet service,No internet service,No internet service,Month-to-month,No,Mailed check,94.67,4503.71,No
TC-06409,Female,0,No,No,38,Yes,Yes,No,No internet service,No internet service,No internet service,No internet service,No internet service,No internet service,Month-to-month,Yes,Electronic check,96.36,3697.48,No
TC-06410,Male,0,Yes,No,34,Yes,No,No,No internet service,No internet service,No internet service,No internet service,No internet service,No internet service,Month-to-month,No,Credit card (automatic),77.84,2625.26,No
TC-06411,Male,1,Yes,No,24,Yes,No,Fiber optic,No,No,No,Yes,No,Yes,Month-to-month,No,Electronic check,32.86,821.6,No
TC-06412,Female,1,Yes,Yes,43,No,No phone service,No,No internet service,No internet service,No internet service,No internet service,No internet service,No internet service,One year,No,Bank transfer (automatic),65.62,2830.12,No
TC-06413,Male,1,Yes,No,46,Yes,Yes,DSL,No,No,No,No,Yes,Yes,Month-to-month,Yes,Electronic check,35.79,1596.9,No
TC-06414,Female,0,No,Yes,39,Yes,No,Fiber optic,No,No,Yes,No,Yes,No,One year,No,Electronic check,106.13,4130.36,Yes
TC-06415,Male,0,No,No,30,Yes,No,Fiber optic,Yes,No,No,Yes,No,No,Two year,No,Electronic check,87.73,2630.33,No
TC-06416,Female,0,No,No,68,Yes,No,DSL,No,No,No,No,Yes,No,One year,No,Electronic check,21.14,1446.72,No
TC-06417,Male,0,Yes,Yes,42,Yes,Yes,DSL,Yes,Yes,Yes,Yes,Yes,Yes,Month-to-month,Yes,Mailed check,18.17,788.76,No
TC-06418,Male,0,No,No,54,Yes,No,Fiber optic,No,No,No,No,No,Yes,One year,Yes,Mailed check,116.38,6286.05,No
TC-06419,Female,0,Yes,No,15,Yes,No,DSL,Yes,Yes,No,No,No,No,Month-to-month,Yes,Credit card (automatic),21.98,417.01,No
TC-06420,Male,0,Yes,No,67,No,No phone service,DSL,No,No,Yes,No,No,Yes,One year,No,Credit card (automatic),104.59,7049.56,No
TC-06421,Male,0,Yes,No,68,Yes,Yes,DSL,Yes,No,Yes,Yes,No,No,Month-to-month,Yes,Electronic check,113.58,7773.24,No
TC-06422,Male,0,No,Yes,41,Yes,Yes,Fiber optic,Yes,Yes,No,Yes,No,No,Month-to-month,No,Credit card (automatic),48.81,2042.46,Yes
TC-06423,Male,0,Yes,Yes,40,No,No phone service,DSL,Yes,Yes,No,No,No,No,Month-to-month,Yes,Electronic check,72.01,2884.22,Yes
TC-06424,Male,0,Yes,Yes,49,Yes,No,Fiber optic,No,Yes,Yes,Yes,Yes,No,One year,Yes,Electronic check,82.74,4090.85,No
TC-06425,Male,0,No,Yes,5,Yes,No,No,No internet service,No internet service,No internet service,No internet service,No internet service,No internet service,Month-to-month,Yes,Bank transfer (automatic),70.04,412.64,No
TC-06426,Female,0,No,No,52,Yes,No,Fiber optic,No,Yes,Yes,No,Yes,No,Month-to-month,Yes,Mailed check,39.35,2052.5,No
TC-06427,Female,1,No,No,16,Yes,Yes,DSL,Yes,Yes,Yes,No,No,Yes,One year,Yes,Electronic check,76.12,1270.46,No
TC-06428,Female,0,Yes,No,56,Yes,Yes,DSL,Yes,Yes,No,Yes,Yes,Yes,Two year,No,Bank transfer (automatic),43.87,2391.61,No
TC-06429,Male,0,Yes,No,66,Yes,Yes,Fiber optic,Yes,Yes,No,Yes,Yes,No,Month-to-month,No,Mailed check,34.5,2331.95,No
TC-06430,Female,1,No,No,15,Yes,Yes,No,No internet service,No internet service,No internet service,No internet service,No internet service,No internet service,Two year,Yes,Credit card (automatic),68.55,989.7,No
TC-06431,Male,0,Yes,No,51,Yes,No,DSL,No,Yes,Yes,No,No,Yes,Month-to-month,Yes,Credit card (automatic),55.2,2749.98,No
TC-06432,Male,0,Yes,No,33,Yes,No,Fiber optic,No,Yes,No,No,No,No,One year,Yes,Mailed check,20.74,670.47,No
TC-06433,Male,0,No,No,19,Yes,Yes,Fiber optic,No,No,Yes,No,No,No,One year,No,Mailed check,112.97,2156.8,Yes
TC-06434,Male,0,No,No,55,Yes,No,No,No internet service,No internet service,No internet service,No internet service,No internet service,No internet service,Month-to-month,No,Electronic check,21.96,1224.54,No
TC-06435,Female,0,No,Yes,50,Yes,No,Fiber optic,No,No,Yes,Yes,No,Yes,One year,No,Credit card (automatic),108.3,5479.52,No
TC-06436,Male,0,No,No,52,No,No phone service,Fiber optic,No,Yes,Yes,Yes,Yes,No,Two year,Yes,Mailed check,36.97,1894.58,No
TC-06437,Female,0,No,Yes,48,Yes,No,Fiber optic,No,No,Yes,Yes,Yes,Yes,One year,Yes,Electronic check,32.19,1627.32,No
TC-06438,Male,0,No,No,3,No,No phone service,DSL,No,Yes,Yes,Yes,Yes,No,Month-to-month,Yes,Electronic check,24.92,157.07,No
TC-06439,Female,1,No,No,17,Yes,No,DSL,Yes,Yes,Yes,Yes,No,Yes,Month-to-month,Yes,Mailed check,60.57,1040.97,No
TC-06440,Female,0,No,Yes,35,Yes,Yes,DSL,Yes,No,Yes,No,Yes,No,Month-to-month,Yes,Electronic check,76.69,2642.77,No
TC-06441,Female,0,Yes,No,34,Yes,Yes,Fiber optic,No,No,No,No,Yes,Yes,Month-to-month,No,Bank transfer (automatic),108.37,3809.12,No
TC-06442,Female,1,Yes,No,29,No,No phone service,Fiber optic,No,No,Yes,No,Yes,Yes,Month-to-month,No,Bank transfer (automatic),96.37,2880.97,Yes
TC-06443,Female,0,Yes,No,62,Yes,Yes,DSL,Yes,Yes,Yes,No,No,Yes,Month-to-month,Yes,Bank transfer (automatic),33.96,2115.04,No
TC-06444,Female,0,Yes,No,20,Yes,No,DSL,No,No,No,Yes,Yes,Yes,Two year,Yes,Credit card (automatic),34.77,627.29,Yes
TC-06445,Male,0,Yes,Yes,51,Yes,Yes,DSL,Yes,Yes,No,Yes,Yes,Yes,One year,No,Mailed check,18.82,990.85,No
TC-06446,Female,0,Yes,No,68,Yes,No,DSL,Yes,Yes,Yes,Yes,No,No,Month-to-month,Yes,Bank transfer (automatic),86.78,5871.54,No
TC-06447,Male,0,Yes,No,40,No,No phone service,DSL,Yes,Yes,Yes,No,Yes,Yes,One year,No,Credit card (automatic),19.75,833.7,No
TC-06448,Female,0,Yes,Yes,53,Yes,Yes,DSL,Yes,Yes,Yes,Yes,Yes,No,Month-to-month,Yes,Mailed check,31.85,1699.53,No
TC-06449,Male,0,Yes,No,29,No,No phone service,DSL,No,Yes,No,No,Yes,Yes,Month-to-month,Yes,Electronic check,81.45,2282.25,No
TC-06450,Female,0,Yes,No,55,Yes,Yes,Fiber optic,No,Yes,Yes,No,No,No,Month-to-month,Yes,Electronic check,33.03,1757.65,Yes
TC-06451,Female,0,Yes,Yes,40,Yes,Yes,Fiber optic,No,Yes,Yes,Yes,Yes,Yes,Two year,No,Mailed check,33.32,1294.69,No
TC-06452,Male,1,No,No,13,Yes,No,DSL,No,No,Yes,No,No,Yes,Two year,No,Mailed check,41.4,620.24,No
TC-06453,Female,0,Yes,Yes,20,Yes,No,DSL,No,Yes,Yes,Yes,No,No,Month-to-month,Yes,Electronic check,56.53,1098.1,No
TC-06454,Female,1,No,No,24,Yes,No,No,No internet service,No internet service,No internet service,No internet service,No internet service,No internet service,Month-to-month,Yes,Mailed check,18.79,337.27,No
TC-06455,Female,0,Yes,No,49,Yes,Yes,DSL,No,Yes,No,No,No,Yes,Month-to-month,Yes,Credit card (automatic),92.61,4527.81,No
TC-06456,Male,0,No,Yes,52,Yes,Yes,DSL,Yes,No,Yes,No,Yes,Yes,Two year,No,Mailed check,95.38,4946.69,No
TC-06457,Female,0,Yes,No,47,Yes,Yes,DSL,Yes,No,No,No,No,No,Month-to-month,Yes,Electronic check,54.67,2648.98,No
TC-06458,Male,0,No,Yes,69,Yes,Yes,Fiber optic,Yes,No,Yes,Yes,Yes,Yes,Month-to-month,Yes,Credit card (automatic),97.81,6824.62,No
TC-06459,Female,0,Yes,No,47,Yes,No,DSL,No,Yes,Yes,Yes,No,No,One year,Yes,Credit card (automatic),46.48,2119.12,No
TC-06460,Female,0,No,No,3,Yes,Yes,No,No internet service,No internet service,No internet service,No internet service,No internet service,No internet service,Month-to-month,Yes,Bank transfer (automatic),116.57,369.38,No
TC-06461,Male,0,Yes,No,23,Yes,No,DSL,No,No,Yes,Yes,Yes,Yes,Month-to-month,Yes,Electronic check,57.77,1368.3,No
TC-06462,Female,0,No,Yes,30,Yes,No,DSL,No,Yes,No,No,No,Yes,One year,No,Electronic check,84.88,2540.34,No
TC-06463,Female,1,Yes,No,28,No,No phone service,Fiber optic,No,No,No,No,No,Yes,Two year,No,Credit card (automatic),50.24,1415.52,No
TC-06464,Male,0,No,No,4,Yes,Yes,DSL,Yes,No,Yes,No,Yes,Yes,Month-to-month,Yes,Mailed check,63.08,307.6,No
TC-06465,Female,0,No,No,66,Yes,Yes,Fiber optic,Yes,Yes,No,Yes,Yes,Yes,One year,No,Mailed check,82.51,5460.3,No
TC-06466,Male,0,No,No,52,Yes,No,Fiber optic,No,No,No,Yes,No,No,Two year,Yes,Electronic check,52.75,2776.52,No
TC-06467,Male,0,No,Yes,63,Yes,Yes,DSL,Yes,Yes,No,Yes,No,No,Month-to-month,No,Electronic check,83.66,5340.92,No
TC-06468,Male,0,No,No,34,Yes,Yes,No,No internet service,No internet service,No internet service,No internet service,No internet service,No internet service,Two year,No,Bank transfer (automatic),32.6,1086.07,No
TC-06469,Female,0,No,No,11,Yes,Yes,Fiber optic,Yes,Yes,Yes,No,Yes,Yes,Month-to-month,No,Electronic check,66.38,769.99,Yes
TC-06470,Male,0,No,No,46,Yes,No,DSL,Yes,No,Yes,Yes,No,No,Month-to-month,Yes,Credit card (automatic),45.29,2061.12,No
TC-06471,Male,1,No,No,54,Yes,No,Fiber optic,No,No,No,No,Yes,Yes,One year,No,Electronic check,110.0,5993.68,No
TC-06472,Female,0,Yes,No,68,Yes,No,DSL,No,Yes,No,Yes,No,No,Two year,No,Credit card (automatic),100.47,6800.89,No
TC-06473,Male,1,Yes,Yes,37,Yes,No,Fiber optic,Yes,No,No,Yes,Yes,No,Month-to-month,No,Credit card (automatic),66.74,2491.11,No
TC-06474,Female,0,Yes,Yes,28,No,No phone service,Fiber optic,No,No,No,No,Yes,No,Month-to-month,Yes,Credit card (automatic),63.38,1763.24,Yes
TC-06475,Female,0,No,Yes,11,No,No phone service,No,No internet service,No internet service,No internet service,No internet service,No internet service,No internet service,One year,No,Electronic check,101.4,1144.75,No
TC-06476,Female,0,No,Yes,18,Yes,Yes,Fiber optic,No,Yes,No,Yes,No,Yes,Two year,No,Bank transfer (automatic),87.05,1524.66,No
TC-06477,Female,0,Yes,No,8,Yes,No,No,No internet service,No internet service,No internet service,No internet service,No internet service,No internet service,One year,Yes,Credit card (automatic),86.33,676.76,No
TC-06478,Male,0,Yes,No,28,Yes,No,DSL,No,Yes,Yes,No,Yes,Yes,Month-to-month,Yes,Credit card (automatic),72.83,2036.61,Yes
TC-06479,Male,0,No,No,2,Yes,No,DSL,No,No,Yes,Yes,No,No,One year,No,Electronic check,104.24,154.75,No
TC-06480,Male,0,No,No,29,Yes,No,No,No internet service,No internet service,No internet service,No internet service,No internet service,No internet service,Month-to-month,No,Credit card (automatic),36.95,1041.17,No
TC-06481,Male,0,Yes,No,57,Yes,Yes,DSL,No,No,Yes,No,No,Yes,Month-to-month,No,Bank transfer (automatic),104.19,5856.85,Yes
TC-06482,Male,1,No,No,52,Yes,No,No,No internet service,No internet service,No internet service,No internet service,No internet service,No internet service,Two year,Yes,Bank transfer (automatic),70.07,3662.5,No
TC-06483,Female,0,Yes,No,3,Yes,Yes,DSL,Yes,No,No,Yes,Yes,Yes,Month-to-month,No,Credit card (automatic),80.13,280.1,No
TC-06484,Male,1,No,No,56,Yes,No,DSL,Yes,Yes,No,Yes,No,Yes,Month-to-month,Yes,Electronic check,114.24,6327.87,No
TC-06485,Male,0,Yes,No,53,No,No phone service,Fiber optic,Yes,No,No,No,No,No,One year,Yes,Credit card (automatic),60.45,3145.29,No
TC-06486,Male,1,Yes,Yes,27,Yes,Yes,Fiber optic,No,Yes,Yes,Yes,Yes,Yes,Two year,Yes,Bank transfer (automatic),84.8,2241.66,No
TC-06487,Female,0,No,Yes,15,Yes,Yes,No,No internet service,No internet service,No internet service,No internet service,No internet service,No internet service,Two year,Yes,Mailed check,70.21,989.48,No
TC-06488,Female,0,Yes,No,12,Yes,No,No,No internet service,No internet service,No internet service,No internet service,No internet service,No internet service,Month-to-month,Yes,Bank transfer (automatic),111.16,1353.89,Yes
TC-06489,Male,0,No,No,71,Yes,No,Fiber optic,No,No,No,Yes,Yes,Yes,Month-to-month,Yes,Mailed check,66.76,4705.37,Yes
TC-06490,Female,0,No,No,55,No,No phone service,Fiber optic,No,No,Yes,No,No,Yes,Two year,No,Mailed check,43.61,2411.06,No
TC-06491,Male,0,No,No,52,Yes,No,Fiber optic,Yes,Yes,Yes,No,No,Yes,Two year,Yes,Mailed check,66.27,3408.66,No
TC-06492,Male,0,No,No,47,Yes,Yes,Fiber optic,No,No,No,Yes,Yes,Yes,Month-to-month,Yes,Credit card (automatic),109.68,5137.94,Yes
TC-06493,Female,0,No,No,24,Yes,No,No,No internet service,No internet service,No internet service,No internet service,No internet service,No internet service,Month-to-month,Yes,Electronic check,68.07,1685.6,Yes
TC-06494,Female,0,Yes,No,65,Yes,No,Fiber optic,No,Yes,No,No,No,No,Month-to-month,Yes,Electronic check,32.61,2061.88,Yes
TC-06495,Male,0,No,No,29,Yes,No,DSL,No,Yes,Yes,No,No,No,Two year,Yes,Credit card (automatic),72.16,2064.55,No
TC-06496,Male,0,No,Yes,2,Yes,No,Fiber optic,Yes,No,No,Yes,Yes,Yes,One year,Yes,Bank transfer (automatic),56.76,134.4,No
TC-06497,Female,0,Yes,No,22,No,No phone service,Fiber optic,No,Yes,No,No,No,No,Two year,Yes,Credit card (automatic),82.98,1809.63,No
TC-06498,Male,1,No,Yes,28,Yes,Yes,Fiber optic,No,Yes,Yes,Yes,No,Yes,Month-to-month,Yes,Electronic check,42.14,1189.35,No
TC-06499,Female,0,Yes,No,40,Yes,Yes,Fiber optic,No,Yes,Yes,No,No,Yes,One year,No,Bank transfer (automatic),50.23,2009.29,No
TC-06500,Male,0,No,No,10,Yes,Yes,No,No internet service,No internet service,No internet service,No internet service,No internet service,No internet service,One year,Yes,Electronic check,69.66,621.26,No
TC-06501,Female,1,Yes,No,20,Yes,No,DSL,Yes,Yes,Yes,No,No,No,Month-to-month,Yes,Credit card (automatic),29.83,666.55,No
TC-06502,Male,0,No,No,23,Yes,No,Fiber optic,No,No,No,No,No,No,One year,Yes,Credit card (automatic),39.05,893.18,No
TC-06503,Male,0,No,No,64,No,No phone service,No,No internet service,No internet service,No internet service,No internet service,No internet service,No internet service,Two year,Yes,Credit card (automatic),98.13,6360.06,No
TC-06504,Female,0,No,No,0,Yes,No,No,No internet service,No internet service,No internet service,No internet service,No internet service,No internet service,Two year,No,Credit card (automatic),111.92,111.92,No
TC-06505,Male,0,No,No,53,Yes,Yes,DSL,No,No,No,Yes,Yes,No,Month-to-month,Yes,Bank transfer (automatic),114.95,6158.18,No
TC-06506,Male,0,No,No,71,Yes,Yes,Fiber optic,Yes,No,Yes,No,Yes,No,Month-to-month,Yes,Electronic check,111.73,7983.94,Yes
TC-06507,Female,0,Yes,No,33,Yes,Yes,Fiber optic,Yes,Yes,No,No,No,No,Month-to-month,Yes,Bank transfer (automatic),112.2,3764.04,Yes
TC-06508,Male,0,Yes,No,67,Yes,Yes,No,No internet service,No internet service,No internet service,No internet service,No internet service,No internet service,Month-to-month,Yes,Credit card (automatic),100.11,6696.23,No
TC-06509,Male,0,No,Yes,28,Yes,Yes,Fiber optic,Yes,No,Yes,No,No,Yes,Month-to-month,Yes,Mailed check,91.56,2653.04,Yes
TC-06510,Male,0,Yes,Yes,2,Yes,No,Fiber optic,Yes,Yes,Yes,No,No,No,Two year,Yes,Bank transfer (automatic),41.18,58.76,No
TC-06511,Female,1,No,No,10,Yes,No,No,No internet service,No internet service,No internet service,No internet service,No internet service,No internet service,Two year,Yes,Mailed check,62.17,639.83,No
TC-06512,Female,0,No,No,7,Yes,No,No,No internet service,No internet service,No internet service,No internet service,No internet service,No internet service,One year,Yes,Mailed check,57.8,447.76,No
TC-06513,Female,1,No,No,61,Yes,No,Fiber optic,Yes,Yes,Yes,Yes,Yes,Yes,Two year,No,Bank transfer (automatic),91.03,5711.44,No
TC-06514,Male,1,Yes,No,32,Yes,Yes,Fiber optic,Yes,No,Yes,No,Yes,No,One year,Yes,Mailed check,65.54,2151.98,No
TC-06515,Male,0,No,No,7,Yes,Yes,Fiber optic,Yes,No,Yes,Yes,No,Yes,Two year,No,Electronic check,54.02,351.84,No
TC-06516,Male,0,Yes,No,24,Yes,Yes,Fiber optic,Yes,No,Yes,Yes,Yes,Yes,Month-to-month,No,Bank transfer (automatic),99.41,2399.31,Yes
TC-06517,Male,0,No,No,25,Yes,Yes,Fiber optic,No,No,No,Yes,No,Yes,Month-to-month,Yes,Electronic check,92.99,2257.43,No
TC-06518,Female,1,No,No,25,Yes,No,Fiber optic,No,Yes,No,Yes,No,No,Month-to-month,No,Credit card (automatic),54.88,1445.5,No
TC-06519,Male,0,Yes,No,16,Yes,Yes,DSL,No,No,Yes,No,No,Yes,Two year,Yes,Electronic check,59.93,802.54,No
TC-06520,Male,1,No,No,28,Yes,Yes,No,No internet service,No internet service,No internet service,No internet service,No internet service,No internet service,Month-to-month,Yes,Credit card (automatic),107.32,2996.34,Yes
TC-06521,Male,0,Yes,Yes,42,Yes,Yes,No,No internet service,No internet service,No internet service,No internet service,No internet service,No internet service,One year,No,Credit card (automatic),91.27,3943.12,No
TC-06522,Female,0,No,Yes,4,No,No phone service,No,No internet service,No internet service,No internet service,No internet service,No internet service,No internet service,One year,No,Bank transfer (automatic),87.0,385.99,No
TC-06523,Male,0,No,No,49,Yes,Yes,Fiber optic,Yes,No,No,No,No,No,Two year,No,Credit card (automatic),89.17,4393.82,No
TC-06524,Male,0,No,No,55,Yes,Yes,Fiber optic,Yes,No,No,No,No,No,Month-to-month,Yes,Electronic check,28.23,1493.06,No
TC-06525,Male,0,Yes,No,62,Yes,Yes,Fiber optic,No,No,Yes,No,Yes,No,Month-to-month,Yes,Credit card (automatic),74.35,4676.24,Yes
TC-06526,Male,0,No,No,56,Yes,No,DSL,No,No,No,Yes,Yes,No,Month-to-month,Yes,Bank transfer (automatic),47.1,2591.88,No
TC-06527,Male,0,Yes,No,44,Yes,No,Fiber optic,No,Yes,No,No,No,No,Month-to-month,Yes,Credit card (automatic),26.48,1119.81,No
TC-06528,Female,0,No,No,36,Yes,Yes,No,No internet service,No internet service,No internet service,No internet service,No internet service,No internet service,Month-to-month,Yes,Credit card (automatic),91.11,3346.41,No
TC-06529,Male,1,No,No,71,Yes,No,DSL,Yes,Yes,No,No,No,Yes,Month-to-month,Yes,Bank transfer (automatic),48.43,3391.15,No
TC-06530,Male,1,Yes,Yes,35,Yes,No,Fiber optic,Yes,Yes,No,No,Yes,No,Month-to-month,Yes,Electronic check,49.01,1642.18,Yes
TC-06531,Male,0,No,Yes,32,Yes,Yes,DSL,Yes,Yes,No,No,No,No,Two year,No,Bank transfer (automatic),81.99,2575.48,No
TC-06532,Male,0,No,No,5,Yes,No,No,No internet service,No internet service,No internet service,No internet service,No internet service,No internet service,One year,Yes,Bank transfer (automatic),84.63,432.61,No
TC-06533,Male,0,Yes,No,70,Yes,No,Fiber optic,No,No,No,No,Yes,No,One year,Yes,Bank transfer (automatic),65.41,4553.58,No
TC-06534,Male,0,Yes,No,44,Yes,Yes,Fiber optic,No,No,Yes,No,No,Yes,One year,No,Credit card (automatic),73.65,3331.44,No
TC-06535,Male,0,Yes,No,6,Yes,Yes,Fiber optic,No,No,Yes,No,No,Yes,Month-to-month,Yes,Electronic check,102.89,619.05,No
TC-06536,Male,0,No,No,64,Yes,No,Fiber optic,Yes,No,No,No,No,No,One year,No,Credit card (automatic),28.71,1775.43,No
TC-06537,Male,0,Yes,No,23,Yes,Yes,Fiber optic,Yes,Yes,No,Yes,Yes,No,Month-to-month,Yes,Credit card (automatic),24.54,471.02,No
TC-06538,Male,1,Yes,No,44,Yes,No,DSL,Yes,No,Yes,No,Yes,Yes,Two year,Yes,Bank transfer (automatic),83.62,3724.3,No
TC-06539,Female,0,No,No,60,Yes,Yes,Fiber optic,Yes,Yes,Yes,No,No,Yes,One year,Yes,Credit card (automatic),78.38,4717.81,No
TC-06540,Female,0,Yes,Yes,18,Yes,No,No,No internet service,No internet service,No internet service,No internet service,No internet service,No internet service,Two year,Yes,Mailed check,36.59,689.04,No
TC-06541,Female,0,Yes,No,31,Yes,Yes,Fiber optic,No,No,No,No,No,Yes,Month-to-month,No,Credit card (automatic),70.19,2154.54,Yes
TC-06542,Female,0,No,No,29,Yes,No,DSL,No,Yes,Yes,Yes,Yes,Yes,Two year,No,Credit card (automatic),92.57,2692.24,No
TC-06543,Male,0,Yes,No,64,Yes,No,Fiber optic,Yes,No,Yes,No,Yes,Yes,Month-to-month,No,Mailed check,91.17,5894.41,No
TC-06544,Female,0,No,No,31,Yes,No,Fiber optic,No,Yes,Yes,No,Yes,Yes,One year,No,Credit card (automatic),77.57,2404.95,No
TC-06545,Female,0,Yes,No,56,Yes,No,Fiber optic,Yes,Yes,No,Yes,No,No,Month-to-month,No,Credit card (automatic),31.04,1680.88,No
TC-06546,Male,1,Yes,No,19,Yes,No,DSL,Yes,Yes,No,Yes,No,Yes,Month-to-month,Yes,Mailed check,48.4,955.74,Yes
TC-06547,Female,0,No,No,29,Yes,No,DSL,Yes,No,Yes,Yes,No,No,Month-to-month,Yes,Electronic check,58.58,1681.37,No
TC-06548,Female,1,Yes,No,58,Yes,No,DSL,Yes,No,No,No,No,No,Month-to-month,Yes,Electronic check,96.83,5664.45,No
TC-06549,Male,0,No,Yes,61,Yes,No,No,No internet service,No internet service,No internet service,No internet service,No internet service,No internet service,Month-to-month,No,Electronic check,72.38,4416.45,No
TC-06550,Male,1,Yes,No,66,Yes,Yes,No,No internet service,No internet service,No internet service,No internet service,No internet service,No internet service,Month-to-month,Yes,Bank transfer (automatic),91.32,6070.21,No
TC-06551,Male,0,Yes,No,30,Yes,No,No,No internet service,No internet service,No internet service,No internet service,No internet service,No internet service,Two year,Yes,Bank transfer (automatic),110.35,3335.85,Yes
TC-06552,Female,0,No,No,65,Yes,Yes,Fiber optic,No,Yes,No,Yes,No,Yes,Month-to-month,No,Electronic check,80.39,5290.25,Yes
TC-06553,Female,0,No,No,53,Yes,Yes,No,No internet service,No internet service,No internet service,No internet service,No internet service,No internet service,Month-to-month,Yes,Credit card (automatic),41.71,2258.73,Yes
TC-06554,Male,0,Yes,Yes,9,No,No phone service,Fiber optic,Yes,No,No,No,Yes,No,Month-to-month,Yes,Electronic check,31.96,222.4,Yes
TC-06555,Male,0,Yes,No,37,No,No phone service,Fiber optic,No,No,No,Yes,Yes,Yes,Month-to-month,Yes,Mailed check,18.05,574.17,Yes
TC-06556,Female,0,Yes,No,30,Yes,Yes,No,No internet service,No internet service,No internet service,No internet service,No internet service,No internet service,Month-to-month,No,Mailed check,35.56,1062.95,Yes
TC-06557,Male,0,No,Yes,28,Yes,Yes,Fiber optic,Yes,Yes,No,No,Yes,Yes,Two year,Yes,Credit card (automatic),44.92,1287.85,No
TC-06558,Female,0,No,Yes,24,Yes,Yes,Fiber optic,Yes,No,Yes,No,Yes,No,Two year,No,Mailed check,44.98,1043.25,No
TC-06559,Male,1,Yes,Yes,31,Yes,Yes,No,No internet service,No internet service,No internet service,No internet service,No internet service,No internet service,Month-to-month,Yes,Mailed check,84.71,2648.29,Yes
TC-06560,Male,0,Yes,No,16,Yes,Yes,No,No internet service,No internet service,No internet service,No internet service,No internet service,No internet service,One year,Yes,Electronic check,33.02,548.5,No
TC-06561,Female,0,Yes,Yes,44,No,No phone service,Fiber optic,No,Yes,Yes,Yes,Yes,Yes,Two year,No,Electronic check,61.55,2704.55,No
TC-06562,Male,0,No,Yes,48,Yes,No,DSL,Yes,No,Yes,No,No,Yes,Two year,No,Mailed check,18.49,855.79,Yes
TC-06563,Male,0,Yes,Yes,17,No,No phone service,Fiber optic,Yes,Yes,No,Yes,No,Yes,Month-to-month,Yes,Mailed check,44.12,699.07,No
TC-06564,Male,0,No,No,51,Yes,No,DSL,Yes,Yes,No,No,Yes,Yes,One year,No,Credit card (automatic),22.11,1251.57,No
TC-06565,Female,0,No,No,19,No,No phone service,No,No internet service,No internet service,No internet service,No internet service,No internet service,No internet service,Month-to-month,No,Mailed check,88.96,1584.2,No
TC-06566,Male,0,Yes,No,61,Yes,Yes,No,No internet service,No internet service,No internet service,No internet service,No internet service,No internet service,Month-to-month,Yes,Electronic check,53.43,3197.29,No
TC-06567,Male,0,No,No,12,Yes,Yes,Fiber optic,No,Yes,Yes,Yes,No,No,Month-to-month,No,Electronic check,66.01,922.14,No
TC-06568,Male,0,No,Yes,42,Yes,No,Fiber optic,No,No,Yes,No,No,No,Month-to-month,No,Electronic check,94.15,3902.65,Yes
TC-06569,Male,0,Yes,No,20,Yes,No,DSL,Yes,Yes,No,Yes,No,No,Month-to-month,Yes,Bank transfer (automatic),104.29,2057.67,No
TC-06570,Male,0,Yes,No,5,Yes,No,No,No internet service,No internet service,No internet service,No internet service,No internet service,No internet service,Month-to-month,No,Electronic check,69.67,382.35,Yes
TC-06571,Male,0,Yes,Yes,70,Yes,Yes,No,No internet service,No internet service,No internet service,No internet service,No internet service,No internet service,Two year,Yes,Bank transfer (automatic),82.98,5832.65,No
TC-06572,Female,0,Yes,No,52,Yes,No,DSL,No,Yes,No,Yes,Yes,Yes,One year,Yes,Electronic check,91.6,4785.35,No
TC-06573,Female,1,Yes,Yes,51,Yes,No,DSL,Yes,Yes,No,No,Yes,No,Month-to-month,No,Electronic check,46.53,2447.8,No
TC-06574,Male,1,Yes,Yes,68,Yes,Yes,DSL,No,No,No,Yes,No,Yes,Month-to-month,No,Credit card (automatic),88.73,5985.74,No
TC-06575,Female,0,Yes,No,8,No,No phone service,Fiber optic,Yes,Yes,No,Yes,Yes,No,Month-to-month,No,Bank transfer (automatic),83.37,675.71,No
TC-06576,Female,0,No,No,45,Yes,No,DSL,Yes,Yes,Yes,Yes,No,No,Two year,No,Mailed check,62.31,2801.27,No
TC-06577,Male,0,Yes,Yes,70,Yes,No,DSL,Yes,Yes,Yes,No,Yes,No,Month-to-month,Yes,Mailed check,52.08,3601.65,No
TC-06578,Female,0,Yes,No,29,Yes,No,Fiber optic,Yes,Yes,Yes,No,No,No,Month-to-month,No,Credit card (automatic),115.37,3350.92,Yes
TC-06579,Female,0,Yes,No,42,Yes,Yes,Fiber optic,Yes,No,No,Yes,Yes,Yes,Month-to-month,No,Credit card (automatic),116.63,4926.48,No
TC-06580,Female,0,Yes,No,58,No,No phone service,No,No internet service,No internet service,No internet service,No internet service,No internet service,No internet service,Month-to-month,Yes,Bank transfer (automatic),87.51,5104.82,Yes
TC-06581,Female,0,Yes,No,37,Yes,Yes,No,No internet service,No internet service,No internet service,No internet service,No internet service,No internet service,Month-to-month,Yes,Bank transfer (automatic),56.42,2141.01,Yes
TC-06582,Female,0,Yes,No,33,Yes,Yes,Fiber optic,No,No,Yes,No,Yes,Yes,Two year,Yes,Credit card (automatic),93.15,3071.95,Yes
TC-06583,Female,0,No,No,45,Yes,Yes,DSL,Yes,No,No,Yes,No,No,Month-to-month,Yes,Bank transfer (automatic),85.92,3816.03,No
TC-06584,Female,0,Yes,No,31,No,No phone service,Fiber optic,Yes,Yes,No,Yes,Yes,No,Two year,Yes,Credit card (automatic),72.5,2178.3,No
TC-06585,Female,0,No,Yes,15,Yes,No,DSL,No,Yes,No,No,Yes,Yes,Two year,No,Electronic check,31.18,444.63,No
TC-06586,Male,0,Yes,No,38,Yes,Yes,DSL,No,Yes,No,Yes,No,No,Two year,Yes,Credit card (automatic),112.66,4213.45,No
TC-06587,Male,0,No,No,0,Yes,Yes,DSL,No,Yes,No,No,Yes,No,Month-to-month,Yes,Bank transfer (automatic),41.28,41.28,No
TC-06588,Female,0,No,Yes,56,Yes,No,Fiber optic,Yes,No,No,No,Yes,No,Two year,No,Electronic check,57.33,3151.39,No
TC-06589,Female,0,No,No,19,Yes,No,DSL,No,Yes,Yes,No,No,Yes,Month-to-month,No,Credit card (automatic),52.24,959.82,No
TC-06590,Male,0,Yes,Yes,41,No,No phone service,Fiber optic,No,No,No,No,Yes,Yes,One year,Yes,Bank transfer (automatic),33.38,1457.75,No
TC-06591,Female,0,Yes,No,71,Yes,No,DSL,No,Yes,Yes,No,No,No,Two year,Yes,Bank transfer (automatic),20.45,1445.78,No
TC-06592,Female,0,Yes,Yes,33,Yes,No,Fiber optic,No,No,Yes,No,Yes,Yes,Month-to-month,Yes,Bank transfer (automatic),110.98,3740.95,No
TC-06593,Male,0,Yes,No,49,Yes,Yes,Fiber optic,No,Yes,Yes,Yes,No,Yes,Month-to-month,No,Credit card (automatic),91.95,4526.43,Yes
TC-06594,Male,0,Yes,Yes,10,Yes,No,Fiber optic,Yes,No,No,No,No,Yes,One year,Yes,Credit card (automatic),20.07,169.58,No
TC-06595,Male,0,Yes,Yes,42,Yes,No,No,No internet service,No internet service,No internet service,No internet service,No internet service,No internet service,Month-to-month,Yes,Mailed check,86.78,3638.6,No
TC-06596,Female,0,No,No,9,Yes,Yes,No,No internet service,No internet service,No internet service,No internet service,No internet service,No internet service,One year,Yes,Credit card (automatic),30.97,196.2,No
TC-06597,Female,1,No,No,7,Yes,Yes,Fiber optic,Yes,Yes,No,No,No,Yes,Month-to-month,No,Credit card (automatic),90.4,616.25,No
TC-06598,Male,1,No,No,71,Yes,No,Fiber optic,No,Yes,No,Yes,Yes,Yes,Two year,Yes,Bank transfer (automatic),68.52,4799.38,No
TC-06599,Male,0,Yes,Yes,18,Yes,No,DSL,No,No,Yes,No,Yes,Yes,Month-to-month,Yes,Electronic check,115.79,2114.15,No
TC-06600,Female,1,Yes,No,64,Yes,Yes,Fiber optic,Yes,No,Yes,Yes,No,Yes,Two year,Yes,Mailed check,61.24,3897.62,No
TC-06601,Male,0,No,No,54,Yes,Yes,DSL,Yes,Yes,Yes,No,No,Yes,One year,Yes,Mailed check,92.89,5000.88,No
TC-06602,Female,0,Yes,No,51,No,No phone service,DSL,No,No,No,No,No,No,Two year,Yes,Mailed check,22.13,1107.73,No
TC-06603,Female,0,Yes,No,2,Yes,No,No,No internet service,No internet service,No internet service,No internet service,No internet service,No internet service,One year,Yes,Mailed check,111.56,268.04,No
TC-06604,Male,1,Yes,No,52,Yes,Yes,DSL,Yes,No,No,No,No,Yes,Month-to-month,Yes,Mailed check,74.25,3816.51,No
TC-06605,Male,0,No,No,43,Yes,Yes,Fiber optic,Yes,Yes,Yes,No,Yes,No,One year,No,Mailed check,49.42,2077.27,No
TC-06606,Female,0,No,No,47,No,No phone service,Fiber optic,Yes,No,No,Yes,Yes,Yes,Two year,Yes,Bank transfer (automatic),30.69,1459.56,No
TC-06607,Male,0,Yes,No,53,Yes,No,No,No internet service,No internet service,No internet service,No internet service,No internet service,No internet service,Two year,Yes,Bank transfer (automatic),82.08,4404.56,No
TC-06608,Male,0,No,No,15,Yes,Yes,Fiber optic,No,No,No,Yes,No,No,Month-to-month,Yes,Credit card (automatic),92.63,1406.01,No
TC-06609,Male,0,No,No,29,Yes,Yes,DSL,Yes,No,Yes,No,Yes,Yes,Two year,No,Mailed check,26.53,878.71,No
TC-06610,Male,0,Yes,No,27,Yes,Yes,Fiber optic,Yes,Yes,Yes,No,Yes,No,One year,No,Credit card (automatic),34.47,883.98,Yes
TC-06611,Female,0,Yes,Yes,15,Yes,No,Fiber optic,No,Yes,No,Yes,Yes,No,Two year,No,Mailed check,56.54,739.77,Yes
TC-06612,Female,0,No,No,50,Yes,No,No,No internet service,No internet service,No internet service,No internet service,No internet service,No internet service,Month-to-month,No,Credit card (automatic),103.18,5183.36,No
TC-06613,Female,0,No,No,32,Yes,No,Fiber optic,Yes,Yes,Yes,Yes,Yes,Yes,Month-to-month,Yes,Credit card (automatic),116.29,3713.62,Yes
TC-06614,Female,0,Yes,No,24,Yes,Yes,Fiber optic,Yes,No,No,Yes,No,Yes,Month-to-month,Yes,Credit card (automatic),92.5,2243.58,Yes
TC-06615,Male,0,Yes,No,17,No,No phone service,Fiber optic,Yes,Yes,No,Yes,No,No,Two year,No,Electronic check,18.56,358.34,No
TC-06616,Male,0,Yes,No,25,No,No phone service,Fiber optic,No,Yes,Yes,No,No,No,One year,Yes,Electronic check,108.35,2632.48,No
TC-06617,Female,0,No,No,5,Yes,Yes,Fiber optic,Yes,Yes,No,Yes,Yes,No,One year,Yes,Mailed check,20.66,88.96,No
TC-06618,Female,0,No,No,37,Yes,No,Fiber optic,Yes,No,No,Yes,Yes,No,One year,Yes,Electronic check,107.71,4014.57,No
TC-06619,Male,0,Yes,No,43,Yes,No,DSL,Yes,Yes,No,No,Yes,No,Month-to-month,Yes,Electronic check,59.03,2551.06,No
TC-06620,Female,0,Yes,No,66,Yes,Yes,Fiber optic,No,Yes,No,Yes,No,No,Month-to-month,Yes,Bank transfer (automatic),92.18,6075.08,No
TC-06621,Female,1,Yes,No,42,Yes,Yes,DSL,No,Yes,No,No,Yes,No,Two year,Yes,Bank transfer (automatic),26.71,1158.73,No
TC-06622,Male,1,Yes,No,5,Yes,Yes,No,No internet service,No internet service,No internet service,No internet service,No internet service,No internet service,Month-to-month,No,Electronic check,34.49,222.28,No
TC-06623,Female,0,No,No,63,Yes,Yes,No,No internet service,No internet service,No internet service,No internet service,No internet service,No internet service,Two year,No,Bank transfer (automatic),63.08,3871.48,No
TC-06624,Male,0,Yes,No,12,Yes,Yes,No,No internet service,No internet service,No internet service,No internet service,No internet service,No internet service,Month-to-month,No,Electronic check,21.85,340.99,No
TC-06625,Male,1,Yes,No,64,Yes,No,Fiber optic,Yes,No,No,No,Yes,No,Month-to-month,No,Credit card (automatic),56.98,3585.58,Yes
TC-06626,Female,1,No,Yes,37,No,No phone service,No,No internet service,No internet service,No internet service,No internet service,No internet service,No internet service,Month-to-month,Yes,Credit card (automatic),93.2,3478.17,No
TC-06627,Male,1,Yes,No,63,Yes,No,DSL,No,No,Yes,No,No,Yes,Month-to-month,Yes,Credit card (automatic),83.47,5242.08,No
TC-06628,Female,1,No,No,13,Yes,No,DSL,Yes,No,No,No,Yes,Yes,Two year,No,Bank transfer (automatic),53.18,754.09,No
TC-06629,Male,0,No,Yes,16,Yes,Yes,Fiber optic,Yes,Yes,No,Yes,No,Yes,Month-to-month,Yes,Mailed check,18.88,338.13,Yes
TC-06630,Female,0,No,No,12,Yes,No,DSL,Yes,Yes,No,Yes,Yes,No,Month-to-month,No,Mailed check,44.97,569.11,No
TC-06631,Female,0,Yes,Yes,5,Yes,No,No,No internet service,No internet service,No internet service,No internet service,No internet service,No internet service,Two year,No,Credit card (automatic),95.62,489.2,No
TC-06632,Female,0,No,No,5,Yes,Yes,DSL,Yes,No,No,Yes,Yes,Yes,Two year,Yes,Electronic check,52.05,233.38,No
TC-06633,Male,0,Yes,No,36,Yes,Yes,Fiber optic,Yes,No,No,No,No,Yes,Two year,Yes,Electronic check,55.75,1957.5,No
TC-06634,Male,0,No,No,56,Yes,Yes,Fiber optic,No,Yes,Yes,Yes,Yes,No,Month-to-month,Yes,Electronic check,25.42,1354.37,Yes
TC-06635,Female,0,No,No,52,Yes,Yes,DSL,No,No,Yes,No,No,No,Month-to-month,No,Bank transfer (automatic),78.17,4033.56,Yes
TC-06636,Male,0,No,No,45,No,No phone service,DSL,No,Yes,No,Yes,Yes,Yes,Month-to-month,Yes,Electronic check,80.19,3654.16,Yes
TC-06637,Female,0,Yes,No,3,Yes,Yes,DSL,Yes,Yes,No,Yes,No,No,Month-to-month,Yes,Credit card (automatic),61.08,133.14,No
TC-06638,Female,0,Yes,Yes,33,Yes,No,DSL,Yes,Yes,No,No,Yes,Yes,Month-to-month,No,Bank transfer (automatic),94.06,3164.43,Yes
TC-06639,Male,0,No,Yes,65,Yes,No,No,No internet service,No internet service,No internet service,No internet service,No internet service,No internet service,Two year,Yes,Mailed check,105.69,6818.56,No
TC-06640,Female,0,Yes,No,62,Yes,No,DSL,No,Yes,Yes,No,No,No,Two year,Yes,Mailed check,93.05,5760.88,No
TC-06641,Male,0,No,No,60,Yes,Yes,DSL,Yes,No,No,No,Yes,Yes,Two year,No,Mailed check,72.43,4368.35,No
TC-06642,Female,0,No,Yes,41,Yes,No,Fiber optic,No,No,Yes,Yes,No,Yes,Month-to-month,No,Bank transfer (automatic),111.57,4625.7,Yes
TC-06643,Male,0,No,No,63,No,No phone service,Fiber optic,Yes,Yes,No,Yes,No,No,Month-to-month,Yes,Bank transfer (automatic),56.22,3523.53,Yes
TC-06644,Female,0,No,No,16,Yes,Yes,No,No internet service,No internet service,No internet service,No internet service,No internet service,No internet service,Month-to-month,No,Mailed check,83.47,1359.58,No
TC-06645,Female,0,Yes,No,60,Yes,No,No,No internet service,No internet service,No internet service,No internet service,No internet service,No internet service,Month-to-month,No,Bank transfer (automatic),75.52,4541.83,No
TC-06646,Male,0,No,No,29,Yes,No,No,No internet service,No internet service,No internet service,No internet service,No internet service,No internet service,One year,No,Bank transfer (automatic),102.16,2950.15,No
TC-06647,Female,0,Yes,No,42,Yes,Yes,No,No internet service,No internet service,No internet service,No internet service,No internet service,No internet service,One year,Yes,Electronic check,67.96,2802.39,No
TC-06648,Female,1,No,No,6,Yes,No,DSL,No,Yes,No,Yes,Yes,No,Month-to-month,Yes,Bank transfer (automatic),73.35,462.1,Yes
TC-06649,Male,0,No,No,45,Yes,No,Fiber optic,No,Yes,No,Yes,Yes,Yes,Two year,Yes,Credit card (automatic),63.38,2853.49,No
TC-06650,Female,0,No,No,22,Yes,No,Fiber optic,No,No,No,Yes,Yes,No,Two year,Yes,Bank transfer (automatic),32.05,689.12,No
TC-06651,Male,0,No,No,35,Yes,Yes,Fiber optic,Yes,No,Yes,Yes,Yes,Yes,Two year,No,Electronic check,106.64,3738.14,No
TC-06652,Female,0,No,Yes,13,Yes,No,DSL,No,Yes,No,No,No,Yes,Month-to-month,Yes,Mailed check,104.18,1382.9,Yes
TC-06653,Male,0,Yes,Yes,19,Yes,Yes,DSL,No,No,No,Yes,Yes,Yes,Two year,Yes,Mailed check,88.25,1592.76,Yes
TC-06654,Female,1,Yes,Yes,55,Yes,Yes,Fiber optic,Yes,No,Yes,No,No,No,Two year,Yes,Electronic check,52.78,2875.59,No
TC-06655,Female,0,No,No,31,Yes,Yes,DSL,Yes,Yes,Yes,No,Yes,No,Month-to-month,Yes,Mailed check,53.51,1610.1,Yes
TC-06656,Female,0,Yes,No,24,No,No phone service,DSL,No,No,No,Yes,Yes,Yes,Month-to-month,No,Mailed check,21.6,473.47,No
TC-06657,Male,0,Yes,No,48,Yes,No,Fiber optic,Yes,No,Yes,No,Yes,Yes,Month-to-month,No,Mailed check,25.76,1197.03,No
TC-06658,Male,0,No,No,56,No,No phone service,Fiber optic,Yes,No,Yes,Yes,Yes,Yes,Two year,No,Credit card (automatic),69.38,3940.2,No
TC-06659,Male,0,No,No,26,Yes,No,No,No internet service,No internet service,No internet service,No internet service,No internet service,No internet service,Month-to-month,No,Mailed check,22.98,614.14,Yes
TC-06660,Male,0,No,No,26,Yes,Yes,Fiber optic,Yes,Yes,Yes,Yes,Yes,Yes,Month-to-month,Yes,Bank transfer (automatic),27.92,670.92,Yes
TC-06661,Female,0,No,No,45,Yes,No,No,No internet service,No internet service,No internet service,No internet service,No internet service,No internet service,One year,No,Mailed check,43.12,1949.69,No
TC-06662,Female,0,Yes,Yes,44,Yes,No,DSL,Yes,No,Yes,Yes,Yes,Yes,Two year,Yes,Bank transfer (automatic),55.37,2457.69,No
TC-06663,Male,1,Yes,No,25,Yes,Yes,Fiber optic,Yes,No,No,Yes,Yes,Yes,One year,Yes,Bank transfer (automatic),66.93,1655.32,No
TC-06664,Male,0,Yes,No,13,Yes,No,DSL,Yes,No,No,Yes,Yes,No,One year,Yes,Mailed check,50.45,591.48,No
TC-06665,Male,0,Yes,No,47,Yes,Yes,Fiber optic,No,No,No,No,Yes,No,One year,No,Electronic check,112.07,5212.86,Yes
TC-06666,Female,0,No,No,14,Yes,Yes,No,No internet service,No internet service,No internet service,No internet service,No internet service,No internet service,Month-to-month,Yes,Bank transfer (automatic),113.09,1503.95,Yes
TC-06667,Male,0,No,Yes,50,Yes,Yes,DSL,Yes,No,No,No,No,No,Two year,No,Electronic check,23.6,1287.0,No
TC-06668,Male,0,No,No,53,Yes,Yes,Fiber optic,No,No,No,Yes,Yes,No,Month-to-month,Yes,Credit card (automatic),116.54,6090.19,Yes
TC-06669,Female,0,No,No,10,Yes,No,No,No internet service,No internet service,No internet service,No internet service,No internet service,No internet service,Month-to-month,Yes,Mailed check,35.29,290.19,No
TC-06670,Female,0,Yes,Yes,27,No,No phone service,Fiber optic,Yes,Yes,No,No,Yes,No,Month-to-month,No,Mailed check,51.14,1379.61,Yes
TC-06671,Male,0,Yes,No,54,Yes,Yes,DSL,No,No,Yes,Yes,Yes,No,One year,No,Electronic check,101.7,5400.43,No
TC-06672,Female,0,No,No,68,Yes,No,DSL,No,No,No,No,No,No,Two year,Yes,Credit card (automatic),86.77,5842.42,No
TC-06673,Male,0,Yes,No,71,Yes,Yes,DSL,Yes,No,No,Yes,Yes,Yes,One year,Yes,Bank transfer (automatic),23.82,1696.97,No
TC-06674,Female,0,Yes,No,25,Yes,Yes,DSL,Yes,Yes,Yes,No,Yes,No,Month-to-month,No,Bank transfer (automatic),95.46,2396.66,No
TC-06675,Male,0,No,No,69,Yes,No,Fiber optic,Yes,No,Yes,No,Yes,Yes,One year,Yes,Credit card (automatic),84.32,5838.57,No
TC-06676,Male,1,Yes,Yes,31,Yes,Yes,Fiber optic,Yes,No,No,Yes,No,Yes,Month-to-month,No,Bank transfer (automatic),113.05,3540.32,Yes
TC-06677,Male,0,No,No,47,Yes,No,Fiber optic,No,No,Yes,Yes,No,No,Two year,No,Bank transfer (automatic),109.0,5120.98,No
TC-06678,Male,0,Yes,No,11,Yes,No,Fiber optic,No,Yes,No,No,No,Yes,Two year,Yes,Credit card (automatic),115.52,1236.28,No
TC-06679,Female,0,Yes,No,69,Yes,Yes,DSL,No,Yes,Yes,Yes,Yes,No,Month-to-month,No,Mailed check,63.49,4403.68,No
TC-06680,Female,0,No,Yes,60,Yes,No,Fiber optic,No,No,No,No,Yes,Yes,Month-to-month,Yes,Bank transfer (automatic),88.65,5388.53,Yes
TC-06681,Female,0,No,No,33,Yes,Yes,Fiber optic,Yes,No,Yes,No,Yes,No,One year,Yes,Credit card (automatic),114.19,3799.15,Yes
TC-06682,Female,1,No,No,44,Yes,No,DSL,No,No,Yes,Yes,Yes,No,One year,No,Mailed check,18.21,758.05,No
TC-06683,Male,0,Yes,No,59,Yes,No,No,No internet service,No internet service,No internet service,No internet service,No internet service,No internet service,Month-to-month,Yes,Bank transfer (automatic),96.89,5747.22,Yes
TC-06684,Male,1,No,Yes,64,Yes,Yes,DSL,No,Yes,No,No,No,No,Month-to-month,Yes,Mailed check,23.4,1525.56,No
TC-06685,Female,0,Yes,Yes,70,Yes,Yes,Fiber optic,Yes,No,No,No,Yes,Yes,One year,Yes,Credit card (automatic),117.89,8190.45,No
TC-06686,Female,0,No,Yes,12,Yes,No,DSL,Yes,No,No,Yes,No,No,Month-to-month,No,Bank transfer (automatic),19.39,221.03,No
TC-06687,Female,0,Yes,No,47,Yes,Yes,Fiber optic,Yes,Yes,No,Yes,No,No,Month-to-month,Yes,Electronic check,73.47,3481.42,No
TC-06688,Female,0,No,Yes,48,Yes,Yes,No,No internet service,No internet service,No internet service,No internet service,No internet service,No internet service,One year,Yes,Credit card (automatic),70.09,3422.38,No
TC-06689,Female,0,No,No,57,Yes,Yes,No,No internet service,No internet service,No internet service,No internet service,No internet service,No internet service,Month-to-month,Yes,Bank transfer (automatic),48.47,2730.46,No
TC-06690,Male,1,Yes,No,69,Yes,No,DSL,No,No,No,No,Yes,No,Two year,Yes,Credit card (automatic),91.23,6222.01,No
TC-06691,Male,0,Yes,No,60,Yes,Yes,No,No internet service,No internet service,No internet service,No internet service,No internet service,No internet service,Month-to-month,Yes,Bank transfer (automatic),43.7,2647.43,No
TC-06692,Male,1,No,No,25,Yes,No,DSL,No,Yes,Yes,Yes,No,No,Month-to-month,Yes,Electronic check,47.08,1164.59,No
TC-06693,Female,1,Yes,No,38,Yes,No,No,No internet service,No internet service,No internet service,No internet service,No internet service,No internet service,Month-to-month,No,Mailed check,36.04,1381.5,No
TC-06694,Female,1,No,No,57,Yes,No,Fiber optic,Yes,No,Yes,Yes,No,Yes,One year,No,Bank transfer (automatic),89.41,5105.88,No
TC-06695,Female,0,Yes,No,26,No,No phone service,Fiber optic,Yes,No,No,Yes,No,No,Month-to-month,Yes,Electronic check,35.0,917.43,No
TC-06696,Female,0,Yes,Yes,39,Yes,Yes,No,No internet service,No internet service,No internet service,No internet service,No internet service,No internet service,Month-to-month,Yes,Bank transfer (automatic),107.77,4182.35,Yes
TC-06697,Male,0,No,Yes,30,No,No phone service,Fiber optic,Yes,Yes,No,Yes,No,No,Month-to-month,No,Credit card (automatic),46.78,1448.73,No
TC-06698,Male,0,No,No,2,Yes,Yes,DSL,No,Yes,Yes,Yes,Yes,No,Month-to-month,No,Mailed check,69.86,97.28,Yes
TC-06699,Female,0,Yes,No,14,Yes,Yes,DSL,Yes,No,Yes,Yes,No,Yes,Two year,No,Bank transfer (automatic),65.51,930.41,No
TC-06700,Male,0,Yes,Yes,53,Yes,Yes,No,No internet service,No internet service,No internet service,No internet service,No internet service,No internet service,Month-to-month,Yes,Mailed check,88.24,4696.23,No
TC-06701,Male,0,Yes,No,69,Yes,No,Fiber optic,Yes,No,No,No,No,No,Month-to-month,Yes,Credit card (automatic),41.4,2846.82,No
TC-06702,Female,1,Yes,No,10,Yes,No,Fiber optic,No,Yes,Yes,Yes,No,No,Month-to-month,No,Credit card (automatic),101.86,1058.26,Yes
TC-06703,Female,1,No,Yes,29,Yes,Yes,DSL,Yes,No,No,No,No,No,Month-to-month,Yes,Mailed check,91.79,2638.65,No
TC-06704,Female,0,No,No,34,Yes,No,DSL,No,No,Yes,Yes,No,Yes,Month-to-month,Yes,Electronic check,52.26,1891.68,Yes
TC-06705,Female,0,Yes,Yes,42,No,No phone service,DSL,No,No,No,No,No,No,One year,Yes,Credit card (automatic),30.03,1273.09,No
TC-06706,Female,0,No,No,60,Yes,No,DSL,No,Yes,No,Yes,Yes,No,Month-to-month,Yes,Bank transfer (automatic),68.48,4170.72,No
TC-06707,Female,0,Yes,No,39,No,No phone service,Fiber optic,Yes,No,Yes,No,No,Yes,One year,Yes,Bank transfer (automatic),116.05,4570.35,No
TC-06708,Male,0,Yes,No,41,Yes,No,DSL,Yes,No,Yes,No,Yes,Yes,Month-to-month,No,Credit card (automatic),20.43,908.81,No
TC-06709,Male,0,Yes,No,41,Yes,No,DSL,Yes,Yes,Yes,Yes,Yes,No,Two year,No,Electronic check,102.49,4206.49,No
TC-06710,Female,0,No,No,2,Yes,No,Fiber optic,No,Yes,Yes,No,Yes,Yes,One year,No,Mailed check,87.98,232.32,Yes
TC-06711,Male,0,Yes,No,20,Yes,Yes,DSL,No,Yes,Yes,No,Yes,No,Month-to-month,Yes,Electronic check,36.32,799.2,No
TC-06712,Female,0,No,No,52,Yes,No,No,No internet service,No internet service,No internet service,No internet service,No internet service,No internet service,Two year,No,Electronic check,65.64,3427.68,No
TC-06713,Female,0,No,No,43,Yes,Yes,DSL,No,No,Yes,No,No,No,One year,No,Electronic check,80.77,3438.18,No
TC-06714,Female,1,Yes,No,45,No,No phone service,Fiber optic,Yes,No,No,Yes,No,Yes,Two year,Yes,Credit card (automatic),87.67,4036.64,No
TC-06715,Female,0,No,No,36,Yes,Yes,Fiber optic,No,No,No,No,No,Yes,Two year,Yes,Mailed check,110.14,3965.99,No
TC-06716,Male,0,Yes,No,37,Yes,Yes,DSL,Yes,Yes,No,Yes,Yes,No,Two year,No,Credit card (automatic),105.31,3900.4,No
TC-06717,Female,0,Yes,Yes,37,Yes,No,No,No internet service,No internet service,No internet service,No internet service,No internet service,No internet service,Month-to-month,No,Mailed check,50.84,1894.6,No
TC-06718,Male,0,No,Yes,10,Yes,No,Fiber optic,Yes,Yes,No,No,Yes,Yes,Month-to-month,No,Bank transfer (automatic),30.0,260.84,No
TC-06719,Female,0,Yes,No,44,Yes,No,DSL,No,No,No,No,Yes,Yes,One year,Yes,Electronic check,28.43,1267.93,No
TC-06720,Female,0,No,Yes,63,Yes,No,No,No internet service,No internet service,No internet service,No internet service,No internet service,No internet service,Month-to-month,Yes,Credit card (automatic),114.87,7254.22,No
TC-06721,Female,0,No,No,43,Yes,No,No,No internet service,No internet service,No internet service,No internet service,No internet service,No internet service,Month-to-month,Yes,Electronic check,113.58,4883.44,No
TC-06722,Male,0,No,No,61,No,No phone service,Fiber optic,Yes,Yes,No,Yes,Yes,No,Month-to-month,Yes,Bank transfer (automatic),99.95,6093.62,No
TC-06723,Female,0,Yes,No,60,No,No phone service,DSL,No,Yes,Yes,Yes,No,Yes,Month-to-month,Yes,Mailed check,116.05,6951.89,No
TC-06724,Female,0,No,No,11,Yes,No,Fiber optic,No,Yes,Yes,No,Yes,No,Two year,Yes,Credit card (automatic),45.42,480.61,No
TC-06725,Female,0,Yes,No,8,Yes,Yes,Fiber optic,No,No,Yes,No,Yes,Yes,Month-to-month,No,Mailed check,100.56,840.81,Yes
TC-06726,Male,0,Yes,No,66,Yes,Yes,DSL,Yes,Yes,Yes,No,No,Yes,Two year,Yes,Bank transfer (automatic),68.22,4517.04,No
TC-06727,Male,0,No,Yes,1,Yes,No,Fiber optic,Yes,Yes,Yes,No,Yes,No,Two year,Yes,Credit card (automatic),97.92,144.48,No
TC-06728,Male,0,No,No,7,Yes,Yes,Fiber optic,Yes,No,No,No,No,Yes,One year,No,Credit card (automatic),79.08,527.49,No
TC-06729,Female,1,Yes,Yes,42,Yes,Yes,Fiber optic,Yes,Yes,Yes,No,No,No,One year,Yes,Bank transfer (automatic),102.62,4366.43,No
TC-06730,Male,0,No,No,17,Yes,Yes,Fiber optic,Yes,No,No,No,Yes,No,Month-to-month,No,Bank transfer (automatic),57.73,1025.98,No
TC-06731,Female,1,No,No,51,Yes,No,No,No internet service,No internet service,No internet service,No internet service,No internet service,No internet service,Two year,No,Bank transfer (automatic),116.91,5950.26,No
TC-06732,Male,0,No,No,38,Yes,Yes,No,No internet service,No internet service,No internet service,No internet service,No internet service,No internet service,Two year,Yes,Electronic check,39.92,1483.65,No
TC-06733,Male,1,Yes,No,30,Yes,Yes,Fiber optic,Yes,No,No,No,No,No,Month-to-month,Yes,Credit card (automatic),85.26,2587.54,No
TC-06734,Female,0,No,Yes,13,Yes,No,DSL,No,Yes,No,Yes,Yes,No,Month-to-month,No,Mailed check,98.26,1198.08,No
TC-06735,Male,0,Yes,No,63,Yes,No,No,No internet service,No internet service,No internet service,No internet service,No internet service,No internet service,Two year,Yes,Credit card (automatic),76.58,4803.79,No
TC-06736,Female,1,Yes,Yes,43,Yes,No,DSL,Yes,Yes,No,Yes,Yes,Yes,Two year,Yes,Credit card (automatic),47.03,2036.06,No
TC-06737,Female,0,No,No,59,Yes,Yes,DSL,Yes,No,Yes,Yes,No,Yes,One year,No,Electronic check,74.13,4366.18,No
TC-06738,Male,0,No,No,1,Yes,Yes,Fiber optic,Yes,Yes,No,No,No,Yes,One year,Yes,Mailed check,68.47,14.91,No
TC-06739,Female,0,Yes,No,31,Yes,No,Fiber optic,Yes,No,Yes,No,Yes,No,Two year,Yes,Mailed check,37.01,1151.83,No
TC-06740,Female,0,Yes,No,35,Yes,No,Fiber optic,No,Yes,Yes,Yes,No,No,Month-to-month,Yes,Credit card (automatic),94.32,3251.26,Yes
TC-06741,Male,0,No,No,54,Yes,No,Fiber optic,No,Yes,No,No,Yes,Yes,Month-to-month,Yes,Credit card (automatic),44.72,2427.92,Yes
TC-06742,Male,0,Yes,Yes,62,Yes,No,No,No internet service,No internet service,No internet service,No internet service,No internet service,No internet service,One year,No,Mailed check,101.21,6255.45,No
TC-06743,Female,1,No,No,68,Yes,No,No,No internet service,No internet service,No internet service,No internet service,No internet service,No internet service,Month-to-month,Yes,Bank transfer (automatic),39.43,2674.32,No
TC-06744,Male,0,Yes,No,39,Yes,Yes,Fiber optic,Yes,No,No,No,No,No,Month-to-month,No,Mailed check,68.23,2619.87,No
TC-06745,Female,1,No,No,23,Yes,No,Fiber optic,No,Yes,Yes,No,No,Yes,Two year,Yes,Mailed check,87.52,2051.65,Yes
TC-06746,Female,1,Yes,No,57,Yes,Yes,Fiber optic,No,Yes,Yes,No,No,Yes,Two year,No,Bank transfer (automatic),117.58,6694.76,No
TC-06747,Male,0,No,No,27,Yes,No,DSL,Yes,Yes,No,No,No,Yes,Month-to-month,Yes,Bank transfer (automatic),45.1,1180.8,Yes
TC-06748,Male,0,No,No,61,Yes,Yes,Fiber optic,No,Yes,Yes,Yes,No,Yes,Month-to-month,Yes,Credit card (automatic),81.56,4969.12,Yes
TC-06749,Male,0,Yes,Yes,24,Yes,Yes,No,No internet service,No internet service,No internet service,No internet service,No internet service,No internet service,Two year,Yes,Electronic check,33.34,886.9,No
TC-06750,Male,0,No,No,6,Yes,No,No,No internet service,No internet service,No internet service,No internet service,No internet service,No internet service,Month-to-month,Yes,Bank transfer (automatic),99.96,616.5,No
TC-06751,Female,0,Yes,No,37,Yes,Yes,Fiber optic,No,No,Yes,No,Yes,Yes,Month-to-month,No,Electronic check,104.14,3906.97,Yes
TC-06752,Female,0,Yes,No,70,Yes,Yes,No,No internet service,No internet service,No internet service,No internet service,No internet service,No internet service,Month-to-month,No,Credit card (automatic),106.8,7395.42,No
TC-06753,Male,0,Yes,No,44,Yes,No,No,No internet service,No internet service,No internet service,No internet service,No internet service,No internet service,Month-to-month,No,Bank transfer (automatic),112.55,4942.33,Yes
TC-06754,Male,0,Yes,No,31,No,No phone service,No,No internet service,No internet service,No internet service,No internet service,No internet service,No internet service,Month-to-month,No,Credit card (automatic),53.57,1610.67,Yes
TC-06755,Female,0,No,Yes,31,Yes,Yes,No,No internet service,No internet service,No internet service,No internet service,No internet service,No internet service,One year,Yes,Credit card (automatic),84.64,2597.87,No
TC-06756,Female,0,Yes,No,0,Yes,Yes,No,No internet service,No internet service,No internet service,No internet service,No internet service,No internet service,Month-to-month,Yes,Electronic check,49.57,49.57,No
TC-06757,Female,0,Yes,Yes,44,Yes,No,DSL,No,No,Yes,No,Yes,No,Month-to-month,No,Mailed check,98.38,4393.19,No
TC-06758,Female,0,Yes,No,63,Yes,No,No,No internet service,No internet service,No internet service,No internet service,No internet service,No internet service,Month-to-month,Yes,Credit card (automatic),59.56,3788.13,No
TC-06759,Male,0,No,No,67,No,No phone service,Fiber optic,Yes,Yes,Yes,No,No,No,Two year,Yes,Bank transfer (automatic),73.49,4886.06,No
TC-06760,Female,1,Yes,No,6,Yes,Yes,Fiber optic,Yes,No,No,Yes,No,Yes,Month-to-month,No,Electronic check,31.3,164.57,No
TC-06761,Female,0,No,No,37,Yes,No,No,No internet service,No internet service,No internet service,No internet service,No internet service,No internet service,Two year,No,Mailed check,103.05,3830.99,No
TC-06762,Male,0,No,Yes,69,Yes,No,DSL,Yes,Yes,No,No,No,No,Month-to-month,Yes,Mailed check,66.29,4618.54,No
TC-06763,Female,0,Yes,No,52,Yes,Yes,DSL,Yes,Yes,Yes,No,No,No,Month-to-month,Yes,Electronic check,82.05,4318.65,No
TC-06764,Female,1,No,Yes,29,Yes,Yes,Fiber optic,Yes,No,No,Yes,Yes,Yes,Two year,Yes,Mailed check,84.93,2494.73,No
TC-06765,Male,0,Yes,Yes,21,Yes,Yes,No,No internet service,No internet service,No internet service,No internet service,No internet service,No internet service,Month-to-month,Yes,Electronic check,45.43,1044.74,Yes
TC-06766,Male,0,No,No,57,Yes,No,No,No internet service,No internet service,No internet service,No internet service,No internet service,No internet service,Month-to-month,Yes,Mailed check,97.5,5578.84,No
TC-06767,Male,1,No,Yes,54,Yes,Yes,No,No internet service,No internet service,No internet service,No internet service,No internet service,No internet service,One year,No,Mailed check,101.3,5447.96,No
TC-06768,Female,0,Yes,No,45,Yes,Yes,No,No internet service,No internet service,No internet service,No internet service,No internet service,No internet service,Month-to-month,Yes,Credit card (automatic),69.58,3090.36,No
TC-06769,Female,0,No,No,25,Yes,Yes,No,No internet service,No internet service,No internet service,No internet service,No internet service,No internet service,Month-to-month,Yes,Bank transfer (automatic),108.24,2652.02,No
TC-06770,Male,0,Yes,No,63,Yes,No,DSL,No,Yes,Yes,No,No,No,Month-to-month,Yes,Mailed check,34.09,2087.18,No
TC-06771,Male,1,No,No,8,Yes,Yes,Fiber optic,Yes,No,No,No,No,Yes,One year,No,Mailed check,59.44,509.25,No
TC-06772,Female,0,Yes,No,14,Yes,Yes,DSL,Yes,No,Yes,No,No,Yes,One year,No,Bank transfer (automatic),22.43,393.56,No
TC-06773,Male,0,Yes,No,18,Yes,Yes,DSL,No,Yes,No,No,Yes,Yes,Month-to-month,No,Bank transfer (automatic),57.86,1046.72,Yes
TC-06774,Male,0,Yes,No,15,Yes,No,No,No internet service,No internet service,No internet service,No internet service,No internet service,No internet service,Month-to-month,Yes,Bank transfer (automatic),117.7,1856.9,Yes
TC-06775,Male,0,Yes,Yes,24,Yes,Yes,Fiber optic,No,Yes,Yes,Yes,Yes,No,Two year,No,Mailed check,64.32,1545.06,No
TC-06776,Female,0,No,No,50,Yes,Yes,No,No internet service,No internet service,No internet service,No internet service,No internet service,No internet service,Month-to-month,Yes,Credit card (automatic),59.92,3026.34,No
TC-06777,Female,0,Yes,No,45,Yes,No,Fiber optic,Yes,No,No,No,Yes,Yes,Two year,Yes,Credit card (automatic),86.78,3825.98,No
TC-06778,Female,0,Yes,No,6,Yes,Yes,Fiber optic,Yes,Yes,No,No,No,No,Month-to-month,Yes,Bank transfer (automatic),22.86,177.77,No
TC-06779,Female,0,Yes,Yes,33,Yes,No,Fiber optic,No,No,No,No,Yes,No,Two year,Yes,Electronic check,53.38,1729.68,Yes
TC-06780,Female,0,Yes,Yes,57,Yes,No,No,No internet service,No internet service,No internet service,No internet service,No internet service,No internet service,Month-to-month,Yes,Mailed check,71.31,4106.2,No
TC-06781,Female,0,No,No,22,Yes,No,Fiber optic,Yes,Yes,No,Yes,No,No,One year,No,Credit card (automatic),66.41,1525.18,No
TC-06782,Male,0,Yes,No,22,No,No phone service,DSL,No,No,Yes,No,Yes,Yes,Month-to-month,Yes,Electronic check,82.25,1824.74,Yes
TC-06783,Female,0,No,No,16,Yes,No,No,No internet service,No internet service,No internet service,No internet service,No internet service,No internet service,One year,Yes,Electronic check,31.89,531.9,No
TC-06784,Female,0,Yes,No,12,Yes,No,Fiber optic,No,No,No,Yes,No,Yes,Month-to-month,Yes,Electronic check,58.26,705.05,No
TC-06785,Male,0,Yes,No,26,Yes,Yes,DSL,No,No,Yes,No,No,No,Month-to-month,Yes,Credit card (automatic),81.36,2147.34,Yes
TC-06786,Female,0,Yes,No,65,Yes,No,Fiber optic,Yes,Yes,Yes,No,Yes,No,One year,Yes,Mailed check,48.17,3224.71,No
TC-06787,Female,0,Yes,Yes,29,Yes,Yes,DSL,No,No,Yes,No,No,Yes,Month-to-month,Yes,Mailed check,79.29,2299.98,Yes
TC-06788,Male,0,Yes,No,3,Yes,No,No,No internet service,No internet service,No internet service,No internet service,No internet service,No internet service,Month-to-month,No,Electronic check,113.83,349.73,No
TC-06789,Male,0,Yes,Yes,66,Yes,Yes,Fiber optic,Yes,No,No,Yes,No,No,Two year,No,Mailed check,111.04,7239.72,No
TC-06790,Male,0,No,No,13,Yes,Yes,No,No internet service,No internet service,No internet service,No internet service,No internet service,No internet service,Two year,Yes,Mailed check,90.55,1198.25,No
TC-06791,Female,1,No,No,10,Yes,No,DSL,No,Yes,Yes,No,Yes,No,Two year,Yes,Credit card (automatic),35.76,318.54,Yes
TC-06792,Male,0,Yes,No,39,Yes,Yes,No,No internet service,No internet service,No internet service,No internet service,No internet service,No internet service,Month-to-month,No,Electronic check,96.42,3750.49,No
TC-06793,Female,0,Yes,No,2,Yes,Yes,Fiber optic,No,No,Yes,No,No,Yes,Month-to-month,Yes,Mailed check,62.67,149.21,No
TC-06794,Female,1,Yes,Yes,0,Yes,No,DSL,Yes,No,No,Yes,No,No,Month-to-month,No,Bank transfer (automatic),113.17,113.17,No
TC-06795,Female,0,No,No,8,Yes,Yes,DSL,No,No,No,Yes,Yes,Yes,One year,Yes,Mailed check,79.14,656.4,No
TC-06796,Female,0,Yes,No,0,Yes,Yes,DSL,No,No,No,No,No,Yes,Month-to-month,No,Mailed check,39.76,39.76,No
TC-06797,Male,0,No,No,15,Yes,No,Fiber optic,Yes,No,Yes,No,No,Yes,Month-to-month,No,Electronic check,49.24,773.76,No
TC-06798,Male,0,No,No,71,Yes,Yes,DSL,No,No,No,Yes,Yes,No,Month-to-month,No,Mailed check,49.91,3511.69,No
TC-06799,Female,0,No,No,45,Yes,Yes,Fiber optic,No,Yes,Yes,No,No,No,Two year,No,Electronic check,45.63,2108.98,No
TC-06800,Male,0,No,Yes,9,Yes,No,Fiber optic,Yes,Yes,No,Yes,Yes,Yes,Month-to-month,Yes,Credit card (automatic),95.18,871.86,No
TC-06801,Female,0,No,No,32,Yes,Yes,Fiber optic,No,Yes,Yes,No,No,No,Month-to-month,Yes,Bank transfer (automatic),51.67,1617.92,Yes
TC-06802,Female,0,Yes,Yes,40,Yes,Yes,No,No internet service,No internet service,No internet service,No internet service,No internet service,No internet service,One year,No,Credit card (automatic),37.56,1433.93,No
TC-06803,Female,0,No,No,50,Yes,No,Fiber optic,No,Yes,No,No,No,Yes,Month-to-month,No,Credit card (automatic),77.61,3853.43,Yes
TC-06804,Male,1,No,No,21,Yes,Yes,DSL,Yes,No,Yes,No,Yes,No,Month-to-month,Yes,Credit card (automatic),64.48,1397.62,Yes
TC-06805,Female,0,Yes,No,15,Yes,No,Fiber optic,Yes,No,Yes,No,Yes,No,One year,Yes,Bank transfer (automatic),20.22,325.58,Yes
TC-06806,Female,0,Yes,No,61,Yes,No,DSL,No,Yes,Yes,Yes,No,Yes,One year,Yes,Electronic check,45.91,2693.23,No
TC-06807,Male,0,No,Yes,52,Yes,Yes,Fiber optic,Yes,No,Yes,No,Yes,No,Month-to-month,Yes,Electronic check,21.82,1117.99,No
TC-06808,Male,0,Yes,No,13,Yes,Yes,Fiber optic,No,Yes,No,No,No,Yes,Month-to-month,Yes,Electronic check,94.7,1237.37,Yes
TC-06809,Male,0,Yes,Yes,58,Yes,No,DSL,No,Yes,Yes,Yes,No,No,Month-to-month,No,Bank transfer (automatic),113.1,6655.27,Yes
TC-06810,Male,0,Yes,Yes,25,Yes,No,Fiber optic,No,Yes,No,No,No,No,Month-to-month,Yes,Bank transfer (automatic),68.02,1764.89,Yes
TC-06811,Female,0,No,No,43,Yes,No,DSL,No,Yes,No,Yes,No,No,One year,Yes,Electronic check,73.82,3165.33,No
TC-06812,Male,0,No,Yes,19,Yes,No,Fiber optic,No,No,No,No,Yes,No,Two year,No,Electronic check,102.51,1956.75,No
TC-06813,Female,0,Yes,Yes,4,Yes,Yes,No,No internet service,No internet service,No internet service,No internet service,No internet service,No internet service,Month-to-month,Yes,Electronic check,19.9,11.47,No
TC-06814,Male,0,Yes,No,64,Yes,No,Fiber optic,No,Yes,Yes,Yes,No,Yes,One year,No,Mailed check,34.23,2059.38,No
TC-06815,Male,1,No,No,10,Yes,Yes,No,No internet service,No internet service,No internet service,No internet service,No internet service,No internet service,Month-to-month,Yes,Mailed check,83.44,814.55,No
TC-06816,Male,1,No,Yes,46,Yes,Yes,No,No internet service,No internet service,No internet service,No internet service,No internet service,No internet service,Month-to-month,Yes,Mailed check,92.17,4289.98,No
TC-06817,Male,0,Yes,No,9,Yes,Yes,DSL,No,No,Yes,Yes,No,No,Month-to-month,No,Mailed check,80.62,734.63,No
TC-06818,Male,0,No,No,60,Yes,Yes,Fiber optic,Yes,Yes,Yes,Yes,Yes,Yes,Month-to-month,Yes,Mailed check,111.92,6677.75,No
TC-06819,Male,0,No,No,44,Yes,Yes,DSL,Yes,Yes,Yes,Yes,Yes,Yes,Two year,Yes,Mailed check,57.24,2564.18,No
TC-06820,Female,0,Yes,No,46,Yes,Yes,Fiber optic,Yes,No,Yes,Yes,No,Yes,Month-to-month,Yes,Electronic check,73.51,3471.13,No
TC-06821,Male,1,Yes,No,33,Yes,Yes,Fiber optic,Yes,Yes,No,Yes,Yes,No,Month-to-month,Yes,Credit card (automatic),113.64,3675.67,Yes
TC-06822,Male,0,No,No,12,Yes,Yes,Fiber optic,No,Yes,No,No,Yes,Yes,One year,No,Bank transfer (automatic),107.96,1292.89,Yes
TC-06823,Male,0,No,No,22,Yes,No,DSL,No,No,Yes,No,No,Yes,Month-to-month,Yes,Mailed check,21.08,437.12,No
TC-06824,Male,1,No,Yes,35,Yes,Yes,DSL,Yes,Yes,No,Yes,No,Yes,Month-to-month,No,Credit card (automatic),53.21,1864.57,No
TC-06825,Female,1,Yes,No,62,Yes,Yes,Fiber optic,Yes,Yes,Yes,Yes,Yes,No,Two year,No,Mailed check,91.9,5674.99,No
TC-06826,Male,0,Yes,No,46,Yes,Yes,Fiber optic,Yes,No,Yes,Yes,No,No,Month-to-month,Yes,Credit card (automatic),18.09,971.73,No
TC-06827,Male,0,Yes,No,65,Yes,No,DSL,No,Yes,Yes,No,No,Yes,Month-to-month,Yes,Electronic check,104.3,6773.53,No
TC-06828,Male,0,Yes,Yes,13,Yes,Yes,Fiber optic,No,No,No,No,Yes,No,Month-to-month,Yes,Bank transfer (automatic),68.21,901.74,No
TC-06829,Male,0,No,No,52,Yes,Yes,Fiber optic,No,No,Yes,Yes,No,No,Month-to-month,No,Mailed check,26.66,1394.7,Yes
TC-06830,Female,0,Yes,No,65,Yes,Yes,Fiber optic,No,Yes,No,Yes,Yes,Yes,Two year,Yes,Bank transfer (automatic),62.25,3983.59,No
TC-06831,Male,0,Yes,No,48,Yes,Yes,DSL,No,No,No,Yes,Yes,No,Month-to-month,Yes,Electronic check,67.26,3238.66,No
TC-06832,Female,0,No,No,15,Yes,No,No,No internet service,No internet service,No internet service,No internet service,No internet service,No internet service,Two year,No,Mailed check,54.69,746.75,No
TC-06833,Male,0,Yes,No,67,Yes,No,Fiber optic,No,No,No,No,No,Yes,Two year,Yes,Bank transfer (automatic),63.43,4339.97,No
TC-06834,Female,0,No,Yes,42,Yes,Yes,Fiber optic,Yes,Yes,No,Yes,No,Yes,Month-to-month,No,Bank transfer (automatic),107.14,4545.04,Yes
TC-06835,Female,0,Yes,No,64,Yes,Yes,No,No internet service,No internet service,No internet service,No internet service,No internet service,No internet service,Two year,Yes,Mailed check,50.41,3197.4,No
TC-06836,Male,0,No,No,8,Yes,No,DSL,Yes,No,Yes,No,Yes,No,Month-to-month,Yes,Electronic check,114.09,904.37,No
TC-06837,Male,0,No,Yes,20,Yes,No,Fiber optic,Yes,No,Yes,Yes,No,Yes,Month-to-month,Yes,Bank transfer (automatic),86.7,1785.31,Yes
TC-06838,Female,0,No,No,42,No,No phone service,Fiber optic,No,Yes,Yes,Yes,No,Yes,Month-to-month,No,Mailed check,107.6,4532.84,No
TC-06839,Female,0,Yes,No,65,Yes,No,DSL,No,Yes,Yes,Yes,Yes,No,Two year,Yes,Mailed check,38.9,2445.92,No
TC-06840,Male,0,No,No,3,No,No phone service,Fiber optic,No,Yes,No,Yes,Yes,No,Month-to-month,Yes,Bank transfer (automatic),67.18,209.95,No
TC-06841,Female,0,Yes,No,6,Yes,No,DSL,No,Yes,No,No,Yes,No,Two year,Yes,Bank transfer (automatic),74.54,501.51,No
TC-06842,Female,0,Yes,Yes,57,Yes,Yes,Fiber optic,No,No,No,No,No,No,Month-to-month,Yes,Bank transfer (automatic),26.53,1395.52,No
TC-06843,Female,0,Yes,Yes,3,Yes,Yes,Fiber optic,Yes,No,No,No,No,No,Month-to-month,No,Mailed check,67.36,208.98,Yes
TC-06844,Male,0,Yes,Yes,19,Yes,No,Fiber optic,No,Yes,No,Yes,No,No,Month-to-month,No,Mailed check,104.1,1936.12,Yes
TC-06845,Female,0,Yes,No,34,Yes,No,No,No internet service,No internet service,No internet service,No internet service,No internet service,No internet service,One year,Yes,Electronic check,23.22,852.85,No
TC-06846,Female,0,Yes,No,58,Yes,No,No,No internet service,No internet service,No internet service,No internet service,No internet service,No internet service,Two year,No,Credit card (automatic),82.23,4746.69,No
TC-06847,Female,0,No,No,44,Yes,Yes,Fiber optic,Yes,No,Yes,Yes,No,No,Two year,Yes,Credit card (automatic),116.88,5114.94,No
TC-06848,Male,0,No,No,13,Yes,No,DSL,Yes,Yes,No,Yes,Yes,Yes,Two year,Yes,Credit card (automatic),70.74,961.01,No
TC-06849,Male,0,Yes,Yes,21,No,No phone service,No,No internet service,No internet service,No internet service,No internet service,No internet service,No internet service,Month-to-month,No,Bank transfer (automatic),48.34,970.26,No
TC-06850,Female,1,Yes,Yes,47,Yes,Yes,Fiber optic,Yes,No,No,Yes,No,Yes,Two year,Yes,Electronic check,76.49,3599.22,No
TC-06851,Male,0,Yes,No,29,Yes,No,Fiber optic,Yes,Yes,Yes,Yes,Yes,No,One year,No,Credit card (automatic),72.14,2106.12,No
TC-06852,Female,0,Yes,Yes,28,Yes,No,Fiber optic,Yes,Yes,No,Yes,Yes,Yes,Month-to-month,No,Electronic check,28.52,788.86,No
TC-06853,Male,0,Yes,Yes,35,Yes,Yes,DSL,Yes,No,Yes,No,No,No,Month-to-month,No,Electronic check,39.43,1314.86,No
TC-06854,Male,0,No,No,41,Yes,Yes,Fiber optic,No,Yes,No,No,No,Yes,Month-to-month,Yes,Credit card (automatic),84.94,3438.96,No
TC-06855,Female,0,No,No,28,Yes,Yes,DSL,No,Yes,No,Yes,No,No,Month-to-month,No,Credit card (automatic),77.26,2156.75,No
TC-06856,Male,0,Yes,No,6,Yes,No,Fiber optic,Yes,No,Yes,No,Yes,No,Month-to-month,No,Credit card (automatic),52.43,219.88,Yes
TC-06857,Male,0,Yes,No,31,Yes,No,Fiber optic,Yes,Yes,Yes,No,No,Yes,One year,Yes,Bank transfer (automatic),115.85,3595.62,No
TC-06858,Male,0,No,No,12,Yes,No,No,No internet service,No internet service,No internet service,No internet service,No internet service,No internet service,Month-to-month,No,Electronic check,82.48,976.6,Yes
TC-06859,Female,0,Yes,No,12,Yes,Yes,Fiber optic,Yes,No,No,Yes,No,No,One year,Yes,Electronic check,41.08,521.57,No
TC-06860,Male,1,Yes,Yes,53,Yes,No,Fiber optic,Yes,No,No,No,Yes,No,Month-to-month,Yes,Mailed check,65.12,3483.84,No
TC-06861,Male,0,Yes,No,13,Yes,No,DSL,Yes,Yes,No,Yes,No,No,Two year,No,Bank transfer (automatic),89.16,1102.96,No
TC-06862,Female,0,No,Yes,5,Yes,No,Fiber optic,No,No,Yes,No,Yes,No,Month-to-month,Yes,Mailed check,85.2,400.03,Yes
TC-06863,Male,0,No,Yes,15,Yes,Yes,Fiber optic,Yes,No,No,No,Yes,No,Two year,Yes,Electronic check,42.63,593.06,No
TC-06864,Male,0,Yes,Yes,40,Yes,No,DSL,No,Yes,Yes,No,Yes,No,Month-to-month,Yes,Credit card (automatic),82.78,3284.88,No
TC-06865,Male,0,No,No,51,Yes,No,Fiber optic,No,Yes,Yes,Yes,Yes,No,Month-to-month,No,Mailed check,51.29,2603.19,No
TC-06866,Male,0,No,No,15,Yes,No,Fiber optic,No,Yes,No,Yes,No,No,Two year,Yes,Electronic check,63.75,1012.24,No
TC-06867,Male,0,Yes,No,4,Yes,No,Fiber optic,Yes,No,Yes,No,Yes,Yes,Month-to-month,No,Credit card (automatic),84.91,309.84,Yes
TC-06868,Female,0,No,No,23,Yes,No,No,No internet service,No internet service,No internet service,No internet service,No internet service,No internet service,Two year,No,Mailed check,76.1,1794.63,No
TC-06869,Female,0,No,No,42,Yes,Yes,DSL,No,Yes,No,No,No,Yes,Two year,Yes,Bank transfer (automatic),89.27,3762.35,No
TC-06870,Male,0,No,No,64,Yes,Yes,Fiber optic,No,No,Yes,No,Yes,No,Month-to-month,Yes,Electronic check,56.18,3664.81,Yes
TC-06871,Male,0,No,No,9,Yes,Yes,Fiber optic,Yes,No,Yes,No,Yes,No,Month-to-month,No,Bank transfer (automatic),93.2,821.13,Yes
TC-06872,Male,0,No,No,58,Yes,Yes,DSL,Yes,No,No,No,Yes,Yes,Month-to-month,Yes,Bank transfer (automatic),19.57,1094.39,No
TC-06873,Female,1,No,No,34,Yes,Yes,No,No internet service,No internet service,No internet service,No internet service,No internet service,No internet service,Two year,Yes,Electronic check,36.8,1258.4,No
TC-06874,Female,1,Yes,No,30,Yes,No,No,No internet service,No internet service,No internet service,No internet service,No internet service,No internet service,Month-to-month,No,Bank transfer (automatic),115.32,3379.24,No
TC-06875,Male,0,Yes,No,10,Yes,Yes,Fiber optic,Yes,Yes,Yes,Yes,Yes,No,Two year,Yes,Electronic check,26.67,274.58,No
TC-06876,Male,0,Yes,Yes,8,Yes,Yes,No,No internet service,No internet service,No internet service,No internet service,No internet service,No internet service,One year,No,Electronic check,84.19,701.81,No
TC-06877,Female,0,No,No,65,Yes,No,DSL,Yes,Yes,No,No,Yes,Yes,One year,Yes,Credit card (automatic),109.68,7184.12,No
TC-06878,Male,0,Yes,No,43,Yes,Yes,DSL,No,No,No,Yes,No,Yes,Month-to-month,Yes,Mailed check,103.95,4490.15,No
TC-06879,Female,0,No,No,15,Yes,Yes,DSL,No,No,Yes,Yes,Yes,Yes,Month-to-month,Yes,Electronic check,109.28,1632.06,No
TC-06880,Female,1,No,No,47,Yes,Yes,Fiber optic,No,Yes,No,Yes,Yes,No,Month-to-month,Yes,Mailed check,116.39,5567.38,No
TC-06881,Male,0,Yes,No,52,Yes,Yes,Fiber optic,No,No,No,Yes,Yes,No,Month-to-month,No,Electronic check,53.73,2793.49,Yes
TC-06882,Female,0,No,No,64,Yes,No,No,No internet service,No internet service,No internet service,No internet service,No internet service,No internet service,Two year,Yes,Bank transfer (automatic),51.02,3212.35,No
TC-06883,Male,0,Yes,No,47,Yes,No,Fiber optic,No,No,Yes,Yes,No,No,Month-to-month,Yes,Mailed check,30.09,1412.51,No
TC-06884,Male,0,No,No,69,Yes,Yes,DSL,No,No,Yes,Yes,Yes,Yes,Month-to-month,No,Electronic check,38.15,2565.14,No
TC-06885,Male,0,Yes,No,45,Yes,Yes,No,No internet service,No internet service,No internet service,No internet service,No internet service,No internet service,Month-to-month,No,Electronic check,83.29,3686.36,No
TC-06886,Male,0,Yes,No,32,Yes,No,Fiber optic,Yes,Yes,No,No,Yes,No,Two year,No,Credit card (automatic),51.11,1647.6,No
TC-06887,Male,0,Yes,Yes,51,Yes,Yes,No,No internet service,No internet service,No internet service,No internet service,No internet service,No internet service,One year,Yes,Bank transfer (automatic),52.11,2591.32,No
TC-06888,Male,0,Yes,No,54,Yes,No,Fiber optic,Yes,No,No,No,Yes,No,Month-to-month,No,Electronic check,82.59,4429.03,No
TC-06889,Female,1,No,Yes,50,Yes,No,DSL,Yes,No,No,Yes,Yes,No,Month-to-month,No,Bank transfer (automatic),28.46,1364.57,No
TC-06890,Female,0,Yes,No,39,Yes,Yes,No,No internet service,No internet service,No internet service,No internet service,No internet service,No internet service,Month-to-month,No,Mailed check,23.59,927.02,No
TC-06891,Female,1,No,Yes,24,Yes,Yes,No,No internet service,No internet service,No internet service,No internet service,No internet service,No internet service,One year,No,Bank transfer (automatic),98.28,2323.13,Yes
TC-06892,Female,0,Yes,No,62,Yes,Yes,Fiber optic,Yes,Yes,No,No,No,Yes,Month-to-month,Yes,Electronic check,96.98,6039.37,No
TC-06893,Male,0,Yes,Yes,21,Yes,Yes,DSL,No,Yes,No,Yes,No,Yes,Two year,Yes,Bank transfer (automatic),56.51,1209.28,No
TC-06894,Female,0,Yes,Yes,37,Yes,Yes,DSL,Yes,Yes,No,Yes,Yes,No,One year,Yes,Credit card (automatic),77.31,2795.25,No
TC-06895,Female,0,No,No,8,Yes,Yes,Fiber optic,Yes,Yes,Yes,Yes,Yes,Yes,Two year,Yes,Credit card (automatic),41.81,380.52,No
TC-06896,Female,0,Yes,No,36,Yes,Yes,Fiber optic,Yes,Yes,No,Yes,No,Yes,One year,No,Bank transfer (automatic),54.76,1962.78,No
TC-06897,Male,0,Yes,Yes,4,Yes,Yes,DSL,Yes,No,No,Yes,No,Yes,Month-to-month,No,Credit card (automatic),21.64,25.34,No
TC-06898,Female,0,No,No,21,Yes,Yes,DSL,No,No,No,No,Yes,Yes,Month-to-month,No,Bank transfer (automatic),45.36,971.21,No
TC-06899,Male,0,Yes,No,11,Yes,Yes,No,No internet service,No internet service,No internet service,No internet service,No internet service,No internet service,Month-to-month,Yes,Credit card (automatic),19.64,304.07,Yes
TC-06900,Female,0,No,Yes,59,Yes,No,No,No internet service,No internet service,No internet service,No internet service,No internet service,No internet service,Two year,Yes,Electronic check,60.41,3554.37,No
TC-06901,Male,0,Yes,No,43,Yes,Yes,Fiber optic,Yes,Yes,No,Yes,Yes,No,Month-to-month,No,Electronic check,69.97,2926.3,No
TC-06902,Male,0,Yes,No,21,Yes,Yes,DSL,No,Yes,No,No,No,No,One year,Yes,Bank transfer (automatic),67.53,1464.27,Yes
TC-06903,Female,0,Yes,No,5,Yes,No,DSL,Yes,Yes,Yes,No,No,Yes,One year,Yes,Mailed check,52.07,339.12,No
TC-06904,Male,0,No,No,26,Yes,No,No,No internet service,No internet service,No internet service,No internet service,No internet service,No internet service,One year,Yes,Electronic check,38.69,951.93,No
TC-06905,Male,0,Yes,No,54,Yes,Yes,Fiber optic,No,Yes,No,No,Yes,No,Month-to-month,No,Mailed check,63.43,3385.43,No
TC-06906,Female,0,Yes,Yes,14,No,No phone service,Fiber optic,Yes,Yes,No,Yes,No,Yes,Two year,No,Electronic check,104.99,1471.63,No
TC-06907,Female,1,Yes,No,63,Yes,Yes,DSL,No,Yes,Yes,No,Yes,Yes,Two year,Yes,Bank transfer (automatic),116.32,7231.46,No
TC-06908,Female,0,No,Yes,16,Yes,No,DSL,Yes,No,No,No,Yes,No,One year,Yes,Bank transfer (automatic),49.27,892.4,No
TC-06909,Male,0,No,No,2,Yes,No,DSL,No,Yes,No,No,No,Yes,Month-to-month,Yes,Bank transfer (automatic),115.44,228.34,No
TC-06910,Male,1,No,Yes,9,Yes,No,Fiber optic,No,Yes,Yes,Yes,Yes,No,Two year,No,Mailed check,61.46,555.2,No
TC-06911,Male,1,No,No,62,Yes,Yes,Fiber optic,Yes,No,Yes,Yes,Yes,No,One year,No,Mailed check,79.33,4936.33,No
TC-06912,Female,0,No,No,62,Yes,No,DSL,No,Yes,No,Yes,No,Yes,One year,Yes,Mailed check,98.37,6086.03,No
TC-06913,Male,1,No,No,61,Yes,No,No,No internet service,No internet service,No internet service,No internet service,No internet service,No internet service,Two year,Yes,Bank transfer (automatic),53.94,3264.57,No
TC-06914,Male,0,Yes,No,8,Yes,No,Fiber optic,No,Yes,No,Yes,Yes,Yes,One year,No,Bank transfer (automatic),38.83,263.57,No
TC-06915,Male,0,Yes,No,23,Yes,No,Fiber optic,Yes,No,Yes,Yes,Yes,Yes,Two year,No,Credit card (automatic),45.31,983.22,Yes
TC-06916,Male,0,Yes,No,31,Yes,No,Fiber optic,No,No,Yes,No,Yes,No,Two year,No,Electronic check,101.86,3177.98,No
TC-06917,Male,0,Yes,No,2,Yes,No,DSL,No,Yes,No,Yes,Yes,No,Month-to-month,Yes,Bank transfer (automatic),111.45,290.53,No
TC-06918,Male,0,Yes,Yes,32,Yes,Yes,DSL,Yes,No,Yes,Yes,No,No,Month-to-month,Yes,Mailed check,30.85,1034.7,No
TC-06919,Male,0,No,Yes,42,Yes,Yes,Fiber optic,No,No,Yes,No,Yes,No,Month-to-month,No,Credit card (automatic),87.45,3658.44,No
TC-06920,Female,1,No,No,11,Yes,Yes,DSL,Yes,No,No,Yes,Yes,Yes,Two year,No,Electronic check,21.49,226.76,No
TC-06921,Female,0,No,No,31,Yes,No,Fiber optic,Yes,No,No,Yes,No,No,Month-to-month,No,Mailed check,105.5,3351.41,Yes
TC-06922,Female,0,Yes,Yes,19,Yes,No,Fiber optic,Yes,Yes,No,Yes,No,No,One year,No,Bank transfer (automatic),103.68,1929.98,No
TC-06923,Male,0,No,Yes,66,Yes,No,No,No internet service,No internet service,No internet service,No internet service,No internet service,No internet service,Month-to-month,Yes,Credit card (automatic),95.46,6216.94,Yes
TC-06924,Male,0,Yes,Yes,67,Yes,Yes,Fiber optic,Yes,No,Yes,No,Yes,No,Two year,No,Mailed check,100.44,6742.05,No
TC-06925,Female,0,No,No,16,Yes,No,Fiber optic,Yes,Yes,No,No,No,Yes,One year,Yes,Bank transfer (automatic),78.43,1297.51,No
TC-06926,Male,0,Yes,No,18,Yes,No,No,No internet service,No internet service,No internet service,No internet service,No internet service,No internet service,Month-to-month,No,Bank transfer (automatic),32.73,464.74,No
TC-06927,Female,1,No,No,3,Yes,No,Fiber optic,Yes,No,Yes,Yes,No,Yes,One year,Yes,Mailed check,109.46,348.29,Yes
TC-06928,Male,0,Yes,Yes,16,Yes,No,DSL,Yes,No,No,No,No,No,Month-to-month,Yes,Credit card (automatic),32.1,457.18,No
TC-06929,Male,0,No,Yes,63,Yes,No,Fiber optic,Yes,Yes,Yes,Yes,Yes,No,Two year,Yes,Mailed check,40.52,2481.83,No
TC-06930,Female,0,Yes,No,21,Yes,No,DSL,Yes,Yes,Yes,Yes,Yes,Yes,Month-to-month,Yes,Bank transfer (automatic),61.26,1272.0,Yes
TC-06931,Female,0,No,No,65,No,No phone service,Fiber optic,No,No,Yes,No,No,Yes,Month-to-month,Yes,Mailed check,67.8,4349.26,Yes
TC-06932,Female,1,Yes,No,41,Yes,Yes,Fiber optic,Yes,Yes,Yes,Yes,Yes,No,Month-to-month,No,Electronic check,27.63,1044.33,No
TC-06933,Female,0,Yes,Yes,44,Yes,Yes,Fiber optic,Yes,No,No,Yes,No,No,Month-to-month,No,Credit card (automatic),94.17,4148.89,Yes
TC-06934,Female,0,Yes,No,10,Yes,No,DSL,Yes,No,Yes,Yes,Yes,No,One year,Yes,Electronic check,31.73,315.08,No
TC-06935,Male,0,Yes,No,52,Yes,Yes,Fiber optic,No,Yes,No,No,No,No,One year,No,Bank transfer (automatic),83.48,4255.06,No
TC-06936,Male,0,No,No,59,Yes,No,Fiber optic,Yes,No,No,Yes,Yes,No,Month-to-month,Yes,Electronic check,63.2,3658.45,No
TC-06937,Male,0,No,No,28,Yes,No,Fiber optic,Yes,Yes,Yes,No,No,Yes,One year,No,Bank transfer (automatic),99.09,2797.77,No
TC-06938,Female,0,No,Yes,19,Yes,Yes,DSL,Yes,Yes,Yes,Yes,Yes,Yes,Month-to-month,Yes,Bank transfer (automatic),47.56,930.06,No
TC-06939,Female,0,Yes,No,4,Yes,No,No,No internet service,No internet service,No internet service,No internet service,No internet service,No internet service,Two year,Yes,Credit card (automatic),101.65,274.29,No
TC-06940,Female,0,No,No,24,Yes,Yes,DSL,Yes,Yes,Yes,No,Yes,Yes,One year,Yes,Mailed check,43.23,974.34,No
TC-06941,Female,0,Yes,No,33,No,No phone service,No,No internet service,No internet service,No internet service,No internet service,No internet service,No internet service,Month-to-month,No,Bank transfer (automatic),75.43,2485.06,No
TC-06942,Female,0,No,No,11,Yes,Yes,Fiber optic,Yes,No,No,No,Yes,No,Month-to-month,Yes,Electronic check,66.61,753.87,Yes
TC-06943,Female,0,Yes,Yes,27,Yes,No,DSL,Yes,No,Yes,No,Yes,No,Month-to-month,Yes,Mailed check,53.26,1458.56,No
TC-06944,Male,0,No,No,5,Yes,No,DSL,No,No,No,No,Yes,Yes,Month-to-month,No,Electronic check,19.18,126.05,No
TC-06945,Male,1,Yes,No,18,Yes,No,Fiber optic,No,No,Yes,Yes,No,Yes,One year,Yes,Electronic check,57.78,1004.02,No
TC-06946,Male,0,Yes,No,11,Yes,Yes,No,No internet service,No internet service,No internet service,No internet service,No internet service,No internet service,One year,Yes,Electronic check,29.84,337.13,No
TC-06947,Male,0,No,Yes,24,Yes,Yes,No,No internet service,No internet service,No internet service,No internet service,No internet service,No internet service,Month-to-month,No,Bank transfer (automatic),40.52,952.79,No
TC-06948,Male,0,No,Yes,12,Yes,Yes,DSL,No,No,Yes,No,Yes,No,Month-to-month,No,Mailed check,86.83,1013.94,No
TC-06949,Female,0,No,Yes,2,Yes,No,Fiber optic,No,Yes,No,No,No,No,Two year,Yes,Bank transfer (automatic),75.13,74.68,No
TC-06950,Female,0,Yes,Yes,23,Yes,No,DSL,Yes,Yes,Yes,No,No,Yes,Month-to-month,Yes,Mailed check,70.71,1641.2,Yes
TC-06951,Female,1,Yes,No,7,Yes,No,DSL,Yes,Yes,No,Yes,Yes,Yes,Month-to-month,Yes,Mailed check,74.4,438.34,No
TC-06952,Female,0,Yes,Yes,44,Yes,No,No,No internet service,No internet service,No internet service,No internet service,No internet service,No internet service,Two year,Yes,Mailed check,30.01,1261.91,No
TC-06953,Female,0,No,No,71,Yes,Yes,No,No internet service,No internet service,No internet service,No internet service,No internet service,No internet service,One year,Yes,Credit card (automatic),34.46,2480.98,No
TC-06954,Female,0,Yes,Yes,0,Yes,No,Fiber optic,Yes,Yes,No,No,Yes,Yes,One year,No,Credit card (automatic),72.28,72.28,No
TC-06955,Male,1,No,No,2,Yes,No,DSL,Yes,No,Yes,No,No,Yes,One year,Yes,Bank transfer (automatic),58.68,169.94,No
TC-06956,Female,0,Yes,No,64,Yes,Yes,Fiber optic,No,Yes,No,Yes,Yes,Yes,Month-to-month,Yes,Credit card (automatic),64.32,4099.66,No
TC-06957,Female,0,No,No,14,Yes,No,DSL,Yes,Yes,No,Yes,No,Yes,Month-to-month,Yes,Electronic check,105.92,1455.11,Yes
TC-06958,Female,1,Yes,No,49,Yes,No,No,No internet service,No internet service,No internet service,No internet service,No internet service,No internet service,Month-to-month,Yes,Mailed check,36.52,1846.83,Yes
TC-06959,Female,0,Yes,No,19,Yes,Yes,No,No internet service,No internet service,No internet service,No internet service,No internet service,No internet service,Month-to-month,Yes,Mailed check,109.07,2052.32,No
TC-06960,Male,0,No,No,2,Yes,No,DSL,No,No,No,Yes,Yes,Yes,Month-to-month,No,Credit card (automatic),103.75,221.56,Yes
TC-06961,Male,0,Yes,No,60,Yes,Yes,DSL,No,No,No,Yes,Yes,Yes,Two year,Yes,Electronic check,108.18,6482.68,No
TC-06962,Female,0,Yes,No,14,Yes,No,No,No internet service,No internet service,No internet service,No internet service,No internet service,No internet service,One year,Yes,Electronic check,82.14,1155.97,No
TC-06963,Male,0,No,No,58,Yes,Yes,Fiber optic,No,No,Yes,No,No,Yes,Month-to-month,No,Electronic check,104.39,6043.55,No
TC-06964,Male,0,Yes,Yes,53,Yes,No,Fiber optic,Yes,Yes,Yes,No,No,No,Month-to-month,No,Credit card (automatic),117.12,6251.26,No
TC-06965,Female,0,No,No,59,Yes,Yes,DSL,No,No,No,No,Yes,No,Month-to-month,Yes,Bank transfer (automatic),65.14,3846.66,Yes
TC-06966,Female,0,No,Yes,36,Yes,No,DSL,No,Yes,Yes,Yes,No,No,Two year,Yes,Electronic check,104.18,3733.87,No
TC-06967,Female,0,Yes,No,20,Yes,No,DSL,Yes,No,No,No,Yes,Yes,Month-to-month,No,Bank transfer (automatic),108.37,2180.1,No
TC-06968,Female,0,Yes,No,22,Yes,Yes,DSL,No,No,Yes,Yes,No,Yes,Month-to-month,Yes,Mailed check,48.98,1000.16,No
TC-06969,Female,0,Yes,No,17,Yes,Yes,Fiber optic,No,Yes,Yes,No,No,Yes,Two year,No,Credit card (automatic),62.27,1109.22,No
TC-06970,Male,0,No,No,16,Yes,Yes,Fiber optic,Yes,Yes,No,No,Yes,No,Two year,Yes,Electronic check,75.37,1130.59,No
TC-06971,Female,0,Yes,No,30,Yes,No,Fiber optic,Yes,No,Yes,No,No,Yes,Month-to-month,Yes,Mailed check,52.92,1554.41,Yes
TC-06972,Female,0,No,No,63,Yes,Yes,DSL,Yes,No,Yes,No,Yes,No,Two year,No,Credit card (automatic),50.21,3140.6,No
TC-06973,Female,0,Yes,No,47,Yes,No,DSL,Yes,No,Yes,No,Yes,Yes,Month-to-month,No,Mailed check,56.07,2647.76,No
TC-06974,Male,0,Yes,No,25,Yes,Yes,Fiber optic,Yes,Yes,No,No,Yes,Yes,One year,No,Electronic check,60.39,1590.76,No
TC-06975,Female,0,No,No,21,Yes,No,Fiber optic,Yes,Yes,Yes,No,Yes,Yes,Two year,Yes,Bank transfer (automatic),43.23,959.39,No
TC-06976,Female,0,Yes,No,44,Yes,No,No,No internet service,No internet service,No internet service,No internet service,No internet service,No internet service,One year,No,Credit card (automatic),65.33,2800.91,No
TC-06977,Female,0,Yes,Yes,35,Yes,Yes,Fiber optic,Yes,No,Yes,No,No,No,Month-to-month,No,Mailed check,95.87,3311.16,No
TC-06978,Male,0,Yes,No,63,Yes,No,Fiber optic,Yes,No,No,No,Yes,Yes,One year,Yes,Mailed check,80.45,4998.38,No
TC-06979,Female,0,Yes,No,34,Yes,Yes,Fiber optic,Yes,Yes,Yes,No,No,Yes,Two year,Yes,Bank transfer (automatic),55.98,1838.32,No
TC-06980,Female,0,Yes,No,26,Yes,Yes,No,No internet service,No internet service,No internet service,No internet service,No internet service,No internet service,Month-to-month,Yes,Mailed check,33.62,844.61,Yes
TC-06981,Female,0,No,No,67,Yes,Yes,DSL,No,Yes,Yes,No,Yes,No,One year,No,Electronic check,100.4,6792.29,No
TC-06982,Male,0,Yes,No,16,Yes,No,No,No internet service,No internet service,No internet service,No internet service,No internet service,No internet service,Month-to-month,No,Bank transfer (automatic),69.13,1093.8,No
TC-06983,Female,0,No,No,69,Yes,No,Fiber optic,No,Yes,Yes,No,No,No,Month-to-month,Yes,Electronic check,115.12,7937.49,Yes
TC-06984,Female,0,Yes,No,10,Yes,No,No,No internet service,No internet service,No internet service,No internet service,No internet service,No internet service,Month-to-month,Yes,Electronic check,43.27,444.14,No
TC-06985,Female,0,Yes,Yes,4,Yes,No,No,No internet service,No internet service,No internet service,No internet service,No internet service,No internet service,Two year,Yes,Electronic check,35.55,95.22,No
TC-06986,Male,1,No,Yes,57,Yes,Yes,DSL,No,Yes,No,Yes,No,Yes,Month-to-month,No,Credit card (automatic),18.8,1068.06,No
TC-06987,Female,0,Yes,Yes,56,Yes,No,Fiber optic,Yes,No,Yes,Yes,No,Yes,Month-to-month,Yes,Mailed check,26.26,1482.9,Yes
TC-06988,Female,0,Yes,Yes,13,Yes,Yes,Fiber optic,No,No,Yes,No,No,Yes,Month-to-month,No,Credit card (automatic),56.54,857.98,No
TC-06989,Female,0,No,Yes,71,Yes,No,Fiber optic,No,Yes,Yes,No,Yes,No,One year,No,Mailed check,37.82,2731.42,No
TC-06990,Male,0,No,Yes,0,Yes,No,DSL,No,Yes,Yes,No,No,Yes,Two year,No,Bank transfer (automatic),21.79,21.79,No
TC-06991,Male,0,Yes,Yes,15,Yes,No,No,No internet service,No internet service,No internet service,No internet service,No internet service,No internet service,Month-to-month,No,Credit card (automatic),40.54,609.55,No
TC-06992,Female,0,No,No,25,Yes,No,No,No internet service,No internet service,No internet service,No internet service,No internet service,No internet service,Two year,Yes,Mailed check,90.88,2298.42,No
TC-06993,Male,0,No,Yes,48,Yes,Yes,Fiber optic,No,No,Yes,No,No,No,One year,Yes,Electronic check,91.57,4408.44,Yes
TC-06994,Male,0,No,No,41,Yes,No,DSL,Yes,No,No,No,No,Yes,One year,Yes,Bank transfer (automatic),32.96,1261.93,No
TC-06995,Male,0,No,No,69,Yes,Yes,No,No internet service,No internet service,No internet service,No internet service,No internet service,No internet service,Month-to-month,No,Bank transfer (automatic),111.65,7580.73,Yes
TC-06996,Female,0,Yes,No,65,Yes,Yes,Fiber optic,Yes,No,No,No,Yes,Yes,Month-to-month,Yes,Electronic check,33.9,2147.26,No
TC-06997,Female,1,Yes,No,52,Yes,No,Fiber optic,No,No,Yes,Yes,Yes,Yes,Month-to-month,No,Credit card (automatic),26.93,1462.53,Yes
TC-06998,Male,0,No,No,8,Yes,No,DSL,Yes,Yes,No,Yes,No,Yes,One year,Yes,Mailed check,34.29,254.57,No
TC-06999,Male,1,Yes,No,68,Yes,Yes,DSL,No,Yes,Yes,Yes,No,Yes,One year,Yes,Bank transfer (automatic),32.05,2218.32,No
TC-07000,Male,0,No,Yes,39,Yes,No,Fiber optic,Yes,Yes,Yes,No,No,Yes,Two year,Yes,Mailed check,81.17,3230.86,No
TC-07001,Female,1,Yes,No,55,Yes,No,DSL,Yes,Yes,Yes,No,Yes,Yes,Month-to-month,No,Bank transfer (automatic),33.63,1785.49,No
TC-07002,Female,0,Yes,No,4,Yes,Yes,Fiber optic,No,No,No,Yes,No,Yes,Month-to-month,Yes,Electronic check,81.43,399.51,No
TC-07003,Male,0,No,No,55,Yes,No,DSL,No,No,No,No,Yes,Yes,One year,No,Electronic check,45.66,2453.18,No
TC-07004,Male,0,No,No,71,No,No phone service,No,No internet service,No internet service,No internet service,No internet service,No internet service,No internet service,Month-to-month,No,Credit card (automatic),42.84,3031.32,No
TC-07005,Male,1,Yes,No,4,No,No phone service,No,No internet service,No internet service,No internet service,No internet service,No internet service,No internet service,Two year,Yes,Bank transfer (automatic),107.73,376.93,No
TC-07006,Male,0,Yes,Yes,68,Yes,Yes,DSL,No,No,Yes,No,No,No,Two year,Yes,Electronic check,39.43,2693.09,No
TC-07007,Female,0,Yes,Yes,51,Yes,Yes,DSL,Yes,Yes,Yes,No,No,Yes,Two year,Yes,Electronic check,104.46,5319.37,No
TC-07008,Male,1,No,No,32,Yes,Yes,Fiber optic,Yes,No,Yes,Yes,Yes,Yes,One year,Yes,Electronic check,48.35,1587.05,No
TC-07009,Female,0,Yes,No,21,Yes,No,Fiber optic,No,No,Yes,Yes,No,Yes,Month-to-month,Yes,Mailed check,117.12,2509.5,Yes
TC-07010,Male,0,No,Yes,14,Yes,No,DSL,No,No,No,No,Yes,No,Month-to-month,Yes,Bank transfer (automatic),116.09,1704.27,Yes
TC-07011,Male,1,No,No,64,Yes,Yes,Fiber optic,No,Yes,Yes,No,No,No,Month-to-month,Yes,Credit card (automatic),100.76,6486.23,No
TC-07012,Male,0,No,Yes,70,Yes,No,No,No internet service,No internet service,No internet service,No internet service,No internet service,No internet service,Two year,No,Mailed check,104.81,7377.44,No
TC-07013,Male,0,Yes,No,22,Yes,Yes,DSL,No,Yes,No,Yes,No,No,Month-to-month,No,Credit card (automatic),100.33,2184.85,Yes
TC-07014,Male,0,No,No,5,No,No phone service,DSL,Yes,Yes,No,Yes,No,No,Two year,Yes,Electronic check,80.96,395.9,No
TC-07015,Female,0,Yes,No,57,Yes,No,Fiber optic,Yes,Yes,No,Yes,No,Yes,Month-to-month,No,Credit card (automatic),98.9,5653.0,No
TC-07016,Male,0,No,Yes,25,Yes,Yes,No,No internet service,No internet service,No internet service,No internet service,No internet service,No internet service,Month-to-month,No,Credit card (automatic),80.83,1958.71,No
TC-07017,Male,1,Yes,No,11,Yes,No,DSL,No,No,Yes,No,No,No,One year,Yes,Electronic check,102.22,1180.58,No
TC-07018,Male,0,Yes,No,1,Yes,No,Fiber optic,No,No,Yes,Yes,Yes,No,Month-to-month,No,Bank transfer (automatic),111.56,104.87,Yes
TC-07019,Female,0,No,Yes,31,Yes,No,DSL,No,No,No,Yes,No,No,Month-to-month,Yes,Bank transfer (automatic),93.33,2902.95,No
TC-07020,Female,0,No,Yes,49,Yes,Yes,No,No internet service,No internet service,No internet service,No internet service,No internet service,No internet service,Month-to-month,No,Mailed check,114.47,5533.12,No
TC-07021,Female,0,Yes,No,60,Yes,No,Fiber optic,No,No,No,Yes,No,No,Two year,No,Credit card (automatic),62.82,3751.01,No
TC-07022,Female,0,Yes,No,10,Yes,No,Fiber optic,No,Yes,No,No,No,No,Two year,Yes,Bank transfer (automatic),110.54,1148.53,No
TC-07023,Male,0,No,Yes,67,Yes,No,No,No internet service,No internet service,No internet service,No internet service,No internet service,No internet service,Month-to-month,No,Mailed check,40.62,2742.51,No
TC-07024,Male,0,No,No,33,Yes,No,Fiber optic,Yes,No,Yes,No,Yes,No,Month-to-month,No,Mailed check,21.14,739.1,No
TC-07025,Male,0,Yes,No,7,No,No phone service,Fiber optic,Yes,Yes,No,Yes,No,No,Month-to-month,No,Bank transfer (automatic),30.81,198.8,No
TC-07026,Female,0,Yes,Yes,7,Yes,Yes,DSL,Yes,Yes,No,No,No,Yes,Month-to-month,Yes,Bank transfer (automatic),34.02,244.59,No
TC-07027,Male,0,No,No,14,Yes,No,Fiber optic,Yes,No,No,No,Yes,Yes,Month-to-month,Yes,Credit card (automatic),100.44,1400.97,No
TC-07028,Male,0,Yes,Yes,4,Yes,No,DSL,Yes,Yes,Yes,No,Yes,Yes,Two year,No,Bank transfer (automatic),58.1,265.62,No
TC-07029,Female,0,No,Yes,18,Yes,Yes,No,No internet service,No internet service,No internet service,No internet service,No internet service,No internet service,Month-to-month,Yes,Bank transfer (automatic),41.32,756.8,No
TC-07030,Female,0,No,Yes,8,Yes,No,Fiber optic,No,No,No,Yes,Yes,No,Two year,Yes,Mailed check,99.23,774.7,No
TC-07031,Female,0,No,No,56,Yes,No,No,No internet service,No internet service,No internet service,No internet service,No internet service,No internet service,One year,Yes,Bank transfer (automatic),38.21,2011.75,No
TC-07032,Male,0,No,No,53,Yes,Yes,DSL,No,No,No,Yes,Yes,No,Two year,Yes,Electronic check,25.79,1375.4,No
TC-07033,Male,0,Yes,Yes,28,Yes,Yes,DSL,Yes,Yes,Yes,Yes,No,No,One year,No,Electronic check,64.62,1725.46,No
TC-07034,Female,0,No,No,18,Yes,No,Fiber optic,Yes,No,No,No,No,Yes,One year,No,Bank transfer (automatic),24.94,483.38,No
TC-07035,Male,0,No,No,45,Yes,Yes,DSL,Yes,No,No,Yes,No,No,Month-to-month,Yes,Credit card (automatic),45.89,2106.65,No
TC-07036,Female,0,Yes,Yes,61,Yes,Yes,DSL,Yes,No,Yes,No,No,No,Month-to-month,Yes,Credit card (automatic),88.03,5255.61,No
TC-07037,Female,0,Yes,No,59,Yes,No,No,No internet service,No internet service,No internet service,No internet service,No internet service,No internet service,One year,Yes,Electronic check,55.45,3286.53,No
TC-07038,Male,0,No,No,4,Yes,No,DSL,No,No,No,Yes,No,No,Month-to-month,Yes,Credit card (automatic),26.75,120.75,No
TC-07039,Female,0,No,No,32,Yes,Yes,Fiber optic,Yes,Yes,Yes,No,Yes,No,Month-to-month,Yes,Mailed check,58.3,1884.4,No
TC-07040,Female,0,No,No,54,No,No phone service,No,No internet service,No internet service,No internet service,No internet service,No internet service,No internet service,Month-to-month,No,Electronic check,69.31,3681.13,No
TC-07041,Female,0,No,No,18,Yes,No,DSL,Yes,Yes,No,No,Yes,Yes,Month-to-month,No,Bank transfer (automatic),43.02,798.2,Yes
TC-07042,Male,1,No,No,16,Yes,Yes,Fiber optic,No,No,No,No,No,Yes,Month-to-month,No,Electronic check,35.09,498.48,No
TC-07043,Female,0,No,Yes,41,Yes,No,No,No internet service,No internet service,No internet service,No internet service,No internet service,No internet service,Two year,Yes,Electronic check,94.17,3895.48,No
